[{"id":273,"title":"Akash Network Provider Incentives Pilot 02","type":"CommunityPoolSpend","status":"PASSED","yes":62.0,"no":0.0,"veto":0.0,"abstain":6.0,"no_vote":13.0,"count":81.0,"most_vote":"yes","most_vote_ratio":0.7654320988},{"id":272,"title":"2024 Q4 Events Resourcing Proposal","type":"CommunityPoolSpend","status":"PASSED","yes":56.0,"no":0.0,"veto":0.0,"abstain":11.0,"no_vote":14.0,"count":81.0,"most_vote":"yes","most_vote_ratio":0.6913580247},{"id":271,"title":"FINAL PAYMENT FOR COMPLETED MILESTONES Revised Adding Full Akash Support  Features to the Cosmos Metamask Snap","type":"CommunityPoolSpend","status":"PASSED","yes":51.0,"no":0.0,"veto":0.0,"abstain":16.0,"no_vote":15.0,"count":82.0,"most_vote":"yes","most_vote_ratio":0.6219512195},{"id":270,"title":"Akash Payments Console 20 Funding Request","type":"CommunityPoolSpend","status":"PASSED","yes":55.0,"no":0.0,"veto":0.0,"abstain":6.0,"no_vote":15.0,"count":76.0,"most_vote":"yes","most_vote_ratio":0.7236842105},{"id":269,"title":"2024 Q4 Community Support Proposal","type":"CommunityPoolSpend","status":"PASSED","yes":58.0,"no":0.0,"veto":0.0,"abstain":5.0,"no_vote":15.0,"count":78.0,"most_vote":"yes","most_vote_ratio":0.7435897436},{"id":268,"title":"Upgrading to COSMOS v047","type":"CommunityPoolSpend","status":"PASSED","yes":73.0,"no":0.0,"veto":0.0,"abstain":0.0,"no_vote":10.0,"count":83.0,"most_vote":"yes","most_vote_ratio":0.8795180723},{"id":266,"title":"FINAL PAYMENT FOR COMPLETED MILESTONES Adding Full Akash Support  Features to the Cosmos Metamask Snap","type":"CommunityPoolSpend","status":"REJECTED","yes":8.0,"no":50.0,"veto":0.0,"abstain":9.0,"no_vote":12.0,"count":79.0,"most_vote":"no","most_vote_ratio":0.6329113924},{"id":263,"title":"Developer Onboarding Funding Proposal 2 Zealy","type":"CommunityPoolSpend","status":"PASSED","yes":66.0,"no":1.0,"veto":0.0,"abstain":9.0,"no_vote":8.0,"count":84.0,"most_vote":"yes","most_vote_ratio":0.7857142857},{"id":261,"title":"Verifiable Compute for Akash Network","type":"CommunityPoolSpend","status":"PASSED","yes":57.0,"no":7.0,"veto":0.0,"abstain":10.0,"no_vote":9.0,"count":83.0,"most_vote":"yes","most_vote_ratio":0.686746988},{"id":260,"title":"2024 Q3 Events Resourcing Proposal","type":"CommunityPoolSpend","status":"PASSED","yes":66.0,"no":0.0,"veto":0.0,"abstain":4.0,"no_vote":11.0,"count":81.0,"most_vote":"yes","most_vote_ratio":0.8148148148},{"id":259,"title":"2024 Q3 Community Support Proposal","type":"CommunityPoolSpend","status":"PASSED","yes":66.0,"no":0.0,"veto":0.0,"abstain":4.0,"no_vote":11.0,"count":81.0,"most_vote":"yes","most_vote_ratio":0.8148148148},{"id":258,"title":"Effortless Deployment from GitHubGitLabBitbucket to the Akash Network on Akash Console","type":"CommunityPoolSpend","status":"PASSED","yes":67.0,"no":0.0,"veto":0.0,"abstain":4.0,"no_vote":12.0,"count":83.0,"most_vote":"yes","most_vote_ratio":0.8072289157},{"id":255,"title":"Community Funding for Praetor Acquisition","type":"CommunityPoolSpend","status":"PASSED","yes":59.0,"no":0.0,"veto":0.0,"abstain":6.0,"no_vote":14.0,"count":79.0,"most_vote":"yes","most_vote_ratio":0.746835443},{"id":254,"title":"2024 Q2 Akash Events Resourcing Proposal","type":"CommunityPoolSpend","status":"PASSED","yes":63.0,"no":0.0,"veto":0.0,"abstain":5.0,"no_vote":13.0,"count":81.0,"most_vote":"yes","most_vote_ratio":0.7777777778},{"id":253,"title":"Streamline OpenSource LLMs Deployment from HuggingFace onto Akash","type":"CommunityPoolSpend","status":"REJECTED","yes":5.0,"no":58.0,"veto":0.0,"abstain":12.0,"no_vote":10.0,"count":85.0,"most_vote":"no","most_vote_ratio":0.6823529412},{"id":252,"title":"Coinbase Learning Rewards and Quests","type":"CommunityPoolSpend","status":"PASSED","yes":61.0,"no":5.0,"veto":0.0,"abstain":12.0,"no_vote":9.0,"count":87.0,"most_vote":"yes","most_vote_ratio":0.7011494253},{"id":250,"title":"Akash Accelerate 2024","type":"CommunityPoolSpend","status":"PASSED","yes":70.0,"no":0.0,"veto":0.0,"abstain":3.0,"no_vote":11.0,"count":84.0,"most_vote":"yes","most_vote_ratio":0.8333333333},{"id":247,"title":"Developer Onboarding Funding Proposal Zealy","type":"CommunityPoolSpend","status":"PASSED","yes":64.0,"no":0.0,"veto":0.0,"abstain":4.0,"no_vote":13.0,"count":81.0,"most_vote":"yes","most_vote_ratio":0.7901234568},{"id":246,"title":"Akash Network Provider Incentive Pilot","type":"CommunityPoolSpend","status":"PASSED","yes":77.0,"no":0.0,"veto":0.0,"abstain":2.0,"no_vote":8.0,"count":87.0,"most_vote":"yes","most_vote_ratio":0.8850574713},{"id":245,"title":"2024 Q1 Community Support Proposal","type":"CommunityPoolSpend","status":"PASSED","yes":67.0,"no":0.0,"veto":0.0,"abstain":1.0,"no_vote":14.0,"count":82.0,"most_vote":"yes","most_vote_ratio":0.8170731707},{"id":244,"title":"2024 Q1 Akash Events Resourcing Proposal","type":"CommunityPoolSpend","status":"PASSED","yes":61.0,"no":0.0,"veto":0.0,"abstain":14.0,"no_vote":9.0,"count":84.0,"most_vote":"yes","most_vote_ratio":0.7261904762},{"id":243,"title":"2024 Q1 Community Support Proposal","type":"CommunityPoolSpend","status":"PASSED","yes":70.0,"no":0.0,"veto":0.0,"abstain":5.0,"no_vote":9.0,"count":84.0,"most_vote":"yes","most_vote_ratio":0.8333333333},{"id":242,"title":"Creating an automated auditor with opensource tooling  misc contributions to Cloudmos","type":"CommunityPoolSpend","status":"PASSED","yes":72.0,"no":1.0,"veto":0.0,"abstain":5.0,"no_vote":9.0,"count":87.0,"most_vote":"yes","most_vote_ratio":0.8275862069},{"id":236,"title":"AI Assisted Deployment Tool on AkashCloudmos","type":"CommunityPoolSpend","status":"REJECTED","yes":38.0,"no":26.0,"veto":0.0,"abstain":4.0,"no_vote":12.0,"count":80.0,"most_vote":"yes","most_vote_ratio":0.475},{"id":235,"title":"Incentivized AKT Lending Pool on Nitron","type":"CommunityPoolSpend","status":"REJECTED","yes":3.0,"no":28.0,"veto":0.0,"abstain":25.0,"no_vote":21.0,"count":77.0,"most_vote":"no","most_vote_ratio":0.3636363636},{"id":234,"title":"Akash  Thumper  AI Foundational Model","type":"CommunityPoolSpend","status":"PASSED","yes":56.0,"no":0.0,"veto":0.0,"abstain":14.0,"no_vote":11.0,"count":81.0,"most_vote":"yes","most_vote_ratio":0.6913580247},{"id":233,"title":"Reduce Maximum Block Size","type":"ParameterChange","status":"REJECTED","yes":17.0,"no":47.0,"veto":1.0,"abstain":5.0,"no_vote":13.0,"count":83.0,"most_vote":"no","most_vote_ratio":0.5662650602},{"id":232,"title":"2023 Q4 Community Support Proposal","type":"CommunityPoolSpend","status":"PASSED","yes":61.0,"no":0.0,"veto":0.0,"abstain":4.0,"no_vote":15.0,"count":80.0,"most_vote":"yes","most_vote_ratio":0.7625},{"id":230,"title":"AkashNetwork comprehensive website Revamp Proposal","type":"CommunityPoolSpend","status":"PASSED","yes":57.0,"no":0.0,"veto":0.0,"abstain":7.0,"no_vote":15.0,"count":79.0,"most_vote":"yes","most_vote_ratio":0.7215189873},{"id":229,"title":"Adding Full Akash Support  Features to the Cosmos Metamask Snap","type":"CommunityPoolSpend","status":"PASSED","yes":69.0,"no":0.0,"veto":0.0,"abstain":4.0,"no_vote":11.0,"count":84.0,"most_vote":"yes","most_vote_ratio":0.8214285714},{"id":216,"title":"Community Funding for Cloudmos Acquisition","type":"CommunityPoolSpend","status":"PASSED","yes":70.0,"no":0.0,"veto":0.0,"abstain":4.0,"no_vote":10.0,"count":84.0,"most_vote":"yes","most_vote_ratio":0.8333333333},{"id":208,"title":"2023 Q3 Community Support Proposal","type":"CommunityPoolSpend","status":"PASSED","yes":55.0,"no":0.0,"veto":0.0,"abstain":5.0,"no_vote":17.0,"count":77.0,"most_vote":"yes","most_vote_ratio":0.7142857143},{"id":207,"title":"2023 Q3 Akash Events Resourcing Proposal","type":"CommunityPoolSpend","status":"PASSED","yes":48.0,"no":0.0,"veto":0.0,"abstain":6.0,"no_vote":22.0,"count":76.0,"most_vote":"yes","most_vote_ratio":0.6315789474},{"id":206,"title":" ATOM Airdrop ","type":"CommunityPoolSpend","status":"REJECTED","yes":0.0,"no":0.0,"veto":36.0,"abstain":0.0,"no_vote":33.0,"count":69.0,"most_vote":"veto","most_vote_ratio":0.5217391304},{"id":200,"title":"2023 Akash Events Resourcing Proposal","type":"CommunityPoolSpend","status":"PASSED","yes":50.0,"no":6.0,"veto":0.0,"abstain":7.0,"no_vote":16.0,"count":79.0,"most_vote":"yes","most_vote_ratio":0.6329113924},{"id":199,"title":"Akash Hackathon Proposal","type":"CommunityPoolSpend","status":"PASSED","yes":59.0,"no":1.0,"veto":0.0,"abstain":5.0,"no_vote":14.0,"count":79.0,"most_vote":"yes","most_vote_ratio":0.746835443},{"id":187,"title":"2023 Akash Events Resourcing Proposal","type":"Text","status":"PASSED","yes":50.0,"no":6.0,"veto":0.0,"abstain":8.0,"no_vote":15.0,"count":79.0,"most_vote":"yes","most_vote_ratio":0.6329113924},{"id":185,"title":"Community Funding request for Cloudmos","type":"CommunityPoolSpend","status":"REJECTED","yes":12.0,"no":32.0,"veto":0.0,"abstain":24.0,"no_vote":12.0,"count":80.0,"most_vote":"no","most_vote_ratio":0.4},{"id":182,"title":"Community Funding request for Praetor","type":"CommunityPoolSpend","status":"PASSED","yes":55.0,"no":0.0,"veto":0.0,"abstain":7.0,"no_vote":17.0,"count":79.0,"most_vote":"yes","most_vote_ratio":0.6962025316},{"id":63,"title":"censure allnodes for insecure VaaS practices","type":"Text","status":"PASSED","yes":35.0,"no":2.0,"veto":0.0,"abstain":9.0,"no_vote":27.0,"count":73.0,"most_vote":"yes","most_vote_ratio":0.4794520548},{"id":52,"title":"Community Funding request for Luna part 2","type":"CommunityPoolSpend","status":"PASSED","yes":58.0,"no":0.0,"veto":0.0,"abstain":4.0,"no_vote":16.0,"count":78.0,"most_vote":"yes","most_vote_ratio":0.7435897436},{"id":31,"title":"Akash Cosmos Zero Offset Akash Validator Set Signaling proposal","type":"Text","status":"REJECTED","yes":14.0,"no":39.0,"veto":1.0,"abstain":15.0,"no_vote":13.0,"count":82.0,"most_vote":"no","most_vote_ratio":0.4756097561},{"id":28,"title":"Community Funding request for Luna","type":"CommunityPoolSpend","status":"PASSED","yes":51.0,"no":0.0,"veto":0.0,"abstain":2.0,"no_vote":23.0,"count":76.0,"most_vote":"yes","most_vote_ratio":0.6710526316},{"id":26,"title":"Increase the minimum commission rate to 5","type":"Text","status":"PASSED","yes":34.0,"no":7.0,"veto":0.0,"abstain":7.0,"no_vote":26.0,"count":74.0,"most_vote":"yes","most_vote_ratio":0.4594594595},{"id":24,"title":"Akash CAB funding 3","type":"CommunityPoolSpend","status":"PASSED","yes":57.0,"no":0.0,"veto":0.0,"abstain":0.0,"no_vote":18.0,"count":75.0,"most_vote":"yes","most_vote_ratio":0.76},{"id":23,"title":"Proposal to transition the CAB into the Akash Accelerator","type":"Text","status":"PASSED","yes":41.0,"no":3.0,"veto":0.0,"abstain":9.0,"no_vote":21.0,"count":74.0,"most_vote":"yes","most_vote_ratio":0.5540540541},{"id":22,"title":"Fund Moultrie Audits","type":"CommunityPoolSpend","status":"PASSED","yes":30.0,"no":1.0,"veto":0.0,"abstain":19.0,"no_vote":24.0,"count":74.0,"most_vote":"yes","most_vote_ratio":0.4054054054},{"id":16,"title":"Akash CAB funding 2","type":"CommunityPoolSpend","status":"PASSED","yes":44.0,"no":0.0,"veto":0.0,"abstain":5.0,"no_vote":23.0,"count":72.0,"most_vote":"yes","most_vote_ratio":0.6111111111},{"id":14,"title":"Increase MaxValidators value","type":"ParameterChange","status":"PASSED","yes":32.0,"no":12.0,"veto":0.0,"abstain":0.0,"no_vote":26.0,"count":70.0,"most_vote":"yes","most_vote_ratio":0.4571428571},{"id":9,"title":"Developer Program and Community Awards","type":"CommunityPoolSpend","status":"PASSED","yes":34.0,"no":19.0,"veto":0.0,"abstain":1.0,"no_vote":20.0,"count":74.0,"most_vote":"yes","most_vote_ratio":0.4594594595}]