[{"id":459,"title":"Adjust Binary Options Market Instant Listing Fee to 05 INJ","type":"ParameterChange","status":"PASSED","yes":29.0,"no":0.0,"veto":0.0,"abstain":12.0,"no_vote":11.0,"count":52.0,"most_vote":"yes","most_vote_ratio":0.5576923077},{"id":458,"title":"Remove relayers for Frontrunner provider oracle","type":"ProviderPrivilege","status":"PASSED","yes":27.0,"no":0.0,"veto":0.0,"abstain":14.0,"no_vote":11.0,"count":52.0,"most_vote":"yes","most_vote_ratio":0.5192307692},{"id":457,"title":"Settle 2024ELECTIONUSDT PERP and QUNTUSDT PERP markets","type":"ExchangeModification","status":"PASSED","yes":23.0,"no":0.0,"veto":0.0,"abstain":18.0,"no_vote":10.0,"count":51.0,"most_vote":"yes","most_vote_ratio":0.4509803922},{"id":456,"title":"Decrease default exchange maker fee rebate to 05 bps","type":"ParameterChange","status":"PASSED","yes":30.0,"no":0.0,"veto":0.0,"abstain":10.0,"no_vote":11.0,"count":51.0,"most_vote":"yes","most_vote_ratio":0.5882352941},{"id":455,"title":"Decrease maker fee rebate to 05 bps","type":"ExchangeModification","status":"PASSED","yes":30.0,"no":0.0,"veto":0.0,"abstain":10.0,"no_vote":11.0,"count":51.0,"most_vote":"yes","most_vote_ratio":0.5882352941},{"id":454,"title":"Disbursement of OLP rewards for epoch ended on 28 October 2024","type":"CommunityPoolSpend","status":"PASSED","yes":32.0,"no":0.0,"veto":0.0,"abstain":8.0,"no_vote":11.0,"count":51.0,"most_vote":"yes","most_vote_ratio":0.6274509804},{"id":453,"title":"Whitelist Address for Wasm Upload","type":"CodeUploadParamsAddresses","status":"PASSED","yes":23.0,"no":1.0,"veto":0.0,"abstain":14.0,"no_vote":12.0,"count":50.0,"most_vote":"yes","most_vote_ratio":0.46},{"id":452,"title":"Update Kira Liquidity Pool Locker","type":"StoreCode","status":"PASSED","yes":13.0,"no":1.0,"veto":0.0,"abstain":26.0,"no_vote":11.0,"count":51.0,"most_vote":"abstain","most_vote_ratio":0.5098039216},{"id":451,"title":"Paradyze Mainnet Provider Oracle","type":"ProviderPrivilege","status":"PASSED","yes":15.0,"no":1.0,"veto":0.0,"abstain":25.0,"no_vote":10.0,"count":51.0,"most_vote":"abstain","most_vote_ratio":0.4901960784},{"id":448,"title":"Kira Liquidity Pool Locker to be deployed on the injective mainnet","type":"StoreCode","status":"PASSED","yes":16.0,"no":5.0,"veto":0.0,"abstain":17.0,"no_vote":12.0,"count":50.0,"most_vote":"abstain","most_vote_ratio":0.34},{"id":447,"title":"Disbursement of OLP rewards for epoch ended on 30 September 2024","type":"CommunityPoolSpend","status":"PASSED","yes":34.0,"no":0.0,"veto":0.0,"abstain":9.0,"no_vote":9.0,"count":52.0,"most_vote":"yes","most_vote_ratio":0.6538461538},{"id":446,"title":"Upload Injex Finance Vesting Contract Wasm Code","type":"StoreCode","status":"PASSED","yes":12.0,"no":1.0,"veto":0.0,"abstain":23.0,"no_vote":14.0,"count":50.0,"most_vote":"abstain","most_vote_ratio":0.46},{"id":445,"title":"Funding Proposal Support Development of Apello Corrected Proposal","type":"CommunityPoolSpend","status":"REJECTED","yes":0.0,"no":24.0,"veto":0.0,"abstain":19.0,"no_vote":9.0,"count":52.0,"most_vote":"no","most_vote_ratio":0.4615384615},{"id":444,"title":"FUNDING PROPOSAL Fund development of Apello","type":"CommunityPoolSpend","status":"REJECTED","yes":0.0,"no":29.0,"veto":0.0,"abstain":14.0,"no_vote":9.0,"count":52.0,"most_vote":"no","most_vote_ratio":0.5576923077},{"id":443,"title":"INJ 30 Inflation Parameters Update 24Q3","type":"ParameterChange","status":"PASSED","yes":33.0,"no":0.0,"veto":0.0,"abstain":8.0,"no_vote":10.0,"count":51.0,"most_vote":"yes","most_vote_ratio":0.6470588235},{"id":442,"title":"Increase max trading leverage to 20x for INJUSDT PERP BNBUSDT PERP and XRPUSDT PERP markets","type":"ExchangeModification","status":"PASSED","yes":34.0,"no":0.0,"veto":0.0,"abstain":9.0,"no_vote":10.0,"count":53.0,"most_vote":"yes","most_vote_ratio":0.641509434},{"id":441,"title":"Whitelist Ark Protocol Dev Wallet Address for Wasm Upload InterChain NFT Contracts","type":"CodeUploadParamsAddresses","status":"PASSED","yes":20.0,"no":0.0,"veto":0.0,"abstain":23.0,"no_vote":10.0,"count":53.0,"most_vote":"abstain","most_vote_ratio":0.4339622642},{"id":440,"title":"Add ICONBalanced Network deployment wallet to Injective whitelist","type":"CodeUploadParamsAddresses","status":"PASSED","yes":12.0,"no":5.0,"veto":0.0,"abstain":26.0,"no_vote":10.0,"count":53.0,"most_vote":"abstain","most_vote_ratio":0.4905660377},{"id":439,"title":"Whitelist Black Panther Developer Address for Wasm Upload","type":"CodeUploadParamsAddresses","status":"PASSED","yes":12.0,"no":2.0,"veto":0.0,"abstain":28.0,"no_vote":11.0,"count":53.0,"most_vote":"abstain","most_vote_ratio":0.5283018868},{"id":437,"title":"Whitelist Ninja Blaze Developer Address for Wasm Upload","type":"CodeUploadParamsAddresses","status":"PASSED","yes":16.0,"no":1.0,"veto":0.0,"abstain":27.0,"no_vote":9.0,"count":53.0,"most_vote":"abstain","most_vote_ratio":0.5094339623},{"id":436,"title":"Settle BODENUSDT PERP and BONKUSDT PERP markets","type":"ExchangeModification","status":"PASSED","yes":26.0,"no":0.0,"veto":0.0,"abstain":13.0,"no_vote":12.0,"count":51.0,"most_vote":"yes","most_vote_ratio":0.5098039216},{"id":435,"title":"Disbursement of OLP rewards for epoch ended on 02 September 2024","type":"CommunityPoolSpend","status":"PASSED","yes":30.0,"no":1.0,"veto":0.0,"abstain":8.0,"no_vote":12.0,"count":51.0,"most_vote":"yes","most_vote_ratio":0.5882352941},{"id":432,"title":"Deploy injinterchainpersona Contract on Injective Mainnet","type":"Text","status":"PASSED","yes":13.0,"no":2.0,"veto":0.0,"abstain":29.0,"no_vote":10.0,"count":54.0,"most_vote":"abstain","most_vote_ratio":0.537037037},{"id":430,"title":"Upload Injex Finance Staking Contract Wasm Code","type":"StoreCode","status":"PASSED","yes":23.0,"no":1.0,"veto":0.0,"abstain":17.0,"no_vote":11.0,"count":52.0,"most_vote":"yes","most_vote_ratio":0.4423076923},{"id":428,"title":"Enable instant derivative markets launch","type":"ParameterChange","status":"PASSED","yes":33.0,"no":0.0,"veto":0.0,"abstain":10.0,"no_vote":10.0,"count":53.0,"most_vote":"yes","most_vote_ratio":0.6226415094},{"id":427,"title":"Upload Injex Finance Staking Contract Wasm Code","type":"StoreCode","status":"REJECTED","yes":7.0,"no":10.0,"veto":0.0,"abstain":27.0,"no_vote":10.0,"count":54.0,"most_vote":"abstain","most_vote_ratio":0.5},{"id":426,"title":"Whitelist Gelotto Developer Wallet for Wasm Upload PampIT","type":"CodeUploadParamsAddresses","status":"PASSED","yes":11.0,"no":2.0,"veto":0.0,"abstain":28.0,"no_vote":11.0,"count":52.0,"most_vote":"abstain","most_vote_ratio":0.5384615385},{"id":425,"title":"Disbursement of OLP rewards for epoch ended on 05 August 2024","type":"CommunityPoolSpend","status":"PASSED","yes":34.0,"no":0.0,"veto":0.0,"abstain":9.0,"no_vote":10.0,"count":53.0,"most_vote":"yes","most_vote_ratio":0.641509434},{"id":423,"title":"Deployment of Volta Circuits Multisig Smart Contracts on Injective","type":"StoreCode","status":"PASSED","yes":21.0,"no":2.0,"veto":0.0,"abstain":18.0,"no_vote":11.0,"count":52.0,"most_vote":"yes","most_vote_ratio":0.4038461538},{"id":421,"title":"Upload Injex Finance Router and Limit Contract Wasm Code","type":"StoreCode","status":"PASSED","yes":10.0,"no":4.0,"veto":0.0,"abstain":24.0,"no_vote":13.0,"count":51.0,"most_vote":"abstain","most_vote_ratio":0.4705882353},{"id":417,"title":"Disbursement of OLP rewards for epoch ended on 8 July 2024","type":"CommunityPoolSpend","status":"REJECTED","yes":6.0,"no":39.0,"veto":0.0,"abstain":3.0,"no_vote":7.0,"count":55.0,"most_vote":"no","most_vote_ratio":0.7090909091},{"id":416,"title":"Upload Exotic Escrow Contract Wasm Code","type":"StoreCode","status":"PASSED","yes":15.0,"no":4.0,"veto":0.0,"abstain":26.0,"no_vote":10.0,"count":55.0,"most_vote":"abstain","most_vote_ratio":0.4727272727},{"id":415,"title":"Upload Exotic Staking Contract Wasm Code","type":"StoreCode","status":"PASSED","yes":15.0,"no":4.0,"veto":0.0,"abstain":26.0,"no_vote":10.0,"count":55.0,"most_vote":"abstain","most_vote_ratio":0.4727272727},{"id":414,"title":"Upload Exotic Vanilla Contract Wasm Code","type":"StoreCode","status":"PASSED","yes":15.0,"no":4.0,"veto":0.0,"abstain":26.0,"no_vote":10.0,"count":55.0,"most_vote":"abstain","most_vote_ratio":0.4727272727},{"id":413,"title":"Deployment of StreamSwap Protocol contracts on Injective Hub","type":"StoreCode","status":"PASSED","yes":28.0,"no":0.0,"veto":0.0,"abstain":14.0,"no_vote":11.0,"count":53.0,"most_vote":"yes","most_vote_ratio":0.5283018868},{"id":412,"title":"New Quant in Town","type":"Text","status":"PASSED","yes":10.0,"no":3.0,"veto":1.0,"abstain":31.0,"no_vote":9.0,"count":54.0,"most_vote":"abstain","most_vote_ratio":0.5740740741},{"id":411,"title":"Disbursement of OLP rewards for epoch ended on 10 June 2024","type":"CommunityPoolSpend","status":"PASSED","yes":33.0,"no":0.0,"veto":0.0,"abstain":8.0,"no_vote":11.0,"count":52.0,"most_vote":"yes","most_vote_ratio":0.6346153846},{"id":410,"title":"Upload ChainFactory Contract Wasm Code 22 Token","type":"StoreCode","status":"PASSED","yes":18.0,"no":1.0,"veto":0.0,"abstain":23.0,"no_vote":11.0,"count":53.0,"most_vote":"abstain","most_vote_ratio":0.4339622642},{"id":408,"title":"Upload ChainFactory Contract Wasm Code 12 Factory","type":"StoreCode","status":"PASSED","yes":17.0,"no":3.0,"veto":0.0,"abstain":28.0,"no_vote":7.0,"count":55.0,"most_vote":"abstain","most_vote_ratio":0.5090909091},{"id":407,"title":"Upload QTUM token contract","type":"StoreCode","status":"PASSED","yes":19.0,"no":0.0,"veto":0.0,"abstain":30.0,"no_vote":6.0,"count":55.0,"most_vote":"abstain","most_vote_ratio":0.5454545455},{"id":406,"title":"Increase max trading leverage for GBPUSDT PERP and EURUSDT PERP Markets","type":"ExchangeModification","status":"PASSED","yes":41.0,"no":0.0,"veto":0.0,"abstain":10.0,"no_vote":5.0,"count":56.0,"most_vote":"yes","most_vote_ratio":0.7321428571},{"id":405,"title":"Disbursement of OLP rewards for epoch ended on 13 May 2024","type":"CommunityPoolSpend","status":"PASSED","yes":33.0,"no":0.0,"veto":0.0,"abstain":11.0,"no_vote":11.0,"count":55.0,"most_vote":"yes","most_vote_ratio":0.6},{"id":404,"title":"StartCooking Upload Factory Contract","type":"StoreCode","status":"PASSED","yes":24.0,"no":2.0,"veto":0.0,"abstain":15.0,"no_vote":12.0,"count":53.0,"most_vote":"yes","most_vote_ratio":0.4528301887},{"id":403,"title":"StartCooking Upload Contract","type":"StoreCode","status":"PASSED","yes":24.0,"no":2.0,"veto":0.0,"abstain":15.0,"no_vote":12.0,"count":53.0,"most_vote":"yes","most_vote_ratio":0.4528301887},{"id":402,"title":"Upload DEGA Minter Contract Wasm Code","type":"StoreCode","status":"PASSED","yes":16.0,"no":2.0,"veto":0.0,"abstain":26.0,"no_vote":11.0,"count":55.0,"most_vote":"abstain","most_vote_ratio":0.4727272727},{"id":401,"title":"Upload DEGA Collection Contract Wasm Code","type":"StoreCode","status":"PASSED","yes":16.0,"no":2.0,"veto":0.0,"abstain":25.0,"no_vote":11.0,"count":54.0,"most_vote":"abstain","most_vote_ratio":0.462962963},{"id":400,"title":"Upload NFT Injstaking Contract","type":"StoreCode","status":"PASSED","yes":14.0,"no":2.0,"veto":0.0,"abstain":28.0,"no_vote":11.0,"count":55.0,"most_vote":"abstain","most_vote_ratio":0.5090909091},{"id":399,"title":"Upload Exotic Escrow Contract Wasm Code","type":"StoreCode","status":"PASSED","yes":18.0,"no":3.0,"veto":0.0,"abstain":28.0,"no_vote":6.0,"count":55.0,"most_vote":"abstain","most_vote_ratio":0.5090909091},{"id":398,"title":"UPLOAD Discoverinj 404 Reroll","type":"StoreCode","status":"PASSED","yes":18.0,"no":1.0,"veto":0.0,"abstain":31.0,"no_vote":5.0,"count":55.0,"most_vote":"abstain","most_vote_ratio":0.5636363636},{"id":397,"title":"Gravedigger 22  staking contract","type":"StoreCode","status":"PASSED","yes":35.0,"no":0.0,"veto":0.0,"abstain":18.0,"no_vote":5.0,"count":58.0,"most_vote":"yes","most_vote_ratio":0.6034482759},{"id":396,"title":"Gravedigger 12  feesplit","type":"StoreCode","status":"PASSED","yes":36.0,"no":0.0,"veto":0.0,"abstain":16.0,"no_vote":5.0,"count":57.0,"most_vote":"yes","most_vote_ratio":0.6315789474},{"id":394,"title":"Upload Ninja Blaze Contract  Jackpot","type":"StoreCode","status":"PASSED","yes":19.0,"no":1.0,"veto":0.0,"abstain":29.0,"no_vote":6.0,"count":55.0,"most_vote":"abstain","most_vote_ratio":0.5272727273},{"id":393,"title":"Upload Ninja Blaze Contract  Double","type":"StoreCode","status":"PASSED","yes":18.0,"no":1.0,"veto":0.0,"abstain":30.0,"no_vote":6.0,"count":55.0,"most_vote":"abstain","most_vote_ratio":0.5454545455},{"id":390,"title":"UPLOAD Discoverinj 404 Mintpad","type":"StoreCode","status":"PASSED","yes":12.0,"no":4.0,"veto":0.0,"abstain":32.0,"no_vote":7.0,"count":55.0,"most_vote":"abstain","most_vote_ratio":0.5818181818},{"id":388,"title":"Balanced Contracts 2","type":"StoreCode","status":"PASSED","yes":8.0,"no":6.0,"veto":0.0,"abstain":33.0,"no_vote":8.0,"count":55.0,"most_vote":"abstain","most_vote_ratio":0.6},{"id":387,"title":"Balanced Contracts 1","type":"StoreCode","status":"PASSED","yes":8.0,"no":7.0,"veto":0.0,"abstain":33.0,"no_vote":7.0,"count":55.0,"most_vote":"abstain","most_vote_ratio":0.6},{"id":386,"title":"Upload Exotic Holding Contract Wasm Code","type":"StoreCode","status":"PASSED","yes":18.0,"no":4.0,"veto":0.0,"abstain":27.0,"no_vote":6.0,"count":55.0,"most_vote":"abstain","most_vote_ratio":0.4909090909},{"id":385,"title":"Upload Exotic RFQ Contract Wasm Code","type":"StoreCode","status":"PASSED","yes":18.0,"no":4.0,"veto":0.0,"abstain":27.0,"no_vote":6.0,"count":55.0,"most_vote":"abstain","most_vote_ratio":0.4909090909},{"id":384,"title":"Upload Exotic Vanilla Contract Wasm Code","type":"StoreCode","status":"PASSED","yes":18.0,"no":3.0,"veto":0.0,"abstain":28.0,"no_vote":6.0,"count":55.0,"most_vote":"abstain","most_vote_ratio":0.5090909091},{"id":382,"title":"INJBOYS STAKING PLATFORM  Upload Contract","type":"StoreCode","status":"PASSED","yes":9.0,"no":6.0,"veto":0.0,"abstain":35.0,"no_vote":5.0,"count":55.0,"most_vote":"abstain","most_vote_ratio":0.6363636364},{"id":381,"title":"Upload Ninza Contract  Game","type":"StoreCode","status":"PASSED","yes":15.0,"no":3.0,"veto":0.0,"abstain":34.0,"no_vote":4.0,"count":56.0,"most_vote":"abstain","most_vote_ratio":0.6071428571},{"id":380,"title":"Blocksmith Labs Presale  Instantiate Contract","type":"InstantiateContract","status":"FAILED","yes":15.0,"no":6.0,"veto":0.0,"abstain":30.0,"no_vote":5.0,"count":56.0,"most_vote":"abstain","most_vote_ratio":0.5357142857},{"id":379,"title":"Proposal Title","type":"StoreCode","status":"REJECTED","yes":3.0,"no":39.0,"veto":7.0,"abstain":6.0,"no_vote":4.0,"count":59.0,"most_vote":"no","most_vote_ratio":0.6610169492},{"id":378,"title":"UPLOAD A5TOUND Playland Plaza Contract","type":"StoreCode","status":"PASSED","yes":10.0,"no":6.0,"veto":0.0,"abstain":36.0,"no_vote":5.0,"count":57.0,"most_vote":"abstain","most_vote_ratio":0.6315789474},{"id":377,"title":"Upload Ninja Labs  Pepe PvP Contract Wasm Code","type":"StoreCode","status":"PASSED","yes":11.0,"no":4.0,"veto":0.0,"abstain":36.0,"no_vote":5.0,"count":56.0,"most_vote":"abstain","most_vote_ratio":0.6428571429},{"id":376,"title":"Blocksmith Labs Presale  Upload Contract","type":"StoreCode","status":"PASSED","yes":10.0,"no":7.0,"veto":0.0,"abstain":30.0,"no_vote":9.0,"count":56.0,"most_vote":"abstain","most_vote_ratio":0.5357142857},{"id":375,"title":"Upload Ninja Labs  Chads Draw Contract Wasm Code","type":"StoreCode","status":"PASSED","yes":9.0,"no":7.0,"veto":0.0,"abstain":30.0,"no_vote":10.0,"count":56.0,"most_vote":"abstain","most_vote_ratio":0.5357142857},{"id":374,"title":"Moon App Staking  Staking contract upgrade v110","type":"StoreCode","status":"PASSED","yes":13.0,"no":5.0,"veto":0.0,"abstain":28.0,"no_vote":10.0,"count":56.0,"most_vote":"abstain","most_vote_ratio":0.5},{"id":373,"title":"Upload Ninza Contract  Referral","type":"StoreCode","status":"PASSED","yes":17.0,"no":6.0,"veto":0.0,"abstain":28.0,"no_vote":5.0,"count":56.0,"most_vote":"abstain","most_vote_ratio":0.5},{"id":372,"title":"Upload Ninza Contract  Multicall","type":"StoreCode","status":"PASSED","yes":16.0,"no":6.0,"veto":0.0,"abstain":29.0,"no_vote":5.0,"count":56.0,"most_vote":"abstain","most_vote_ratio":0.5178571429},{"id":371,"title":"Upload Ninza Contract  Token InGame","type":"StoreCode","status":"PASSED","yes":16.0,"no":6.0,"veto":0.0,"abstain":29.0,"no_vote":5.0,"count":56.0,"most_vote":"abstain","most_vote_ratio":0.5178571429},{"id":370,"title":"Upload Ninza Contract  Game","type":"StoreCode","status":"PASSED","yes":16.0,"no":6.0,"veto":0.0,"abstain":29.0,"no_vote":5.0,"count":56.0,"most_vote":"abstain","most_vote_ratio":0.5178571429},{"id":369,"title":"Disbursement of OLP rewards for epoch ended on 18 March 2024","type":"CommunityPoolSpend","status":"PASSED","yes":38.0,"no":1.0,"veto":0.0,"abstain":12.0,"no_vote":5.0,"count":56.0,"most_vote":"yes","most_vote_ratio":0.6785714286},{"id":368,"title":"Upload Ninja Blaze Contract  Double","type":"StoreCode","status":"PASSED","yes":19.0,"no":9.0,"veto":0.0,"abstain":23.0,"no_vote":5.0,"count":56.0,"most_vote":"abstain","most_vote_ratio":0.4107142857},{"id":367,"title":"Upload Ninja Blaze Contract  User profile  Fee collector","type":"StoreCode","status":"PASSED","yes":18.0,"no":9.0,"veto":0.0,"abstain":24.0,"no_vote":5.0,"count":56.0,"most_vote":"abstain","most_vote_ratio":0.4285714286},{"id":366,"title":"Upload Ninja Blaze Contract  User profile  Fee collector","type":"StoreCode","status":"PASSED","yes":17.0,"no":9.0,"veto":0.0,"abstain":25.0,"no_vote":5.0,"count":56.0,"most_vote":"abstain","most_vote_ratio":0.4464285714},{"id":365,"title":"Upload Ninja Blaze Contract  Jackpot","type":"StoreCode","status":"PASSED","yes":16.0,"no":9.0,"veto":0.0,"abstain":25.0,"no_vote":5.0,"count":55.0,"most_vote":"abstain","most_vote_ratio":0.4545454545},{"id":364,"title":"Upload Ninja Labs  Ninja Coin Flip Contract Wasm Code","type":"StoreCode","status":"PASSED","yes":17.0,"no":6.0,"veto":0.0,"abstain":30.0,"no_vote":4.0,"count":57.0,"most_vote":"abstain","most_vote_ratio":0.5263157895},{"id":363,"title":"Upload Ninja Labs  Kira Lottery Contract Wasm Code","type":"StoreCode","status":"PASSED","yes":15.0,"no":7.0,"veto":0.0,"abstain":30.0,"no_vote":4.0,"count":56.0,"most_vote":"abstain","most_vote_ratio":0.5357142857},{"id":362,"title":"Upload Aeroscraper Lending  Borrowing Protocol Contract  Wasm Code to Injective","type":"StoreCode","status":"PASSED","yes":36.0,"no":0.0,"veto":0.0,"abstain":15.0,"no_vote":4.0,"count":55.0,"most_vote":"yes","most_vote_ratio":0.6545454545},{"id":358,"title":"NFT Injstaking  Upload contract","type":"StoreCode","status":"PASSED","yes":37.0,"no":2.0,"veto":0.0,"abstain":14.0,"no_vote":4.0,"count":57.0,"most_vote":"yes","most_vote_ratio":0.649122807},{"id":356,"title":"DegenFlips dApp  Upload Contract","type":"StoreCode","status":"PASSED","yes":28.0,"no":3.0,"veto":0.0,"abstain":23.0,"no_vote":3.0,"count":57.0,"most_vote":"yes","most_vote_ratio":0.4912280702},{"id":354,"title":"Upload Injex Finance Contract Wasm Code","type":"StoreCode","status":"PASSED","yes":24.0,"no":2.0,"veto":0.0,"abstain":26.0,"no_vote":4.0,"count":56.0,"most_vote":"abstain","most_vote_ratio":0.4642857143},{"id":352,"title":"Adjust Queue System and FCFS Mechanism for Rewards conversion","type":"StoreCode","status":"PASSED","yes":42.0,"no":0.0,"veto":0.0,"abstain":10.0,"no_vote":4.0,"count":56.0,"most_vote":"yes","most_vote_ratio":0.75},{"id":350,"title":"Upload NFT Injstaking Contract","type":"Text","status":"PASSED","yes":40.0,"no":3.0,"veto":0.0,"abstain":13.0,"no_vote":2.0,"count":58.0,"most_vote":"yes","most_vote_ratio":0.6896551724},{"id":347,"title":"iLend v13 smart contract upgrade for LST assets","type":"StoreCode","status":"PASSED","yes":44.0,"no":0.0,"veto":0.0,"abstain":13.0,"no_vote":1.0,"count":58.0,"most_vote":"yes","most_vote_ratio":0.7586206897},{"id":346,"title":"Upload xNinjaTech Controller Contract Wasm Code","type":"StoreCode","status":"PASSED","yes":42.0,"no":0.0,"veto":0.0,"abstain":12.0,"no_vote":3.0,"count":57.0,"most_vote":"yes","most_vote_ratio":0.7368421053},{"id":344,"title":"Moon App Staking  Upload staking contract","type":"StoreCode","status":"PASSED","yes":34.0,"no":0.0,"veto":0.0,"abstain":20.0,"no_vote":4.0,"count":58.0,"most_vote":"yes","most_vote_ratio":0.5862068966},{"id":343,"title":"xNinja  The first SocialFi 20 on Injective  Deployment Proposal to Deploy Contract","type":"Text","status":"PASSED","yes":43.0,"no":0.0,"veto":0.0,"abstain":11.0,"no_vote":3.0,"count":57.0,"most_vote":"yes","most_vote_ratio":0.7543859649},{"id":341,"title":"Upload Injective Native Quadratic Funding Smart Contract","type":"Text","status":"PASSED","yes":41.0,"no":0.0,"veto":0.0,"abstain":12.0,"no_vote":4.0,"count":57.0,"most_vote":"yes","most_vote_ratio":0.7192982456},{"id":338,"title":"Upload Ninja Blaze NFT Contract","type":"StoreCode","status":"PASSED","yes":26.0,"no":2.0,"veto":0.0,"abstain":29.0,"no_vote":1.0,"count":58.0,"most_vote":"abstain","most_vote_ratio":0.5},{"id":337,"title":"Upload Exotic Holding Contract Wasm Code","type":"StoreCode","status":"PASSED","yes":18.0,"no":4.0,"veto":0.0,"abstain":34.0,"no_vote":2.0,"count":58.0,"most_vote":"abstain","most_vote_ratio":0.5862068966},{"id":336,"title":"Upload Exotic RFQ Contract Wasm Code","type":"StoreCode","status":"PASSED","yes":18.0,"no":4.0,"veto":0.0,"abstain":34.0,"no_vote":2.0,"count":58.0,"most_vote":"abstain","most_vote_ratio":0.5862068966},{"id":335,"title":"Upload Exotic Vanilla Contract Wasm Code","type":"StoreCode","status":"PASSED","yes":19.0,"no":3.0,"veto":0.0,"abstain":34.0,"no_vote":2.0,"count":58.0,"most_vote":"abstain","most_vote_ratio":0.5862068966},{"id":333,"title":"NinjaVault Deployment","type":"StoreCode","status":"PASSED","yes":15.0,"no":11.0,"veto":0.0,"abstain":28.0,"no_vote":3.0,"count":57.0,"most_vote":"abstain","most_vote_ratio":0.4912280702},{"id":332,"title":"Upload Stax Coinflip Contract Wasm Code","type":"StoreCode","status":"PASSED","yes":14.0,"no":5.0,"veto":0.0,"abstain":35.0,"no_vote":3.0,"count":57.0,"most_vote":"abstain","most_vote_ratio":0.6140350877},{"id":330,"title":"Upload Outapp Vouching System Contract Wasm Code","type":"StoreCode","status":"PASSED","yes":30.0,"no":0.0,"veto":0.0,"abstain":24.0,"no_vote":4.0,"count":58.0,"most_vote":"yes","most_vote_ratio":0.5172413793},{"id":327,"title":"Upload Stax NFT and Splitter Contract Wasm Code","type":"StoreCode","status":"PASSED","yes":38.0,"no":1.0,"veto":0.0,"abstain":13.0,"no_vote":3.0,"count":55.0,"most_vote":"yes","most_vote_ratio":0.6909090909},{"id":323,"title":"Moon App Launchpad  Upload contract","type":"StoreCode","status":"PASSED","yes":43.0,"no":1.0,"veto":0.0,"abstain":9.0,"no_vote":4.0,"count":57.0,"most_vote":"yes","most_vote_ratio":0.7543859649},{"id":322,"title":"Proposal Hinata Contract Upload","type":"StoreCode","status":"REJECTED","yes":4.0,"no":38.0,"veto":0.0,"abstain":12.0,"no_vote":4.0,"count":58.0,"most_vote":"no","most_vote_ratio":0.6551724138},{"id":321,"title":"NinjaRoll Deployment","type":"StoreCode","status":"PASSED","yes":35.0,"no":0.0,"veto":0.0,"abstain":16.0,"no_vote":4.0,"count":55.0,"most_vote":"yes","most_vote_ratio":0.6363636364},{"id":319,"title":"iLend contract upgrade admin functions for markets management","type":"StoreCode","status":"PASSED","yes":39.0,"no":0.0,"veto":0.0,"abstain":10.0,"no_vote":6.0,"count":55.0,"most_vote":"yes","most_vote_ratio":0.7090909091},{"id":315,"title":"Upload the iLend Protocol contract","type":"StoreCode","status":"PASSED","yes":21.0,"no":3.0,"veto":0.0,"abstain":27.0,"no_vote":4.0,"count":55.0,"most_vote":"abstain","most_vote_ratio":0.4909090909},{"id":313,"title":"CryptoGopniks NFT Staking Platform Staking Platform Contract v131","type":"StoreCode","status":"PASSED","yes":17.0,"no":20.0,"veto":0.0,"abstain":19.0,"no_vote":2.0,"count":58.0,"most_vote":"no","most_vote_ratio":0.3448275862},{"id":310,"title":"Moon Pad Claim  Upload contract","type":"StoreCode","status":"REJECTED","yes":11.0,"no":31.0,"veto":0.0,"abstain":14.0,"no_vote":2.0,"count":58.0,"most_vote":"no","most_vote_ratio":0.5344827586},{"id":309,"title":"Moon Pad Sale  Upload contract","type":"StoreCode","status":"REJECTED","yes":9.0,"no":32.0,"veto":0.0,"abstain":15.0,"no_vote":2.0,"count":58.0,"most_vote":"no","most_vote_ratio":0.5517241379},{"id":306,"title":"Adjust funding rate limit for perpetual markets on Injective Exchange dApps","type":"ExchangeModification","status":"PASSED","yes":43.0,"no":1.0,"veto":0.0,"abstain":11.0,"no_vote":3.0,"count":58.0,"most_vote":"yes","most_vote_ratio":0.7413793103},{"id":226,"title":"Injective Exchange dApp Update Launch 1000PEPEUSDT Perp","type":"PerpetualMarketLaunch","status":"PASSED","yes":36.0,"no":0.0,"veto":0.0,"abstain":10.0,"no_vote":8.0,"count":54.0,"most_vote":"yes","most_vote_ratio":0.6666666667},{"id":193,"title":"Trade  Earn rewards points adjustment for epoch ended Dec 7 2022 UTC","type":"RewardUpdate","status":"REJECTED","yes":7.0,"no":16.0,"veto":0.0,"abstain":3.0,"no_vote":19.0,"count":45.0,"most_vote":"no_vote","most_vote_ratio":0.4222222222},{"id":174,"title":"Trade  Earn Rewards Adjustment","type":"Text","status":"PASSED","yes":4.0,"no":4.0,"veto":0.0,"abstain":10.0,"no_vote":23.0,"count":41.0,"most_vote":"no_vote","most_vote_ratio":0.5609756098},{"id":173,"title":"Disbursement of DMM rewards for epoch ended on 9 September 2022","type":"CommunityPoolSpend","status":"PASSED","yes":16.0,"no":0.0,"veto":0.0,"abstain":5.0,"no_vote":21.0,"count":42.0,"most_vote":"no_vote","most_vote_ratio":0.5},{"id":171,"title":"Increase Peggy TargetBatchTimeout","type":"ParameterChange","status":"PASSED","yes":12.0,"no":0.0,"veto":0.0,"abstain":7.0,"no_vote":22.0,"count":41.0,"most_vote":"no_vote","most_vote_ratio":0.5365853659},{"id":169,"title":"Disbursement of DMM rewards for epochs ended on 12 July 2022 and 9 August 2022","type":"CommunityPoolSpend","status":"PASSED","yes":17.0,"no":0.0,"veto":0.0,"abstain":5.0,"no_vote":21.0,"count":43.0,"most_vote":"no_vote","most_vote_ratio":0.488372093},{"id":165,"title":"Disbursement of DMM rewards for epochs ended on 17 May 2022 and 14 June 2022","type":"CommunityPoolSpend","status":"PASSED","yes":8.0,"no":0.0,"veto":0.0,"abstain":4.0,"no_vote":27.0,"count":39.0,"most_vote":"no_vote","most_vote_ratio":0.6923076923},{"id":164,"title":"Adjust Fee Discount Tiers Threshold And Maker Discount","type":"FeeDiscount","status":"PASSED","yes":7.0,"no":0.0,"veto":0.0,"abstain":4.0,"no_vote":28.0,"count":39.0,"most_vote":"no_vote","most_vote_ratio":0.7179487179},{"id":161,"title":"Dexterium grant proposal","type":"Text","status":"REJECTED","yes":5.0,"no":5.0,"veto":0.0,"abstain":5.0,"no_vote":25.0,"count":40.0,"most_vote":"no_vote","most_vote_ratio":0.625},{"id":160,"title":"Trade  Earn rewards points adjustment for epoch ended June 22 2022 UTC","type":"RewardUpdate","status":"PASSED","yes":11.0,"no":0.0,"veto":0.0,"abstain":4.0,"no_vote":25.0,"count":40.0,"most_vote":"no_vote","most_vote_ratio":0.625},{"id":158,"title":"Disbursement of DMM rewards for epochs ended on 17 May 2022 and 14 June 2022","type":"CommunityPoolSpend","status":"PASSED","yes":7.0,"no":0.0,"veto":0.0,"abstain":4.0,"no_vote":28.0,"count":39.0,"most_vote":"no_vote","most_vote_ratio":0.7179487179},{"id":157,"title":"Trade  Earn rewards points adjustment for epoch ended June 15 2022 UTC","type":"RewardUpdate","status":"REJECTED","yes":9.0,"no":0.0,"veto":0.0,"abstain":3.0,"no_vote":27.0,"count":39.0,"most_vote":"no_vote","most_vote_ratio":0.6923076923},{"id":155,"title":"Trade  Earn rewards points adjustment for epoch ended June 8 2022 UTC","type":"RewardUpdate","status":"PASSED","yes":8.0,"no":0.0,"veto":0.0,"abstain":3.0,"no_vote":28.0,"count":39.0,"most_vote":"no_vote","most_vote_ratio":0.7179487179},{"id":154,"title":"Trade  Earn rewards points adjustment for epoch ended June 1 2022 UTC","type":"RewardUpdate","status":"PASSED","yes":9.0,"no":0.0,"veto":0.0,"abstain":5.0,"no_vote":25.0,"count":39.0,"most_vote":"no_vote","most_vote_ratio":0.641025641},{"id":153,"title":"Disbursement of DMM rewards for epochs ended on 22 Feb 2022 and 17 May 2022","type":"CommunityPoolSpend","status":"PASSED","yes":9.0,"no":0.0,"veto":0.0,"abstain":5.0,"no_vote":25.0,"count":39.0,"most_vote":"no_vote","most_vote_ratio":0.641025641},{"id":152,"title":"Trade  Earn rewards points adjustment for epoch ended May 25 2022 UTC","type":"RewardUpdate","status":"PASSED","yes":7.0,"no":0.0,"veto":0.0,"abstain":4.0,"no_vote":28.0,"count":39.0,"most_vote":"no_vote","most_vote_ratio":0.7179487179},{"id":151,"title":"Trade  Earn rewards points adjustment for epoch ended May 18 2022 UTC","type":"RewardUpdate","status":"PASSED","yes":7.0,"no":0.0,"veto":0.0,"abstain":3.0,"no_vote":29.0,"count":39.0,"most_vote":"no_vote","most_vote_ratio":0.7435897436},{"id":150,"title":"Trade  Earn rewards points adjustment for epoch ended May 11 2022 UTC","type":"RewardUpdate","status":"PASSED","yes":8.0,"no":0.0,"veto":0.0,"abstain":4.0,"no_vote":27.0,"count":39.0,"most_vote":"no_vote","most_vote_ratio":0.6923076923},{"id":149,"title":"Update LUNA trading pairs tick size","type":"ExchangeModification","status":"PASSED","yes":10.0,"no":0.0,"veto":0.0,"abstain":3.0,"no_vote":26.0,"count":39.0,"most_vote":"no_vote","most_vote_ratio":0.6666666667},{"id":147,"title":"Trade and Earn Reward Restructure for Terra and Injective Ecosystem Builders","type":"RewardUpdate","status":"PASSED","yes":9.0,"no":1.0,"veto":0.0,"abstain":2.0,"no_vote":27.0,"count":39.0,"most_vote":"no_vote","most_vote_ratio":0.6923076923},{"id":145,"title":"Trade  Earn rewards points adjustment for epoch ended April 27 2022 UTC","type":"RewardUpdate","status":"PASSED","yes":5.0,"no":0.0,"veto":0.0,"abstain":3.0,"no_vote":31.0,"count":39.0,"most_vote":"no_vote","most_vote_ratio":0.7948717949},{"id":141,"title":"Trade  Earn rewards points adjustment for epoch ended April 20 2022 UTC","type":"RewardUpdate","status":"PASSED","yes":8.0,"no":0.0,"veto":0.0,"abstain":4.0,"no_vote":27.0,"count":39.0,"most_vote":"no_vote","most_vote_ratio":0.6923076923},{"id":139,"title":"Disbursement of DMM rewards for epochs ended on 25 Jan 2022 and 19 April 2022","type":"CommunityPoolSpend","status":"PASSED","yes":7.0,"no":0.0,"veto":0.0,"abstain":4.0,"no_vote":28.0,"count":39.0,"most_vote":"no_vote","most_vote_ratio":0.7179487179},{"id":134,"title":"BAYCWETH PERP Market Launch","type":"PerpetualMarketLaunch","status":"PASSED","yes":7.0,"no":0.0,"veto":0.0,"abstain":2.0,"no_vote":30.0,"count":39.0,"most_vote":"no_vote","most_vote_ratio":0.7692307692},{"id":116,"title":"Trade  Earn rewards points adjustment for epoch ended February 16 2022 UTC","type":"RewardUpdate","status":"PASSED","yes":5.0,"no":0.0,"veto":0.0,"abstain":3.0,"no_vote":31.0,"count":39.0,"most_vote":"no_vote","most_vote_ratio":0.7948717949},{"id":108,"title":"Exclude market makers from Trade and Earn rewards","type":"Text","status":"REJECTED","yes":7.0,"no":2.0,"veto":0.0,"abstain":0.0,"no_vote":30.0,"count":39.0,"most_vote":"no_vote","most_vote_ratio":0.7692307692},{"id":101,"title":"Update Fee Discounts VIP Tiers","type":"FeeDiscount","status":"PASSED","yes":4.0,"no":0.0,"veto":0.0,"abstain":2.0,"no_vote":33.0,"count":39.0,"most_vote":"no_vote","most_vote_ratio":0.8461538462},{"id":100,"title":"Update staking requirement for Trade  Earn rewards","type":"ParameterChange","status":"PASSED","yes":4.0,"no":0.0,"veto":0.0,"abstain":2.0,"no_vote":33.0,"count":39.0,"most_vote":"no_vote","most_vote_ratio":0.8461538462},{"id":99,"title":"Trading Reward Campaign Boost Update","type":"RewardUpdate","status":"PASSED","yes":3.0,"no":0.0,"veto":0.0,"abstain":2.0,"no_vote":34.0,"count":39.0,"most_vote":"no_vote","most_vote_ratio":0.8717948718},{"id":97,"title":"Disbursement of DMM rewards as at 28 Dec 2021","type":"CommunityPoolSpend","status":"PASSED","yes":2.0,"no":0.0,"veto":0.0,"abstain":1.0,"no_vote":36.0,"count":39.0,"most_vote":"no_vote","most_vote_ratio":0.9230769231},{"id":95,"title":"Band Oracle Incident Grants Part 2","type":"CommunityPoolSpend","status":"PASSED","yes":1.0,"no":0.0,"veto":0.0,"abstain":2.0,"no_vote":36.0,"count":39.0,"most_vote":"no_vote","most_vote_ratio":0.9230769231},{"id":63,"title":"Stargazers Ambassador Program Launch","type":"Text","status":"PASSED","yes":1.0,"no":1.0,"veto":0.0,"abstain":0.0,"no_vote":37.0,"count":39.0,"most_vote":"no_vote","most_vote_ratio":0.9487179487}]