[{"id":89,"title":"FindTruman  AIbased TexttoGame Creation Space Stage II","type":"Text","status":"PASSED","yes":46.0,"no":1.0,"veto":0.0,"abstain":31.0,"no_vote":9.0,"count":87.0,"most_vote":"yes","most_vote_ratio":0.5287356322},{"id":84,"title":"Proposal for Creating a Community Pool and Promoting IRIS in Sports Stadiums and Teams","type":"CommunityPoolSpend","status":"REJECTED","yes":1.0,"no":6.0,"veto":13.0,"abstain":3.0,"no_vote":41.0,"count":64.0,"most_vote":"no_vote","most_vote_ratio":0.640625},{"id":79,"title":"Milestone 3 Delivery Report on FindTruman for IRISnet","type":"CommunityPoolSpend","status":"PASSED","yes":41.0,"no":0.0,"veto":0.0,"abstain":23.0,"no_vote":15.0,"count":79.0,"most_vote":"yes","most_vote_ratio":0.5189873418},{"id":78,"title":"IRISnet Persian Community Funding","type":"CommunityPoolSpend","status":"REJECTED","yes":2.0,"no":25.0,"veto":1.0,"abstain":32.0,"no_vote":15.0,"count":75.0,"most_vote":"abstain","most_vote_ratio":0.4266666667},{"id":77,"title":"ReVote 2024 version ","type":"Text","status":"REJECTED","yes":19.0,"no":9.0,"veto":22.0,"abstain":10.0,"no_vote":16.0,"count":76.0,"most_vote":"veto","most_vote_ratio":0.2894736842},{"id":76,"title":"Uptick on IRISnet Marketplace Upgrade and Joint Event with IRISnet for ICS721 Use Case","type":"CommunityPoolSpend","status":"PASSED","yes":27.0,"no":12.0,"veto":2.0,"abstain":22.0,"no_vote":14.0,"count":77.0,"most_vote":"yes","most_vote_ratio":0.3506493506},{"id":74,"title":"Updated Milestone 2 Delivery Report on FindTruman for IRISnet ","type":"CommunityPoolSpend","status":"PASSED","yes":29.0,"no":20.0,"veto":0.0,"abstain":21.0,"no_vote":13.0,"count":83.0,"most_vote":"yes","most_vote_ratio":0.3493975904},{"id":73,"title":"Milestone 2 Delivery Report on FindTruman for IRISnet","type":"CommunityPoolSpend","status":"REJECTED","yes":17.0,"no":22.0,"veto":0.0,"abstain":27.0,"no_vote":11.0,"count":77.0,"most_vote":"abstain","most_vote_ratio":0.3506493506},{"id":52,"title":"Milestone 1 Deliverables Report on FindTruman for IRISnet","type":"CommunityPoolSpend","status":"REJECTED","yes":25.0,"no":24.0,"veto":0.0,"abstain":29.0,"no_vote":10.0,"count":88.0,"most_vote":"abstain","most_vote_ratio":0.3295454545},{"id":48,"title":"FindTruman  Create a STEAMlike Storygameplay Cocreation Platform in Web3","type":"Text","status":"PASSED","yes":17.0,"no":13.0,"veto":0.0,"abstain":14.0,"no_vote":27.0,"count":71.0,"most_vote":"no_vote","most_vote_ratio":0.3802816901},{"id":47,"title":"ATOM Airdrop ","type":"Text","status":"REJECTED","yes":0.0,"no":10.0,"veto":30.0,"abstain":0.0,"no_vote":30.0,"count":70.0,"most_vote":"veto","most_vote_ratio":0.4285714286},{"id":41,"title":"SUI Airdrop for COSMOS holders ","type":"Text","status":"REJECTED","yes":0.0,"no":3.0,"veto":13.0,"abstain":0.0,"no_vote":45.0,"count":61.0,"most_vote":"no_vote","most_vote_ratio":0.737704918},{"id":28,"title":"Get ATOM Airdrop ","type":"Text","status":"REJECTED","yes":0.0,"no":6.0,"veto":15.0,"abstain":1.0,"no_vote":43.0,"count":65.0,"most_vote":"no_vote","most_vote_ratio":0.6615384615},{"id":26,"title":"YEAH ATOM Airdrop ","type":"Text","status":"REJECTED","yes":2.0,"no":16.0,"veto":16.0,"abstain":3.0,"no_vote":32.0,"count":69.0,"most_vote":"no_vote","most_vote_ratio":0.4637681159},{"id":25,"title":"ATOM Airdrop ","type":"Text","status":"REJECTED","yes":1.0,"no":3.0,"veto":17.0,"abstain":0.0,"no_vote":42.0,"count":63.0,"most_vote":"no_vote","most_vote_ratio":0.6666666667},{"id":24,"title":"ATOM Airdrop for COSMOS stakers","type":"Text","status":"REJECTED","yes":1.0,"no":1.0,"veto":15.0,"abstain":0.0,"no_vote":46.0,"count":63.0,"most_vote":"no_vote","most_vote_ratio":0.7301587302},{"id":7,"title":"Slashing Param Change","type":"ParameterChange","status":"REJECTED","yes":28.0,"no":8.0,"veto":1.0,"abstain":0.0,"no_vote":35.0,"count":72.0,"most_vote":"no_vote","most_vote_ratio":0.4861111111}]