[{"id":191,"title":"Adds MerlinBTC to Kava Lend","type":"ParameterChange","status":"PASSED","yes":18.0,"no":0.0,"veto":0.0,"abstain":15.0,"no_vote":20.0,"count":53.0,"most_vote":"no_vote","most_vote_ratio":0.3773584906},{"id":190,"title":"Kava Rise Payouts September 2024","type":"Exec","status":"PASSED","yes":25.0,"no":0.0,"veto":0.0,"abstain":8.0,"no_vote":19.0,"count":52.0,"most_vote":"yes","most_vote_ratio":0.4807692308},{"id":189,"title":"Extend incentive reward periods for Kava Earn and Kava Lend","type":"ParameterChange","status":"PASSED","yes":22.0,"no":0.0,"veto":0.0,"abstain":10.0,"no_vote":20.0,"count":52.0,"most_vote":"yes","most_vote_ratio":0.4230769231},{"id":188,"title":"Kava Rise Payouts August 2024","type":"Exec","status":"PASSED","yes":26.0,"no":0.0,"veto":0.0,"abstain":7.0,"no_vote":23.0,"count":56.0,"most_vote":"yes","most_vote_ratio":0.4642857143},{"id":187,"title":"Enable Committee MsgVote for EIP712","type":"ParameterChange","status":"PASSED","yes":24.0,"no":0.0,"veto":0.0,"abstain":11.0,"no_vote":23.0,"count":58.0,"most_vote":"yes","most_vote_ratio":0.4137931034},{"id":186,"title":"Kava Rise Payouts July 2024","type":"Exec","status":"PASSED","yes":25.0,"no":0.0,"veto":0.0,"abstain":9.0,"no_vote":23.0,"count":57.0,"most_vote":"yes","most_vote_ratio":0.4385964912},{"id":185,"title":"Extend USDT deposit incentives for Kava Lend","type":"ParameterChange","status":"PASSED","yes":30.0,"no":1.0,"veto":0.0,"abstain":8.0,"no_vote":22.0,"count":61.0,"most_vote":"yes","most_vote_ratio":0.4918032787},{"id":183,"title":"Kava Rise Payouts June 2024","type":"Exec","status":"PASSED","yes":27.0,"no":0.0,"veto":0.0,"abstain":9.0,"no_vote":25.0,"count":61.0,"most_vote":"yes","most_vote_ratio":0.4426229508},{"id":180,"title":"Kava Rise payouts for May 2024","type":"Exec","status":"PASSED","yes":26.0,"no":0.0,"veto":0.0,"abstain":9.0,"no_vote":24.0,"count":59.0,"most_vote":"yes","most_vote_ratio":0.4406779661},{"id":179,"title":"Kava Rise payouts for April 2024","type":"Exec","status":"PASSED","yes":30.0,"no":0.0,"veto":0.0,"abstain":8.0,"no_vote":24.0,"count":62.0,"most_vote":"yes","most_vote_ratio":0.4838709677},{"id":176,"title":"Kava Rise payouts for February 2024","type":"Exec","status":"PASSED","yes":32.0,"no":0.0,"veto":0.0,"abstain":14.0,"no_vote":21.0,"count":67.0,"most_vote":"yes","most_vote_ratio":0.4776119403},{"id":175,"title":"WAGMIwKAVA LP Authorization","type":"Text","status":"PASSED","yes":32.0,"no":1.0,"veto":0.0,"abstain":13.0,"no_vote":21.0,"count":67.0,"most_vote":"yes","most_vote_ratio":0.4776119403},{"id":172,"title":"WAGMI Pool Creation on Kinetix","type":"Exec","status":"PASSED","yes":21.0,"no":0.0,"veto":0.0,"abstain":18.0,"no_vote":21.0,"count":60.0,"most_vote":"yes","most_vote_ratio":0.35},{"id":171,"title":"cosmosauthzv1beta1MsgExec","type":"Exec","status":"PASSED","yes":28.0,"no":3.0,"veto":0.0,"abstain":18.0,"no_vote":18.0,"count":67.0,"most_vote":"yes","most_vote_ratio":0.4179104478},{"id":169,"title":"WAGMI Token Transfer","type":"Text","status":"PASSED","yes":12.0,"no":20.0,"veto":0.0,"abstain":16.0,"no_vote":17.0,"count":65.0,"most_vote":"no","most_vote_ratio":0.3076923077},{"id":166,"title":"Supply Funds into Kava Mint","type":"Exec","status":"REJECTED","yes":9.0,"no":19.0,"veto":1.0,"abstain":14.0,"no_vote":20.0,"count":63.0,"most_vote":"no_vote","most_vote_ratio":0.3174603175},{"id":158,"title":"Deposit Additional Funds into Kava Mint","type":"ParameterChange","status":"PASSED","yes":26.0,"no":6.0,"veto":0.0,"abstain":4.0,"no_vote":24.0,"count":60.0,"most_vote":"yes","most_vote_ratio":0.4333333333},{"id":154,"title":"Kava Rise payouts for July 2023","type":"CommunityPoolSpend","status":"REJECTED","yes":17.0,"no":20.0,"veto":0.0,"abstain":10.0,"no_vote":17.0,"count":64.0,"most_vote":"no","most_vote_ratio":0.3125},{"id":153,"title":"Increases USDt incentives removes various asset incentives in Kava Lend","type":"ParameterChange","status":"PASSED","yes":37.0,"no":2.0,"veto":0.0,"abstain":9.0,"no_vote":15.0,"count":63.0,"most_vote":"yes","most_vote_ratio":0.5873015873},{"id":151,"title":"Supply Funds into Kava Mint","type":"ParameterChange","status":"PASSED","yes":34.0,"no":3.0,"veto":0.0,"abstain":9.0,"no_vote":17.0,"count":63.0,"most_vote":"yes","most_vote_ratio":0.5396825397},{"id":149,"title":"Adds EIP712 allowed messages","type":"ParameterChange","status":"REJECTED","yes":22.0,"no":28.0,"veto":0.0,"abstain":4.0,"no_vote":15.0,"count":69.0,"most_vote":"no","most_vote_ratio":0.4057971014},{"id":148,"title":"Kava Rise payouts for June 2023","type":"CommunityPoolSpend","status":"PASSED","yes":42.0,"no":1.0,"veto":0.0,"abstain":9.0,"no_vote":16.0,"count":68.0,"most_vote":"yes","most_vote_ratio":0.6176470588},{"id":142,"title":"Deposit Funds into Kava Lend","type":"Exec","status":"PASSED","yes":30.0,"no":1.0,"veto":0.0,"abstain":10.0,"no_vote":21.0,"count":62.0,"most_vote":"yes","most_vote_ratio":0.4838709677},{"id":141,"title":"Kava Horizon signaling proposal","type":"ParameterChange","status":"PASSED","yes":30.0,"no":9.0,"veto":0.0,"abstain":11.0,"no_vote":14.0,"count":64.0,"most_vote":"yes","most_vote_ratio":0.46875},{"id":137,"title":"Add Kava Origin to Kava Infrastructure and Security Rewards","type":"ParameterChange","status":"PASSED","yes":30.0,"no":6.0,"veto":0.0,"abstain":10.0,"no_vote":17.0,"count":63.0,"most_vote":"yes","most_vote_ratio":0.4761904762},{"id":135,"title":"Establish Kava Origin foundation","type":"Text","status":"PASSED","yes":12.0,"no":8.0,"veto":6.0,"abstain":17.0,"no_vote":19.0,"count":62.0,"most_vote":"no_vote","most_vote_ratio":0.3064516129},{"id":128,"title":"Support Decentralization and Security on the Kava Network","type":"Text","status":"PASSED","yes":31.0,"no":4.0,"veto":0.0,"abstain":5.0,"no_vote":22.0,"count":62.0,"most_vote":"yes","most_vote_ratio":0.5},{"id":126,"title":"Adjust incentive rewards and staking incentives","type":"ParameterChange","status":"PASSED","yes":35.0,"no":3.0,"veto":1.0,"abstain":6.0,"no_vote":19.0,"count":64.0,"most_vote":"yes","most_vote_ratio":0.546875},{"id":125,"title":"Launch the 1000000 AKT Akash Open Cloud Kava Validator Campaign","type":"Text","status":"PASSED","yes":33.0,"no":0.0,"veto":0.0,"abstain":11.0,"no_vote":19.0,"count":63.0,"most_vote":"yes","most_vote_ratio":0.5238095238},{"id":121,"title":"Kava 12 Software Upgrade Proposal","type":"SoftwareUpgrade","status":"REJECTED","yes":24.0,"no":22.0,"veto":0.0,"abstain":0.0,"no_vote":18.0,"count":64.0,"most_vote":"yes","most_vote_ratio":0.375},{"id":120,"title":"Kava 12 Software Upgrade Proposal","type":"SoftwareUpgrade","status":"REJECTED","yes":23.0,"no":29.0,"veto":0.0,"abstain":0.0,"no_vote":14.0,"count":66.0,"most_vote":"no","most_vote_ratio":0.4393939394},{"id":116,"title":"Remove Community Pool Funds From Earn Vault","type":"CommunityPoolSpend","status":"REJECTED","yes":27.0,"no":2.0,"veto":0.0,"abstain":8.0,"no_vote":22.0,"count":59.0,"most_vote":"yes","most_vote_ratio":0.4576271186},{"id":104,"title":"Adjusts Kava incentive rewards for Swap Lend and Boost and KAVA stakers Adds parameters for Multichain Dai USDT to earn module ","type":"ParameterChange","status":"PASSED","yes":38.0,"no":6.0,"veto":1.0,"abstain":4.0,"no_vote":15.0,"count":64.0,"most_vote":"yes","most_vote_ratio":0.59375},{"id":101,"title":"Ethermint Funding Proposal For Past Development Addressed from The Evmos Community to The Kava Community","type":"CommunityPoolSpend","status":"REJECTED","yes":5.0,"no":20.0,"veto":0.0,"abstain":19.0,"no_vote":20.0,"count":64.0,"most_vote":"no","most_vote_ratio":0.3125},{"id":100,"title":"Kava 11 Software Upgrade Proposal","type":"SoftwareUpgrade","status":"REJECTED","yes":20.0,"no":30.0,"veto":0.0,"abstain":0.0,"no_vote":16.0,"count":66.0,"most_vote":"no","most_vote_ratio":0.4545454545},{"id":89,"title":"Adjust annual inflation for Kava stakers from 17 to 135","type":"ParameterChange","status":"PASSED","yes":24.0,"no":4.0,"veto":1.0,"abstain":4.0,"no_vote":25.0,"count":58.0,"most_vote":"no_vote","most_vote_ratio":0.4310344828},{"id":88,"title":"Adjust annual inflation for Kava stakers from 20 to 17","type":"ParameterChange","status":"REJECTED","yes":9.0,"no":23.0,"veto":0.0,"abstain":2.0,"no_vote":25.0,"count":59.0,"most_vote":"no_vote","most_vote_ratio":0.4237288136},{"id":82,"title":"Adjust UST in Kava Mint","type":"ParameterChange","status":"REJECTED","yes":29.0,"no":6.0,"veto":1.0,"abstain":7.0,"no_vote":21.0,"count":64.0,"most_vote":"yes","most_vote_ratio":0.453125},{"id":80,"title":"Kava 10 Software Upgrade Proposal","type":"SoftwareUpgrade","status":"REJECTED","yes":19.0,"no":35.0,"veto":0.0,"abstain":1.0,"no_vote":14.0,"count":69.0,"most_vote":"no","most_vote_ratio":0.5072463768},{"id":78,"title":"Create Developer Incentives Fund via the community pool","type":"ParameterChange","status":"PASSED","yes":38.0,"no":6.0,"veto":0.0,"abstain":4.0,"no_vote":18.0,"count":66.0,"most_vote":"yes","most_vote_ratio":0.5757575758},{"id":75,"title":"Turn off AKT Stake drop","type":"ParameterChange","status":"PASSED","yes":21.0,"no":13.0,"veto":0.0,"abstain":13.0,"no_vote":19.0,"count":66.0,"most_vote":"yes","most_vote_ratio":0.3181818182},{"id":73,"title":"Kava LoanWars Payouts","type":"CommunityPoolSpend","status":"PASSED","yes":29.0,"no":5.0,"veto":0.0,"abstain":9.0,"no_vote":20.0,"count":63.0,"most_vote":"yes","most_vote_ratio":0.4603174603},{"id":71,"title":"Kava Swap incentivized testnet winner payouts","type":"CommunityPoolSpend","status":"REJECTED","yes":4.0,"no":19.0,"veto":0.0,"abstain":13.0,"no_vote":24.0,"count":60.0,"most_vote":"no_vote","most_vote_ratio":0.4}]