[{"voter":"Chainflow","cluster_label":3,"tsne_x":-3.4406349659,"tsne_y":-7.9327731133,"votingPower":0.00031},{"voter":"Imperatorco","cluster_label":3,"tsne_x":1.193418622,"tsne_y":-16.2615566254,"votingPower":0.020436},{"voter":" AutoStake  Slash Protected","cluster_label":3,"tsne_x":-1.8074734211,"tsne_y":-16.2887821198,"votingPower":0.010877},{"voter":"Provalidator","cluster_label":3,"tsne_x":-1.5202800035,"tsne_y":-10.620388031,"votingPower":0.014517},{"voter":"Simply Staking","cluster_label":3,"tsne_x":-4.8222708702,"tsne_y":-10.4333906174,"votingPower":0.002868},{"voter":"StakeLabzone","cluster_label":3,"tsne_x":-11.7334747314,"tsne_y":-2.4688487053,"votingPower":0.008479},{"voter":"Sentinel dVPN","cluster_label":4,"tsne_x":-7.2156934738,"tsne_y":-1.3999197483,"votingPower":0.007807},{"voter":"REDELEGATE","cluster_label":3,"tsne_x":-6.0708122253,"tsne_y":-8.2019071579,"votingPower":0.000006},{"voter":"BouBouNode","cluster_label":7,"tsne_x":-9.0620203018,"tsne_y":2.176441431,"votingPower":0.00125},{"voter":"SpacePotato","cluster_label":3,"tsne_x":-6.8392763138,"tsne_y":-8.7013969421,"votingPower":0.001915},{"voter":"Crosnest","cluster_label":3,"tsne_x":0.1839440465,"tsne_y":-16.9281845093,"votingPower":0.007996},{"voter":"SG1","cluster_label":3,"tsne_x":-3.4904541969,"tsne_y":-3.904204607,"votingPower":0.039235},{"voter":"KalpaTech","cluster_label":3,"tsne_x":-0.5737228394,"tsne_y":-8.9552364349,"votingPower":0.008556},{"voter":"Swiss Staking","cluster_label":3,"tsne_x":-1.2861105204,"tsne_y":-9.0443296432,"votingPower":0.036768},{"voter":"01node","cluster_label":3,"tsne_x":-8.8880643845,"tsne_y":-10.8320608139,"votingPower":0.003312},{"voter":"Inotel","cluster_label":10,"tsne_x":9.1932573318,"tsne_y":-3.4663114548,"votingPower":0.004505},{"voter":"Bi23 Labs","cluster_label":3,"tsne_x":-6.6911325455,"tsne_y":-6.4698395729,"votingPower":0.000008},{"voter":"kytzu","cluster_label":4,"tsne_x":-6.4886813164,"tsne_y":3.5076642036,"votingPower":0.000001},{"voter":"Secure Secrets","cluster_label":8,"tsne_x":-12.9941987991,"tsne_y":5.6569986343,"votingPower":0.002707},{"voter":"jabbey","cluster_label":3,"tsne_x":-3.0307719707,"tsne_y":-9.7156391144,"votingPower":0.003124},{"voter":"0basevc","cluster_label":3,"tsne_x":-2.1206314564,"tsne_y":-11.3405752182,"votingPower":0.023785},{"voter":"Smart Stake ","cluster_label":3,"tsne_x":1.4214736223,"tsne_y":-16.1805019379,"votingPower":0.010016},{"voter":" block pane ","cluster_label":3,"tsne_x":-7.6107411385,"tsne_y":-7.7899951935,"votingPower":0.001355},{"voter":"Redline Validation","cluster_label":3,"tsne_x":-5.8774995804,"tsne_y":-7.5960636139,"votingPower":0.000899},{"voter":"StakeTown","cluster_label":3,"tsne_x":-6.2532138824,"tsne_y":-6.7642979622,"votingPower":0.000159},{"voter":"stakefish","cluster_label":3,"tsne_x":-6.4911513329,"tsne_y":-7.6762361526,"votingPower":0.030202},{"voter":"Figment","cluster_label":3,"tsne_x":-8.1545009613,"tsne_y":-5.0620088577,"votingPower":0.00044},{"voter":"DO NOT DELEGATE HERE","cluster_label":3,"tsne_x":-7.6453495026,"tsne_y":-5.6629338264,"votingPower":0.0},{"voter":"a41","cluster_label":3,"tsne_x":-4.762963295,"tsne_y":-11.0868587494,"votingPower":0.000112},{"voter":"Oldcat","cluster_label":3,"tsne_x":-5.7048835754,"tsne_y":-7.4919953346,"votingPower":0.004019},{"voter":"Tessellated","cluster_label":3,"tsne_x":-1.5557175875,"tsne_y":-9.1996860504,"votingPower":0.000349},{"voter":"Gelotto  Slash Protected","cluster_label":3,"tsne_x":-7.3514204025,"tsne_y":-2.0663745403,"votingPower":0.0069},{"voter":"Golden Ratio Staking","cluster_label":3,"tsne_x":-3.0155668259,"tsne_y":-14.5157222748,"votingPower":0.013482},{"voter":"COSMSTAKE","cluster_label":4,"tsne_x":-6.3302440643,"tsne_y":-1.3147714138,"votingPower":0.000045},{"voter":"Obi","cluster_label":3,"tsne_x":-5.9610748291,"tsne_y":-1.2147126198,"votingPower":0.0},{"voter":"CommunityStaking","cluster_label":3,"tsne_x":-4.8564500809,"tsne_y":-6.0824036598,"votingPower":0.008748},{"voter":"TheCybernetics","cluster_label":10,"tsne_x":8.2414865494,"tsne_y":-3.1976666451,"votingPower":0.055605},{"voter":"Stakelyio","cluster_label":3,"tsne_x":-1.6383709908,"tsne_y":-14.9734888077,"votingPower":0.003836},{"voter":"Kalia Network","cluster_label":10,"tsne_x":5.4717378616,"tsne_y":-7.263677597,"votingPower":0.000141},{"voter":"ECO Stake ","cluster_label":3,"tsne_x":-0.134462744,"tsne_y":-13.3474664688,"votingPower":0.011697},{"voter":"NosNode","cluster_label":3,"tsne_x":-5.3454813957,"tsne_y":-11.6273584366,"votingPower":0.002004},{"voter":"Citadelone","cluster_label":3,"tsne_x":-1.1471613646,"tsne_y":-16.6327629089,"votingPower":0.020861},{"voter":"Informal Systems","cluster_label":3,"tsne_x":0.5357372165,"tsne_y":-13.044708252,"votingPower":0.018933},{"voter":" LavenderFive Nodes ","cluster_label":3,"tsne_x":-1.0905067921,"tsne_y":-12.9833345413,"votingPower":0.018128},{"voter":"SolidStake","cluster_label":10,"tsne_x":6.7066817284,"tsne_y":-1.391554594,"votingPower":0.000002},{"voter":"Frens ","cluster_label":3,"tsne_x":0.2026738673,"tsne_y":-14.8497219086,"votingPower":0.016153},{"voter":"Zenscape","cluster_label":10,"tsne_x":5.9824376106,"tsne_y":-8.0693292618,"votingPower":0.000121},{"voter":"Cosmostation","cluster_label":3,"tsne_x":0.4103414714,"tsne_y":-16.2509803772,"votingPower":0.103178},{"voter":"Kleomedes","cluster_label":10,"tsne_x":5.2449622154,"tsne_y":4.6607108116,"votingPower":0.013119},{"voter":"Bored Ape Server","cluster_label":10,"tsne_x":8.3221673965,"tsne_y":-0.9223258495,"votingPower":0.00005},{"voter":"Levana  Powered by Cros Nest","cluster_label":10,"tsne_x":8.7281694412,"tsne_y":-2.1357469559,"votingPower":0.000082},{"voter":"BlueStake   100 insurance","cluster_label":10,"tsne_x":6.0927591324,"tsne_y":5.1819057465,"votingPower":0.013718},{"voter":"Oni ","cluster_label":10,"tsne_x":6.2261223793,"tsne_y":-7.6373806,"votingPower":0.004052},{"voter":"DOUBLETOP","cluster_label":10,"tsne_x":10.8829021454,"tsne_y":-2.0818009377,"votingPower":0.000046},{"voter":"artifact","cluster_label":10,"tsne_x":6.5241484642,"tsne_y":0.9991272092,"votingPower":0.000612},{"voter":"White Whale","cluster_label":1,"tsne_x":14.6719408035,"tsne_y":3.5410614014,"votingPower":0.004373},{"voter":"White Marlin Staking","cluster_label":10,"tsne_x":6.6336078644,"tsne_y":-6.9169592857,"votingPower":0.0},{"voter":"Silk Nodes","cluster_label":3,"tsne_x":-2.2461776733,"tsne_y":-6.2857165337,"votingPower":0.011648},{"voter":"OmniFlix Network","cluster_label":3,"tsne_x":3.3469743729,"tsne_y":-9.1592550278,"votingPower":0.023855},{"voter":"BlockHunters ","cluster_label":4,"tsne_x":-2.2550778389,"tsne_y":1.4666111469,"votingPower":0.006635},{"voter":"GATA HUB","cluster_label":3,"tsne_x":-2.0818464756,"tsne_y":-5.5170397758,"votingPower":0.006037},{"voter":"CosmosPug ","cluster_label":10,"tsne_x":9.2425918579,"tsne_y":2.172549963,"votingPower":0.006276},{"voter":"BasBlock","cluster_label":7,"tsne_x":-7.7935991287,"tsne_y":2.0159909725,"votingPower":0.000198},{"voter":"Kintsugi Nodes","cluster_label":3,"tsne_x":-3.0130228996,"tsne_y":-8.0641651154,"votingPower":0.026712},{"voter":"NodesGuru","cluster_label":10,"tsne_x":12.3461456299,"tsne_y":-6.3397040367,"votingPower":0.000528},{"voter":"blockscape","cluster_label":3,"tsne_x":-1.991939187,"tsne_y":-8.0882730484,"votingPower":0.002989},{"voter":"Stakecito","cluster_label":3,"tsne_x":0.1048872918,"tsne_y":-14.8154878616,"votingPower":0.028125},{"voter":"Meria","cluster_label":4,"tsne_x":2.6075119972,"tsne_y":-0.1092413664,"votingPower":0.005467},{"voter":"Blockdaemon","cluster_label":3,"tsne_x":-1.9480888844,"tsne_y":-6.4602284431,"votingPower":0.000009},{"voter":"Cypher Core","cluster_label":3,"tsne_x":-3.6879370213,"tsne_y":-11.4884843826,"votingPower":0.004017},{"voter":"Stakeflow","cluster_label":4,"tsne_x":0.0847343057,"tsne_y":1.120537281,"votingPower":0.00039},{"voter":"ChainLayer","cluster_label":3,"tsne_x":-10.3063879013,"tsne_y":-0.9345190525,"votingPower":0.000122},{"voter":"strangelove","cluster_label":13,"tsne_x":2.1073257923,"tsne_y":12.3394126892,"votingPower":0.001267},{"voter":"Allnodes","cluster_label":3,"tsne_x":1.0924696922,"tsne_y":-12.9180593491,"votingPower":0.012062},{"voter":"FreshSTAKING","cluster_label":3,"tsne_x":-6.0610513687,"tsne_y":-10.4203948975,"votingPower":0.002712},{"voter":"CryptoDungeon","cluster_label":10,"tsne_x":5.7722783089,"tsne_y":7.2665810585,"votingPower":0.008373},{"voter":"Quebec","cluster_label":13,"tsne_x":8.0184078217,"tsne_y":7.1107859612,"votingPower":0.000746},{"voter":"MrK","cluster_label":10,"tsne_x":-11.8810634613,"tsne_y":3.3269720078,"votingPower":0.000003},{"voter":"commercionetwork","cluster_label":4,"tsne_x":-9.9936952591,"tsne_y":0.4351860881,"votingPower":0.000024},{"voter":"SHUTTING DOWN AUDITone","cluster_label":3,"tsne_x":-4.2517566681,"tsne_y":-7.2638812065,"votingPower":0.002735},{"voter":"S16 Research Ventures","cluster_label":3,"tsne_x":-2.4797432423,"tsne_y":-6.7134737968,"votingPower":0.000307},{"voter":"dForce","cluster_label":4,"tsne_x":-10.0793447495,"tsne_y":0.2177834362,"votingPower":0.000003},{"voter":"ShapeShift DAO","cluster_label":3,"tsne_x":-3.2281534672,"tsne_y":15.2209501266,"votingPower":0.00382},{"voter":"Tedcryptoio   TedLotto","cluster_label":10,"tsne_x":10.8061151505,"tsne_y":0.185211584,"votingPower":0.00571},{"voter":"Interbloc","cluster_label":10,"tsne_x":6.8349409103,"tsne_y":-7.8363428116,"votingPower":0.000113},{"voter":"StakeRelax ","cluster_label":10,"tsne_x":3.3064386845,"tsne_y":0.070965223,"votingPower":0.005536},{"voter":"TR3B ASTRA","cluster_label":9,"tsne_x":-5.9354324341,"tsne_y":9.7694978714,"votingPower":0.000002},{"voter":"Blockpower","cluster_label":7,"tsne_x":-4.8553385735,"tsne_y":5.9303383827,"votingPower":0.000063},{"voter":"IcyCRO ","cluster_label":4,"tsne_x":1.9983314276,"tsne_y":-4.5025777817,"votingPower":0.007294},{"voter":"Beehive","cluster_label":3,"tsne_x":-6.1696028709,"tsne_y":-5.2699685097,"votingPower":0.000826},{"voter":"Validatus","cluster_label":9,"tsne_x":-6.0472421646,"tsne_y":2.214912653,"votingPower":0.000135},{"voter":"CLOSING  REDELGATE","cluster_label":10,"tsne_x":8.8291511536,"tsne_y":-1.2211328745,"votingPower":0.000005},{"voter":" kingnodes ","cluster_label":10,"tsne_x":4.7944450378,"tsne_y":5.5630397797,"votingPower":0.012976},{"voter":"Please Redelegate to other validator","cluster_label":9,"tsne_x":-5.8401632309,"tsne_y":11.3424949646,"votingPower":0.000089},{"voter":"Wave","cluster_label":13,"tsne_x":0.9656791687,"tsne_y":11.1574106216,"votingPower":0.000027},{"voter":"cyberG","cluster_label":9,"tsne_x":-10.4381380081,"tsne_y":3.9930057526,"votingPower":0.004586},{"voter":"Messi","cluster_label":10,"tsne_x":7.0319581032,"tsne_y":-2.8591907024,"votingPower":0.000005},{"voter":" CryptoCrew  100 MEV revenue to Juno stakers IBCgang REstake","cluster_label":10,"tsne_x":9.93242836,"tsne_y":-2.3911132812,"votingPower":0.011675},{"voter":"EZ Staking","cluster_label":4,"tsne_x":0.0545532405,"tsne_y":-3.1665921211,"votingPower":0.010457},{"voter":"Regenerator  Green Validator ","cluster_label":10,"tsne_x":13.2083358765,"tsne_y":-2.9394240379,"votingPower":0.006728},{"voter":"Cosmic Validator  100 MEV revenue to Juno stakers  Autocompound","cluster_label":10,"tsne_x":11.757525444,"tsne_y":-5.3110356331,"votingPower":0.003672},{"voter":"Witval","cluster_label":10,"tsne_x":10.3619070053,"tsne_y":-4.9014158249,"votingPower":0.004294},{"voter":"Please redelegate closing down 306","cluster_label":9,"tsne_x":-11.1721591949,"tsne_y":6.232407093,"votingPower":0.00005},{"voter":"STC Capital","cluster_label":10,"tsne_x":9.9205131531,"tsne_y":-1.3260362148,"votingPower":0.002446},{"voter":"Agaramai","cluster_label":9,"tsne_x":-10.704826355,"tsne_y":6.3299517632,"votingPower":0.000012},{"voter":"please redelegate","cluster_label":10,"tsne_x":7.8131766319,"tsne_y":-1.9744757414,"votingPower":0.000994},{"voter":"DAO Maximalist","cluster_label":9,"tsne_x":-10.0712461472,"tsne_y":6.7925682068,"votingPower":0.000044},{"voter":"Stakin","cluster_label":4,"tsne_x":0.920614779,"tsne_y":-2.3999936581,"votingPower":0.000415},{"voter":"Disperze","cluster_label":10,"tsne_x":11.6103258133,"tsne_y":-1.0691754818,"votingPower":0.019625},{"voter":"dimi ","cluster_label":9,"tsne_x":-11.3166418076,"tsne_y":7.5212988853,"votingPower":0.000022},{"voter":"notional","cluster_label":10,"tsne_x":10.6558227539,"tsne_y":1.0637702942,"votingPower":0.002482},{"voter":"QuantumNodeio  Token and NFT airdrops to all delegators","cluster_label":10,"tsne_x":9.3233337402,"tsne_y":-0.9571886659,"votingPower":0.00006},{"voter":"windpowerstake","cluster_label":4,"tsne_x":2.0131425858,"tsne_y":-3.8323252201,"votingPower":0.00143},{"voter":"Sarvodaya Validators","cluster_label":10,"tsne_x":7.1931238174,"tsne_y":0.9734788537,"votingPower":0.00006},{"voter":"Shutting Down Redelegate","cluster_label":10,"tsne_x":5.2238659859,"tsne_y":5.7842898369,"votingPower":0.000321},{"voter":"Please Redelegate","cluster_label":10,"tsne_x":4.6461262703,"tsne_y":-3.472676754,"votingPower":0.000003},{"voter":"WeStaking","cluster_label":4,"tsne_x":3.2511072159,"tsne_y":-4.0184440613,"votingPower":0.001119},{"voter":"DOMANODES","cluster_label":10,"tsne_x":9.4444541931,"tsne_y":-0.5081794262,"votingPower":0.0},{"voter":"BlackNodes","cluster_label":10,"tsne_x":8.7721729279,"tsne_y":-0.8948948383,"votingPower":0.000175},{"voter":"SmartNodes  Slash Protected","cluster_label":10,"tsne_x":9.0095968246,"tsne_y":0.3098523319,"votingPower":0.01081},{"voter":"Decommissioned Please redelegate Forbole","cluster_label":10,"tsne_x":11.1214065552,"tsne_y":-0.537230432,"votingPower":0.000012},{"voter":"Yurbason","cluster_label":10,"tsne_x":14.8105449677,"tsne_y":-0.452786833,"votingPower":0.000012},{"voter":"SG1 does blowjobs for spare change","cluster_label":10,"tsne_x":10.8637428284,"tsne_y":-0.5916531682,"votingPower":0.000713},{"voter":"Neta DAO","cluster_label":10,"tsne_x":12.4673309326,"tsne_y":0.0065554036,"votingPower":0.009914},{"voter":"ShuttingDown","cluster_label":10,"tsne_x":9.1489772797,"tsne_y":0.3143441677,"votingPower":0.00006},{"voter":"Chandra Station","cluster_label":10,"tsne_x":14.0222873688,"tsne_y":-0.4122683108,"votingPower":0.006221},{"voter":"UniverseDAO","cluster_label":10,"tsne_x":9.6249275208,"tsne_y":-0.3895545006,"votingPower":0.000303},{"voter":"Invicta Stake","cluster_label":10,"tsne_x":7.2858753204,"tsne_y":-0.6059306264,"votingPower":0.000022},{"voter":"AnalyticDynamix","cluster_label":10,"tsne_x":8.679022789,"tsne_y":-1.6353913546,"votingPower":0.0},{"voter":"syncnode","cluster_label":10,"tsne_x":10.5742387772,"tsne_y":3.9234814644,"votingPower":0.0},{"voter":"offline","cluster_label":10,"tsne_x":11.0096616745,"tsne_y":4.3502621651,"votingPower":0.0},{"voter":" RHINO  10 to Wildlife","cluster_label":10,"tsne_x":5.2750964165,"tsne_y":5.7715630531,"votingPower":0.003139},{"voter":"Hindsight","cluster_label":10,"tsne_x":10.1055011749,"tsne_y":5.9399604797,"votingPower":0.0},{"voter":"carbonZERO  30 TO DAO","cluster_label":10,"tsne_x":10.0591545105,"tsne_y":5.9816970825,"votingPower":0.000005},{"voter":"redelegateplease","cluster_label":10,"tsne_x":11.6982870102,"tsne_y":4.2995901108,"votingPower":0.000011},{"voter":"ZenLounge","cluster_label":10,"tsne_x":9.9645729065,"tsne_y":6.1854119301,"votingPower":0.002066},{"voter":"milkstake","cluster_label":9,"tsne_x":-12.1855344772,"tsne_y":6.1652383804,"votingPower":0.000062},{"voter":"GOAT V ","cluster_label":10,"tsne_x":11.061712265,"tsne_y":6.1309227943,"votingPower":0.000294},{"voter":"Enigma","cluster_label":4,"tsne_x":2.7469568253,"tsne_y":0.9331219196,"votingPower":0.007478},{"voter":"Plurigrid","cluster_label":9,"tsne_x":-5.4474248886,"tsne_y":3.8542191982,"votingPower":0.000002},{"voter":"3stakescom","cluster_label":9,"tsne_x":-8.1547679901,"tsne_y":8.5172739029,"votingPower":0.000041},{"voter":"Cosmos Spaces   ","cluster_label":13,"tsne_x":2.0126972198,"tsne_y":11.207985878,"votingPower":0.005261},{"voter":"Interop shutting down Feb 28th 2024","cluster_label":10,"tsne_x":11.6555099487,"tsne_y":5.9189238548,"votingPower":0.000014},{"voter":"Stake Frites  ","cluster_label":12,"tsne_x":-2.2333300114,"tsne_y":10.5206851959,"votingPower":0.004669},{"voter":"Domerium Labs","cluster_label":10,"tsne_x":9.0739812851,"tsne_y":1.8595728874,"votingPower":0.005166},{"voter":"Decloud Nodes Lab","cluster_label":12,"tsne_x":-4.0698108673,"tsne_y":5.3204135895,"votingPower":0.001308},{"voter":"nysanetwork","cluster_label":4,"tsne_x":0.6011234522,"tsne_y":-3.1545934677,"votingPower":0.003551},{"voter":" Stakepile  Autorestake enable","cluster_label":9,"tsne_x":-11.8139209747,"tsne_y":7.6940722466,"votingPower":0.000183},{"voter":"ChainTools","cluster_label":10,"tsne_x":7.3670721054,"tsne_y":1.4986207485,"votingPower":0.013766},{"voter":"ALTER  pathrock","cluster_label":9,"tsne_x":-9.5283842087,"tsne_y":5.4425859451,"votingPower":0.000201},{"voter":"Shutting down redelegate","cluster_label":4,"tsne_x":-5.4718136787,"tsne_y":7.6655669212,"votingPower":0.0},{"voter":" Stake or Die ","cluster_label":7,"tsne_x":-3.8311879635,"tsne_y":3.4423379898,"votingPower":0.0},{"voter":"Klub Staking  SHUTTING DOWN  Redelegate to Meria","cluster_label":9,"tsne_x":-8.0768909454,"tsne_y":11.2903270721,"votingPower":0.002334},{"voter":"Cogwheel ","cluster_label":9,"tsne_x":-4.9765286446,"tsne_y":4.2820391655,"votingPower":0.000265},{"voter":"HashKey Cloud","cluster_label":4,"tsne_x":3.8125686646,"tsne_y":-0.0549121872,"votingPower":0.004442},{"voter":" ","cluster_label":10,"tsne_x":-5.3859519958,"tsne_y":12.6570100784,"votingPower":0.000724},{"voter":"elsehow","cluster_label":9,"tsne_x":-9.1563978195,"tsne_y":8.9386167526,"votingPower":0.000067},{"voter":"OranG3cluB","cluster_label":10,"tsne_x":5.9668073654,"tsne_y":6.6959562302,"votingPower":0.004082},{"voter":"NITAWA","cluster_label":0,"tsne_x":0.929427743,"tsne_y":8.6982975006,"votingPower":0.0},{"voter":"web34ever","cluster_label":10,"tsne_x":-3.2046618462,"tsne_y":11.4093084335,"votingPower":0.003063},{"voter":"     polkachucom","cluster_label":10,"tsne_x":13.1510505676,"tsne_y":-2.8799536228,"votingPower":0.018315},{"voter":"Stakers","cluster_label":5,"tsne_x":2.6905136108,"tsne_y":3.317759037,"votingPower":0.003876},{"voter":"DEUS LABS","cluster_label":9,"tsne_x":-11.2174348831,"tsne_y":5.3854212761,"votingPower":0.000586},{"voter":"stakesystems","cluster_label":10,"tsne_x":13.1865415573,"tsne_y":-4.229927063,"votingPower":0.000639},{"voter":"  Mercury","cluster_label":9,"tsne_x":-10.4441795349,"tsne_y":4.5807023048,"votingPower":0.000366},{"voter":"chainvibes","cluster_label":10,"tsne_x":13.3871870041,"tsne_y":0.1419053376,"votingPower":0.00283},{"voter":"Consensus One","cluster_label":9,"tsne_x":-8.5503931046,"tsne_y":3.8906085491,"votingPower":0.000643},{"voter":"testovich","cluster_label":13,"tsne_x":0.8624797463,"tsne_y":12.2716598511,"votingPower":0.000337},{"voter":"STAKECRAFT","cluster_label":10,"tsne_x":3.7004675865,"tsne_y":5.8366684914,"votingPower":0.000518},{"voter":"Earth shutting down 519 pls redelegate ","cluster_label":13,"tsne_x":1.4653105736,"tsne_y":11.6321849823,"votingPower":0.000132},{"voter":"StakeTartare","cluster_label":13,"tsne_x":1.5152597427,"tsne_y":11.6944932938,"votingPower":0.000001},{"voter":"Stakewollecom  Autocompound","cluster_label":1,"tsne_x":14.4460144043,"tsne_y":3.7094922066,"votingPower":0.003858},{"voter":" uGaenn ","cluster_label":8,"tsne_x":-5.9773378372,"tsne_y":7.8822021484,"votingPower":0.00285},{"voter":"  Crypteloid","cluster_label":9,"tsne_x":-11.2534141541,"tsne_y":4.5543026924,"votingPower":0.000189},{"voter":"Centurion","cluster_label":9,"tsne_x":-9.3872489929,"tsne_y":4.9214754105,"votingPower":0.0},{"voter":" INFINITY ","cluster_label":7,"tsne_x":-5.6687164307,"tsne_y":4.7287397385,"votingPower":0.0},{"voter":"DONOTDELEGATE","cluster_label":5,"tsne_x":2.5872013569,"tsne_y":3.3762731552,"votingPower":0.00014},{"voter":"PUPMS","cluster_label":4,"tsne_x":1.1551301479,"tsne_y":-3.3762717247,"votingPower":0.017602},{"voter":"LOA Labs","cluster_label":9,"tsne_x":-4.7969088554,"tsne_y":11.1652765274,"votingPower":0.000368},{"voter":"Shutting down please redelegate","cluster_label":4,"tsne_x":1.9159032106,"tsne_y":-3.9432823658,"votingPower":0.003069},{"voter":"NacionCrypto  Parceros","cluster_label":9,"tsne_x":0.1715448648,"tsne_y":5.9173183441,"votingPower":0.004699},{"voter":"Undelegate  The Crypto Gateway","cluster_label":9,"tsne_x":-7.8441619873,"tsne_y":4.699657917,"votingPower":0.000004},{"voter":"Validatorrun  100 Slash Protected","cluster_label":9,"tsne_x":-7.1682357788,"tsne_y":10.4368915558,"votingPower":0.001051},{"voter":"SunFaceorg","cluster_label":9,"tsne_x":-8.4001951218,"tsne_y":4.4202818871,"votingPower":0.0},{"voter":"securityDAO","cluster_label":9,"tsne_x":-6.4619383812,"tsne_y":4.7446331978,"votingPower":0.000003},{"voter":"studentmtk","cluster_label":9,"tsne_x":-6.8478555679,"tsne_y":10.6313867569,"votingPower":0.0},{"voter":"tor","cluster_label":9,"tsne_x":-6.8515415192,"tsne_y":10.6306562424,"votingPower":0.0},{"voter":" 79anvi ","cluster_label":5,"tsne_x":-2.7420284748,"tsne_y":7.0436840057,"votingPower":0.000087},{"voter":"STAVR REStake ON","cluster_label":5,"tsne_x":-2.2709479332,"tsne_y":7.3465204239,"votingPower":0.000195},{"voter":"Wetez","cluster_label":5,"tsne_x":-6.2640447617,"tsne_y":6.0807614326,"votingPower":0.002656},{"voter":"Validatriumcom","cluster_label":2,"tsne_x":-0.7492151856,"tsne_y":5.26126194,"votingPower":0.000165},{"voter":"This node will go down please redelegate asap","cluster_label":9,"tsne_x":-7.5948057175,"tsne_y":10.791841507,"votingPower":0.000129},{"voter":"coinhallorg  DataCharts for Juno","cluster_label":10,"tsne_x":12.1558446884,"tsne_y":2.2084915638,"votingPower":0.004143},{"voter":"BH  closing","cluster_label":7,"tsne_x":-5.003223896,"tsne_y":4.698073864,"votingPower":0.000046},{"voter":"SHUTTING DOWN PLEASE REDELEGATE","cluster_label":9,"tsne_x":-3.5940761566,"tsne_y":10.8982639313,"votingPower":0.000087},{"voter":"Aqua Wellspring ","cluster_label":9,"tsne_x":-7.9197402,"tsne_y":8.3186912537,"votingPower":0.000053},{"voter":"Architect Nodes","cluster_label":4,"tsne_x":2.6986386776,"tsne_y":-2.9509027004,"votingPower":0.000383},{"voter":"SpaceStake","cluster_label":7,"tsne_x":-4.3276925087,"tsne_y":1.6038877964,"votingPower":0.000137},{"voter":"BitValidator","cluster_label":4,"tsne_x":-2.1132559776,"tsne_y":1.9150795937,"votingPower":0.001987},{"voter":"Tradooors Closing 331 Redelegate","cluster_label":11,"tsne_x":-5.2570872307,"tsne_y":5.7219715118,"votingPower":0.000047},{"voter":"Inactive","cluster_label":9,"tsne_x":-4.5412421227,"tsne_y":8.0116863251,"votingPower":0.00123},{"voter":"Basement Nodes ","cluster_label":9,"tsne_x":-1.5821994543,"tsne_y":5.1921486855,"votingPower":0.002651},{"voter":"MEMEFoundation","cluster_label":7,"tsne_x":-0.8192536831,"tsne_y":4.2648296356,"votingPower":0.000157},{"voter":"HEXXAGON","cluster_label":9,"tsne_x":-4.7566103935,"tsne_y":2.6849429607,"votingPower":0.000024},{"voter":"Huginn","cluster_label":4,"tsne_x":-0.3053019643,"tsne_y":1.9199169874,"votingPower":0.0},{"voter":"LuckyFridayio","cluster_label":9,"tsne_x":-4.6791448593,"tsne_y":7.6375026703,"votingPower":0.000011},{"voter":"Earn Network","cluster_label":7,"tsne_x":-4.5056557655,"tsne_y":2.0238368511,"votingPower":0.000046},{"voter":"Validavia","cluster_label":2,"tsne_x":-4.1112976074,"tsne_y":4.3075647354,"votingPower":0.000185},{"voter":"nRidecom Validator","cluster_label":9,"tsne_x":-2.5751318932,"tsne_y":4.3141922951,"votingPower":0.000023},{"voter":"Antrix Validators","cluster_label":9,"tsne_x":-3.3583443165,"tsne_y":4.6662144661,"votingPower":0.000057},{"voter":"SoloNationio","cluster_label":9,"tsne_x":-5.0258564949,"tsne_y":4.7647266388,"votingPower":0.000052},{"voter":"Stakefy","cluster_label":9,"tsne_x":-5.3373918533,"tsne_y":3.6357316971,"votingPower":0.000094}]