[{"voter":"Imperatorco","cluster_label":3,"tsne_x":-11.3113603592,"tsne_y":9.408826828,"votingPower":0.006065},{"voter":" AutoStake  Slash Protected","cluster_label":3,"tsne_x":-9.8994941711,"tsne_y":9.403837204,"votingPower":0.011348},{"voter":"Crosnest","cluster_label":3,"tsne_x":-11.2698040009,"tsne_y":8.6815385818,"votingPower":0.009451},{"voter":"Noderunners","cluster_label":3,"tsne_x":-9.684217453,"tsne_y":0.9406131506,"votingPower":0.003325},{"voter":"Forbole","cluster_label":3,"tsne_x":-5.83568573,"tsne_y":2.381944418,"votingPower":0.0001},{"voter":"01node","cluster_label":3,"tsne_x":-8.7065706253,"tsne_y":5.5026688576,"votingPower":0.014857},{"voter":"Inotel","cluster_label":10,"tsne_x":1.1283444166,"tsne_y":7.0021362305,"votingPower":0.010072},{"voter":"kytzu","cluster_label":4,"tsne_x":13.3384542465,"tsne_y":4.126057148,"votingPower":0.003322},{"voter":"Secure Secrets","cluster_label":8,"tsne_x":-6.8920607567,"tsne_y":-4.7748155594,"votingPower":0.004115},{"voter":"0basevc","cluster_label":3,"tsne_x":-10.9347496033,"tsne_y":6.8203659058,"votingPower":0.008448},{"voter":"Smart Stake ","cluster_label":3,"tsne_x":-11.2944164276,"tsne_y":9.8005990982,"votingPower":0.02873},{"voter":"WhisperNode ","cluster_label":3,"tsne_x":-9.0872964859,"tsne_y":8.555973053,"votingPower":0.000049},{"voter":"NFTSwitchxyz  Delegate for SOUL Claim Drop","cluster_label":8,"tsne_x":-4.638381958,"tsne_y":-13.5910253525,"votingPower":0.015088},{"voter":"Stakelyio","cluster_label":3,"tsne_x":-8.4476728439,"tsne_y":8.5605115891,"votingPower":0.010203},{"voter":" LavenderFive Nodes ","cluster_label":3,"tsne_x":-5.6911764145,"tsne_y":4.9694418907,"votingPower":0.009807},{"voter":"Cosmostation","cluster_label":3,"tsne_x":-11.8677835464,"tsne_y":8.7844209671,"votingPower":0.005909},{"voter":"White Whale","cluster_label":1,"tsne_x":4.3489723206,"tsne_y":-3.8165268898,"votingPower":0.012379},{"voter":"NodesGuru","cluster_label":10,"tsne_x":1.5960484743,"tsne_y":2.61977458,"votingPower":0.000003},{"voter":"Coinage x DAIC","cluster_label":3,"tsne_x":-7.8325695992,"tsne_y":9.1844749451,"votingPower":0.009679},{"voter":"Interstellar Lounge ","cluster_label":8,"tsne_x":-1.8967977762,"tsne_y":-1.7693084478,"votingPower":0.011232},{"voter":"DELIGHT","cluster_label":4,"tsne_x":1.3910973072,"tsne_y":12.6951589584,"votingPower":0.047832},{"voter":"Stakeflow","cluster_label":4,"tsne_x":8.0737771988,"tsne_y":13.3895511627,"votingPower":0.006088},{"voter":"Active Nodes","cluster_label":3,"tsne_x":-11.2036190033,"tsne_y":4.4643292427,"votingPower":0.005797},{"voter":"strangelove","cluster_label":13,"tsne_x":10.7456560135,"tsne_y":11.8907032013,"votingPower":0.005326},{"voter":"FreshSTAKING","cluster_label":3,"tsne_x":-8.6372117996,"tsne_y":7.1731600761,"votingPower":0.004941},{"voter":"MrK","cluster_label":10,"tsne_x":3.2420549393,"tsne_y":8.6809997559,"votingPower":0.006015},{"voter":"ShapeShift DAO","cluster_label":3,"tsne_x":-8.2872238159,"tsne_y":3.721834898,"votingPower":0.000018},{"voter":"Everstake","cluster_label":1,"tsne_x":-3.1356742382,"tsne_y":2.6807136536,"votingPower":0.0},{"voter":"PRYZM  StakeDrop","cluster_label":4,"tsne_x":5.9318137169,"tsne_y":10.8838672638,"votingPower":0.009191},{"voter":"SCVSecurity","cluster_label":1,"tsne_x":4.0792441368,"tsne_y":-2.7894127369,"votingPower":0.008156},{"voter":"coinhallorg","cluster_label":8,"tsne_x":-11.7755994797,"tsne_y":3.4653964043,"votingPower":0.02326},{"voter":"Wave","cluster_label":13,"tsne_x":10.7965326309,"tsne_y":11.3735952377,"votingPower":0.003027},{"voter":"Stakin","cluster_label":4,"tsne_x":-7.6314558983,"tsne_y":1.0575485229,"votingPower":0.009927},{"voter":"WeStaking","cluster_label":4,"tsne_x":7.8986005783,"tsne_y":14.0870313644,"votingPower":0.001167},{"voter":"syncnode","cluster_label":10,"tsne_x":2.4689421654,"tsne_y":6.4904799461,"votingPower":0.008933},{"voter":"Enigma","cluster_label":4,"tsne_x":2.454423666,"tsne_y":3.5484733582,"votingPower":0.004891},{"voter":"NITAWA","cluster_label":0,"tsne_x":5.0999855995,"tsne_y":4.6028380394,"votingPower":0.003594},{"voter":" uGaenn ","cluster_label":8,"tsne_x":-10.3344249725,"tsne_y":-2.5557346344,"votingPower":0.006883},{"voter":"HEXXAGON","cluster_label":9,"tsne_x":8.89798069,"tsne_y":10.5988912582,"votingPower":0.003117},{"voter":"Crypto Plant","cluster_label":8,"tsne_x":-5.8097681999,"tsne_y":-9.0230264664,"votingPower":0.003113},{"voter":"Easy 2 Stake","cluster_label":8,"tsne_x":-11.1959886551,"tsne_y":-2.539835453,"votingPower":0.005784},{"voter":"PFC  Stake for SOUL airdrop","cluster_label":1,"tsne_x":3.6021633148,"tsne_y":-2.8492050171,"votingPower":0.005978},{"voter":"cosmosrescue","cluster_label":12,"tsne_x":-2.7942390442,"tsne_y":3.5859057903,"votingPower":0.010009},{"voter":" polkachucom","cluster_label":4,"tsne_x":-3.793602705,"tsne_y":3.1732215881,"votingPower":0.018125},{"voter":"0xDEADBEEF","cluster_label":8,"tsne_x":6.5362076759,"tsne_y":-8.3090801239,"votingPower":0.000019},{"voter":"Vixello","cluster_label":8,"tsne_x":-6.9481892586,"tsne_y":-2.6512637138,"votingPower":0.0},{"voter":"AuraStake","cluster_label":8,"tsne_x":-6.4936504364,"tsne_y":-15.1106052399,"votingPower":0.007688},{"voter":"HighStakesch  Stake for Airdrop","cluster_label":6,"tsne_x":2.8467860222,"tsne_y":-1.5677773952,"votingPower":0.011098},{"voter":"Cosmos Spaces","cluster_label":4,"tsne_x":7.9859495163,"tsne_y":12.8197803497,"votingPower":0.000004},{"voter":"Flipside","cluster_label":4,"tsne_x":14.4044456482,"tsne_y":10.1888809204,"votingPower":0.006049},{"voter":"Moonlet","cluster_label":8,"tsne_x":-7.4315538406,"tsne_y":2.4436898232,"votingPower":0.00004},{"voter":"KuCoin","cluster_label":8,"tsne_x":-8.4108247757,"tsne_y":-7.1057128906,"votingPower":0.000245},{"voter":"Orbital Command","cluster_label":8,"tsne_x":-0.3746551275,"tsne_y":-10.1171474457,"votingPower":0.018512},{"voter":"Staker Space","cluster_label":8,"tsne_x":-2.442347765,"tsne_y":-2.6535401344,"votingPower":0.007443},{"voter":"StakeLab","cluster_label":8,"tsne_x":-5.020488739,"tsne_y":-2.365906477,"votingPower":0.000001},{"voter":"Anchor Staking","cluster_label":8,"tsne_x":-4.1982455254,"tsne_y":-6.1798658371,"votingPower":0.0},{"voter":"Interstake One prev BTCSecure","cluster_label":8,"tsne_x":-2.6101408005,"tsne_y":-14.0419635773,"votingPower":0.007422},{"voter":"Nodeasy","cluster_label":8,"tsne_x":-4.2991728783,"tsne_y":-6.6573863029,"votingPower":0.0},{"voter":"Synergy Nodes","cluster_label":8,"tsne_x":-1.8389567137,"tsne_y":-4.3762021065,"votingPower":0.01155},{"voter":"RockawayX Infra","cluster_label":8,"tsne_x":-2.6993737221,"tsne_y":-4.6636734009,"votingPower":0.005133},{"voter":"Talis Protocol","cluster_label":1,"tsne_x":4.576944828,"tsne_y":-2.6308774948,"votingPower":0.005678},{"voter":"ProNodes75","cluster_label":8,"tsne_x":-3.6182549,"tsne_y":1.1541639566,"votingPower":0.010974},{"voter":"Autism Staking","cluster_label":8,"tsne_x":1.0096309185,"tsne_y":-10.6298122406,"votingPower":0.004651},{"voter":"KK Validator","cluster_label":8,"tsne_x":-6.4271697998,"tsne_y":-7.7846975327,"votingPower":0.005221},{"voter":"8moon","cluster_label":8,"tsne_x":8.2819099426,"tsne_y":-1.1818492413,"votingPower":0.003659},{"voter":"BlockFoundry","cluster_label":8,"tsne_x":-12.0215101242,"tsne_y":-9.1862106323,"votingPower":0.003584},{"voter":"RuneTerra","cluster_label":8,"tsne_x":13.6435489655,"tsne_y":5.8534092903,"votingPower":0.004363},{"voter":"Galactic Punks Validator","cluster_label":8,"tsne_x":0.6240725517,"tsne_y":-7.5749430656,"votingPower":0.010399},{"voter":"Phoenix","cluster_label":8,"tsne_x":-12.5985021591,"tsne_y":-7.5580210686,"votingPower":0.003746},{"voter":"Uranus","cluster_label":8,"tsne_x":-6.8190774918,"tsne_y":-11.8791160583,"votingPower":0.003543},{"voter":"Leviathan","cluster_label":8,"tsne_x":-3.3012230396,"tsne_y":-10.8250312805,"votingPower":0.00342},{"voter":"Top Shelf","cluster_label":8,"tsne_x":-6.9282541275,"tsne_y":-11.8806390762,"votingPower":0.005899},{"voter":"Sarah Kerrigan","cluster_label":8,"tsne_x":2.7007009983,"tsne_y":-10.4714708328,"votingPower":0.001988},{"voter":"Nexus Event","cluster_label":8,"tsne_x":-2.6894435883,"tsne_y":-8.4528999329,"votingPower":0.003652},{"voter":"LegendX","cluster_label":8,"tsne_x":-5.042424202,"tsne_y":-10.3111352921,"votingPower":0.001056},{"voter":"Moon Dog","cluster_label":8,"tsne_x":-3.5502283573,"tsne_y":-12.1495313644,"votingPower":0.005064},{"voter":"Craig","cluster_label":8,"tsne_x":2.8072891235,"tsne_y":-10.5457830429,"votingPower":0.005632},{"voter":"Un Fuego","cluster_label":8,"tsne_x":2.940315485,"tsne_y":-12.4328575134,"votingPower":0.001226},{"voter":"Goliath","cluster_label":8,"tsne_x":-1.7326272726,"tsne_y":-6.1728572845,"votingPower":0.003986},{"voter":"TerraDactyl","cluster_label":8,"tsne_x":2.3277878761,"tsne_y":-9.6788406372,"votingPower":0.00597},{"voter":"Chaos Protocol","cluster_label":8,"tsne_x":-2.1558175087,"tsne_y":-9.8354415894,"votingPower":0.003377},{"voter":"Interdimensional Cable","cluster_label":8,"tsne_x":-6.0401558876,"tsne_y":-14.6221008301,"votingPower":0.004752},{"voter":"Red Herring  0 Commission  100 Uptime","cluster_label":8,"tsne_x":-3.7313785553,"tsne_y":-8.1468267441,"votingPower":0.000015},{"voter":"Stake N Shake","cluster_label":8,"tsne_x":1.4354197979,"tsne_y":-7.41147995,"votingPower":0.003883},{"voter":"HappyLunatic","cluster_label":7,"tsne_x":6.3032679558,"tsne_y":4.8566522598,"votingPower":0.005228},{"voter":"managocloud","cluster_label":8,"tsne_x":-4.6032972336,"tsne_y":-7.0331554413,"votingPower":0.0},{"voter":"Futura Meridian","cluster_label":8,"tsne_x":-0.739018023,"tsne_y":-15.6623306274,"votingPower":0.005427},{"voter":"PigCash","cluster_label":7,"tsne_x":9.2093076706,"tsne_y":6.3503642082,"votingPower":0.00341},{"voter":"Y","cluster_label":7,"tsne_x":9.7508745193,"tsne_y":7.3135676384,"votingPower":0.011426},{"voter":"Eclipse","cluster_label":7,"tsne_x":6.3480958939,"tsne_y":8.3144950867,"votingPower":0.003639},{"voter":"moonshot","cluster_label":8,"tsne_x":1.2848371267,"tsne_y":-4.8144979477,"votingPower":0.006299},{"voter":"Defi Suffrage","cluster_label":7,"tsne_x":10.1440782547,"tsne_y":9.4914216995,"votingPower":0.001636},{"voter":"StakeBin","cluster_label":8,"tsne_x":6.0424003601,"tsne_y":-11.780374527,"votingPower":0.004574},{"voter":"Mario","cluster_label":7,"tsne_x":5.830807209,"tsne_y":7.622824192,"votingPower":0.006731},{"voter":"Zeus Staking","cluster_label":7,"tsne_x":12.3832702637,"tsne_y":6.0673694611,"votingPower":0.0},{"voter":"Ceres Ventures","cluster_label":8,"tsne_x":-4.3114686012,"tsne_y":-9.0970201492,"votingPower":0.009104},{"voter":"TerRarityio","cluster_label":7,"tsne_x":9.3369865417,"tsne_y":8.0381155014,"votingPower":0.003791},{"voter":"OneStar","cluster_label":8,"tsne_x":-6.3140468597,"tsne_y":-6.1833515167,"votingPower":0.004417},{"voter":"MCF","cluster_label":0,"tsne_x":3.4455912113,"tsne_y":7.0232920647,"votingPower":0.0041},{"voter":"Moon Platoon","cluster_label":8,"tsne_x":3.7196550369,"tsne_y":-12.5561418533,"votingPower":0.004219},{"voter":"Spacehall prev Setten","cluster_label":8,"tsne_x":2.1314406395,"tsne_y":-12.4435272217,"votingPower":0.016598},{"voter":"MissionControl","cluster_label":7,"tsne_x":5.3441896439,"tsne_y":9.3900632858,"votingPower":0.002901},{"voter":"Luna Station 88","cluster_label":0,"tsne_x":3.9241154194,"tsne_y":7.9843702316,"votingPower":0.003756},{"voter":"The Mafia Wins Redelegate","cluster_label":8,"tsne_x":-4.0489201546,"tsne_y":-7.227396965,"votingPower":0.000009},{"voter":"Solid  solidonline","cluster_label":8,"tsne_x":1.9968287945,"tsne_y":-7.0031833649,"votingPower":0.004542},{"voter":" LUNC DAO ","cluster_label":8,"tsne_x":4.0761528015,"tsne_y":-10.4202480316,"votingPower":0.003888},{"voter":"Sapient Nodes","cluster_label":8,"tsne_x":-5.4190502167,"tsne_y":-4.9948129654,"votingPower":0.003564},{"voter":"TERRAFIRMA","cluster_label":8,"tsne_x":-7.2018704414,"tsne_y":-6.5462813377,"votingPower":0.008259},{"voter":"SeltonStakecom","cluster_label":0,"tsne_x":7.9941568375,"tsne_y":1.6894557476,"votingPower":0.003498},{"voter":"Terran One","cluster_label":8,"tsne_x":-8.5579977036,"tsne_y":-4.7476086617,"votingPower":0.002451},{"voter":"4719","cluster_label":8,"tsne_x":-1.2003170252,"tsne_y":-11.0146961212,"votingPower":0.009572},{"voter":"Orion  AutoCompound","cluster_label":7,"tsne_x":1.9118140936,"tsne_y":12.2431669235,"votingPower":0.007007},{"voter":" USTC Buyback   TerraAventura ","cluster_label":0,"tsne_x":11.8867378235,"tsne_y":3.2449235916,"votingPower":0.000003},{"voter":"Terra Rebirth 0","cluster_label":8,"tsne_x":-5.8880558014,"tsne_y":-3.5889148712,"votingPower":0.000012},{"voter":"Angel Protocol","cluster_label":11,"tsne_x":8.4274377823,"tsne_y":7.1940870285,"votingPower":0.001308},{"voter":" CryptoCrew  100 MEV revenue to LUNA stakers IBCgang REstake","cluster_label":8,"tsne_x":-11.0869693756,"tsne_y":-6.9062175751,"votingPower":0.012811},{"voter":"ERIS  Delegate for claimdrop","cluster_label":8,"tsne_x":-2.7153224945,"tsne_y":-7.3546042442,"votingPower":0.009896},{"voter":"stakingcabin","cluster_label":8,"tsne_x":-12.7589235306,"tsne_y":-7.3870396614,"votingPower":0.004985},{"voter":"LUNAStaker","cluster_label":8,"tsne_x":-11.4564638138,"tsne_y":-8.7050952911,"votingPower":0.03219},{"voter":"dacm","cluster_label":8,"tsne_x":-0.9258700609,"tsne_y":-9.2465429306,"votingPower":0.00584},{"voter":"BIG Labs","cluster_label":8,"tsne_x":-5.3463459015,"tsne_y":-7.562338829,"votingPower":0.000754},{"voter":"CosmoStake1","cluster_label":8,"tsne_x":-4.2514829636,"tsne_y":-7.4413337708,"votingPower":0.0},{"voter":"jesselstake","cluster_label":8,"tsne_x":-5.7974414825,"tsne_y":-5.4147157669,"votingPower":0.001608},{"voter":"Electron Labs","cluster_label":8,"tsne_x":-5.4308338165,"tsne_y":-5.5811171532,"votingPower":0.003237},{"voter":"North Star","cluster_label":8,"tsne_x":-3.4648230076,"tsne_y":-9.8741788864,"votingPower":0.000182},{"voter":"ChainofSecretsorg","cluster_label":6,"tsne_x":7.0672664642,"tsne_y":9.9463672638,"votingPower":0.003571},{"voter":"Kiki Finance","cluster_label":11,"tsne_x":11.7295980453,"tsne_y":5.5332169533,"votingPower":0.005093},{"voter":"RockX","cluster_label":7,"tsne_x":10.1209592819,"tsne_y":8.5953025818,"votingPower":0.004967},{"voter":"Hermes Protocol  Earn airdrops  more","cluster_label":8,"tsne_x":8.0588731766,"tsne_y":0.409188062,"votingPower":0.003871},{"voter":"StakeSabai","cluster_label":7,"tsne_x":12.6503105164,"tsne_y":7.601064682,"votingPower":0.003374},{"voter":"Obi Formerly Terra Bites","cluster_label":7,"tsne_x":5.7086586952,"tsne_y":5.4420075417,"votingPower":0.002827},{"voter":"Spica Nova","cluster_label":8,"tsne_x":-9.1580781937,"tsne_y":-11.1477565765,"votingPower":0.002242},{"voter":"TCB THORmaximalist","cluster_label":0,"tsne_x":7.9398360252,"tsne_y":1.8831458092,"votingPower":0.012816},{"voter":"UST Zone  powered by FatMan","cluster_label":7,"tsne_x":10.7966022491,"tsne_y":8.8539819717,"votingPower":0.000046},{"voter":"StakeMachine","cluster_label":7,"tsne_x":13.0280609131,"tsne_y":8.5464086533,"votingPower":0.001694},{"voter":"SafePoint","cluster_label":0,"tsne_x":13.3842954636,"tsne_y":10.2485561371,"votingPower":0.002303},{"voter":"Asnodes","cluster_label":8,"tsne_x":-6.0464744568,"tsne_y":-2.5212337971,"votingPower":0.0},{"voter":"Terrascope","cluster_label":8,"tsne_x":-7.9861006737,"tsne_y":-9.1550636292,"votingPower":0.0135},{"voter":"TheNFTProject","cluster_label":0,"tsne_x":11.9900665283,"tsne_y":3.3740055561,"votingPower":0.013432},{"voter":"Mosaic","cluster_label":7,"tsne_x":8.7892389297,"tsne_y":8.4838142395,"votingPower":0.006442},{"voter":"Monster Node","cluster_label":7,"tsne_x":7.7098002434,"tsne_y":8.7160511017,"votingPower":0.00654},{"voter":" The Lion DAO","cluster_label":0,"tsne_x":10.6565513611,"tsne_y":3.2283315659,"votingPower":0.010038},{"voter":"URA   Delegate for Claimdrop","cluster_label":7,"tsne_x":8.2343635559,"tsne_y":5.4047422409,"votingPower":0.000523},{"voter":"Morph Nato Prophet","cluster_label":7,"tsne_x":8.0740070343,"tsne_y":6.4969291687,"votingPower":0.000157},{"voter":"Robo Staking","cluster_label":7,"tsne_x":8.0181798935,"tsne_y":7.8047719002,"votingPower":0.00063},{"voter":"r93AX Nodes","cluster_label":7,"tsne_x":8.2101202011,"tsne_y":9.0208616257,"votingPower":0.000036}]