[{"voter":" AutoStake  Slash Protected","cluster_label":3,"tsne_x":9.2423381805,"tsne_y":-1.8888392448,"votingPower":0.013863},{"voter":"Crosnest","cluster_label":3,"tsne_x":7.7759513855,"tsne_y":-0.8119792342,"votingPower":0.001521},{"voter":"SG1","cluster_label":3,"tsne_x":0.045753479,"tsne_y":-0.8685087562,"votingPower":0.01195},{"voter":"Chorus One","cluster_label":3,"tsne_x":8.2186965942,"tsne_y":-2.5170035362,"votingPower":0.026207},{"voter":"Bi23 Labs","cluster_label":3,"tsne_x":5.4777832031,"tsne_y":-5.0420498848,"votingPower":0.000158},{"voter":"kytzu","cluster_label":4,"tsne_x":-8.8423843384,"tsne_y":-1.7624175549,"votingPower":0.0},{"voter":"Notional","cluster_label":3,"tsne_x":7.3587832451,"tsne_y":-5.7516555786,"votingPower":0.007693},{"voter":" block pane ","cluster_label":3,"tsne_x":4.3376383781,"tsne_y":-4.4227862358,"votingPower":0.006758},{"voter":"stakefish","cluster_label":3,"tsne_x":5.0428366661,"tsne_y":-3.757024765,"votingPower":0.051219},{"voter":"d3akashcloud","cluster_label":3,"tsne_x":5.8455910683,"tsne_y":-4.8188481331,"votingPower":0.000288},{"voter":"Figment","cluster_label":3,"tsne_x":6.7564377785,"tsne_y":-4.6340165138,"votingPower":0.000006},{"voter":"Oldcat","cluster_label":3,"tsne_x":5.0316534042,"tsne_y":-3.3914530277,"votingPower":0.000004},{"voter":" Stakepile","cluster_label":11,"tsne_x":10.1221017838,"tsne_y":7.9218659401,"votingPower":0.000641},{"voter":"CLOSED","cluster_label":11,"tsne_x":9.0500736237,"tsne_y":7.9296808243,"votingPower":0.000006},{"voter":"Citadelone","cluster_label":3,"tsne_x":8.9011869431,"tsne_y":-1.5722700357,"votingPower":0.007649},{"voter":"Frens ","cluster_label":3,"tsne_x":6.1728258133,"tsne_y":-1.8302066326,"votingPower":0.000055},{"voter":"Cosmostation","cluster_label":3,"tsne_x":8.0701494217,"tsne_y":-1.1154900789,"votingPower":0.056087},{"voter":"Kleomedes","cluster_label":10,"tsne_x":4.5475268364,"tsne_y":11.9059524536,"votingPower":0.000307},{"voter":"Coinage x DAIC","cluster_label":3,"tsne_x":5.9069480896,"tsne_y":-1.1948430538,"votingPower":0.000044},{"voter":"polkachucom","cluster_label":3,"tsne_x":7.3524131775,"tsne_y":-4.9505233765,"votingPower":0.012529},{"voter":"Meria","cluster_label":4,"tsne_x":-2.0298230648,"tsne_y":10.5121088028,"votingPower":0.002768},{"voter":"Stakeflow","cluster_label":4,"tsne_x":-0.2161334753,"tsne_y":-4.7033581734,"votingPower":0.000444},{"voter":"ChainLayer","cluster_label":3,"tsne_x":8.4769163132,"tsne_y":-4.8795456886,"votingPower":0.027321},{"voter":"DACM","cluster_label":11,"tsne_x":-7.4056305885,"tsne_y":-9.5456542969,"votingPower":0.009454},{"voter":"Allnodes","cluster_label":3,"tsne_x":5.0636115074,"tsne_y":0.1211892515,"votingPower":0.033616},{"voter":"PoS Node","cluster_label":13,"tsne_x":-1.2212039232,"tsne_y":10.7777910233,"votingPower":0.000184},{"voter":"SmartNodes","cluster_label":4,"tsne_x":-11.8759412766,"tsne_y":-2.3060142994,"votingPower":0.000916},{"voter":"Quebec","cluster_label":13,"tsne_x":-0.7069219947,"tsne_y":10.9852933884,"votingPower":0.000019},{"voter":"MrK","cluster_label":10,"tsne_x":-5.8221611977,"tsne_y":-0.9915780425,"votingPower":0.000205},{"voter":"Redelegate","cluster_label":11,"tsne_x":-5.9645252228,"tsne_y":3.2453451157,"votingPower":0.00012},{"voter":"Trust Nodes","cluster_label":1,"tsne_x":2.6617012024,"tsne_y":0.2482999563,"votingPower":0.015137},{"voter":"Everstake","cluster_label":1,"tsne_x":2.6924216747,"tsne_y":0.7401875854,"votingPower":0.012448},{"voter":"AlphaNodes","cluster_label":9,"tsne_x":-10.3290328979,"tsne_y":-7.1862196922,"votingPower":0.000644},{"voter":"coaction","cluster_label":0,"tsne_x":-4.9544305801,"tsne_y":-7.9358353615,"votingPower":0.000003},{"voter":"Please Redelegate","cluster_label":10,"tsne_x":-0.5237469077,"tsne_y":0.1426764727,"votingPower":0.000527},{"voter":"WeStaking","cluster_label":4,"tsne_x":-0.5069557428,"tsne_y":-0.2164475173,"votingPower":0.024035},{"voter":"offline","cluster_label":10,"tsne_x":-2.5245082378,"tsne_y":-2.6118955612,"votingPower":0.0},{"voter":"Decloud Nodes Lab","cluster_label":12,"tsne_x":-4.0650701523,"tsne_y":-11.2714195251,"votingPower":0.0},{"voter":"ChainTools","cluster_label":10,"tsne_x":8.7554721832,"tsne_y":6.2228107452,"votingPower":0.00038},{"voter":"Consensus One","cluster_label":9,"tsne_x":-7.8357534409,"tsne_y":-11.451259613,"votingPower":0.000493},{"voter":" uGaenn ","cluster_label":8,"tsne_x":-9.1474571228,"tsne_y":4.3939652443,"votingPower":0.001949},{"voter":"Wetez","cluster_label":5,"tsne_x":-4.9952993393,"tsne_y":-3.0155329704,"votingPower":0.001091},{"voter":"Inter Blockchain Services","cluster_label":6,"tsne_x":6.2142038345,"tsne_y":11.9522857666,"votingPower":0.000608},{"voter":"Bit Cat","cluster_label":13,"tsne_x":-11.5307769775,"tsne_y":-5.91827631,"votingPower":0.000235},{"voter":"Easy 2 Stake","cluster_label":8,"tsne_x":12.9894237518,"tsne_y":9.4596910477,"votingPower":0.000636},{"voter":"Nodeasycom","cluster_label":11,"tsne_x":5.1998362541,"tsne_y":11.570602417,"votingPower":0.000179},{"voter":"Huobi","cluster_label":4,"tsne_x":-11.2517194748,"tsne_y":-2.4417226315,"votingPower":0.000003},{"voter":"ChainodeTech","cluster_label":11,"tsne_x":5.9269552231,"tsne_y":6.0834083557,"votingPower":0.00241},{"voter":"Psycho Node","cluster_label":12,"tsne_x":-4.436164856,"tsne_y":-12.1767940521,"votingPower":0.017766},{"voter":"TRGC By Liquify","cluster_label":11,"tsne_x":6.8629436493,"tsne_y":7.3055815697,"votingPower":0.004895},{"voter":"StakeSeeker by BTCS","cluster_label":4,"tsne_x":2.5984241962,"tsne_y":3.0677325726,"votingPower":0.002993},{"voter":"europlots","cluster_label":11,"tsne_x":-4.5331025124,"tsne_y":-11.4283838272,"votingPower":0.000001},{"voter":"Colossus","cluster_label":11,"tsne_x":-5.9680867195,"tsne_y":-9.1843652725,"votingPower":0.000044},{"voter":"Kiln","cluster_label":1,"tsne_x":2.7041692734,"tsne_y":0.3492417932,"votingPower":0.009852},{"voter":"Luganodes","cluster_label":11,"tsne_x":-9.4328384399,"tsne_y":-9.0763568878,"votingPower":0.166676},{"voter":"InfStones","cluster_label":11,"tsne_x":3.027374506,"tsne_y":7.0084853172,"votingPower":0.000001},{"voter":"Stir","cluster_label":4,"tsne_x":3.403567791,"tsne_y":3.1822314262,"votingPower":0.0},{"voter":"Cryptostakecom ","cluster_label":11,"tsne_x":1.9420942068,"tsne_y":7.4447102547,"votingPower":0.000323},{"voter":"CEXIO Validator","cluster_label":4,"tsne_x":-0.3939013481,"tsne_y":-4.4618930817,"votingPower":0.008465},{"voter":"stake2earn","cluster_label":7,"tsne_x":-4.7503299713,"tsne_y":-5.7410273552,"votingPower":0.000281},{"voter":"StakeCraft","cluster_label":11,"tsne_x":-1.7634524107,"tsne_y":-7.8909759521,"votingPower":0.001247},{"voter":"Staked","cluster_label":6,"tsne_x":8.0076608658,"tsne_y":10.7201080322,"votingPower":0.016302},{"voter":"Winter Validator","cluster_label":11,"tsne_x":9.5095920563,"tsne_y":10.1475095749,"votingPower":0.000231},{"voter":"StakeLab","cluster_label":8,"tsne_x":-10.2666969299,"tsne_y":3.5393073559,"votingPower":0.002602},{"voter":"Anchor Staking","cluster_label":8,"tsne_x":-9.7616901398,"tsne_y":3.817368269,"votingPower":0.000159},{"voter":"Masternode24de","cluster_label":11,"tsne_x":7.8257770538,"tsne_y":8.866153717,"votingPower":0.002306},{"voter":"KJINCio","cluster_label":11,"tsne_x":-7.0743532181,"tsne_y":-8.4156112671,"votingPower":0.000009},{"voter":" CryptoCrew Validators IBCgang","cluster_label":6,"tsne_x":-2.7968628407,"tsne_y":4.9294314384,"votingPower":0.000573},{"voter":"BitNordic","cluster_label":11,"tsne_x":-1.0798407793,"tsne_y":7.519865036,"votingPower":0.008397},{"voter":"Kiki Finance","cluster_label":11,"tsne_x":8.5723686218,"tsne_y":8.9890136719,"votingPower":0.0},{"voter":"openstakenet","cluster_label":11,"tsne_x":7.4027395248,"tsne_y":6.2689695358,"votingPower":0.014884},{"voter":"OtterSync","cluster_label":11,"tsne_x":6.596241951,"tsne_y":9.7280664444,"votingPower":0.004327},{"voter":"Bitference","cluster_label":11,"tsne_x":7.4065499306,"tsne_y":8.0767784119,"votingPower":0.0},{"voter":"clubwfh","cluster_label":11,"tsne_x":-9.7955970764,"tsne_y":-2.9037432671,"votingPower":0.0},{"voter":"Validator Deprecated and Merged Please redelagate to AtlasStaking","cluster_label":11,"tsne_x":-5.5652823448,"tsne_y":1.6891943216,"votingPower":0.000388},{"voter":" EarnStash","cluster_label":11,"tsne_x":-7.308596611,"tsne_y":0.7098655105,"votingPower":0.000783},{"voter":"DECOMMISSIONED AUDITone","cluster_label":11,"tsne_x":-7.9131779671,"tsne_y":1.4498341084,"votingPower":0.000268},{"voter":"Asteroid","cluster_label":11,"tsne_x":-7.6551251411,"tsne_y":-4.6684412956,"votingPower":0.001881},{"voter":"0 Fee  Stakewollecom","cluster_label":11,"tsne_x":-0.1290571094,"tsne_y":6.773062706,"votingPower":0.001243},{"voter":"cyberp3810","cluster_label":11,"tsne_x":-9.6857004166,"tsne_y":-2.7761828899,"votingPower":0.000001},{"voter":"Stakincom ","cluster_label":11,"tsne_x":5.4629034996,"tsne_y":8.8722343445,"votingPower":0.007341},{"voter":"DeCrypto","cluster_label":11,"tsne_x":-10.25740242,"tsne_y":-3.8885104656,"votingPower":0.000001},{"voter":"MKVone","cluster_label":11,"tsne_x":-5.6369094849,"tsne_y":2.4892802238,"votingPower":0.000245},{"voter":"Redelegate before 10072022","cluster_label":11,"tsne_x":-7.7387218475,"tsne_y":0.3987972736,"votingPower":0.000001},{"voter":"NBG","cluster_label":11,"tsne_x":2.1712665558,"tsne_y":8.4663610458,"votingPower":0.002255},{"voter":"0 Fee MPress","cluster_label":11,"tsne_x":4.4078936577,"tsne_y":9.1767539978,"votingPower":0.002238},{"voter":"funky","cluster_label":11,"tsne_x":7.2769374847,"tsne_y":8.1139640808,"votingPower":0.000154},{"voter":"Inactive  Please Redelegate","cluster_label":11,"tsne_x":7.9661326408,"tsne_y":7.7605986595,"votingPower":0.000001},{"voter":" KysenPool","cluster_label":11,"tsne_x":6.5815324783,"tsne_y":8.4084863663,"votingPower":0.003499},{"voter":"Insight Finance","cluster_label":11,"tsne_x":7.3544435501,"tsne_y":8.0660905838,"votingPower":0.000005},{"voter":"Bitget  0 Fee","cluster_label":11,"tsne_x":1.9726948738,"tsne_y":7.5720348358,"votingPower":0.000471},{"voter":"validator closing  please redelgate","cluster_label":11,"tsne_x":-8.2030973434,"tsne_y":-3.991918087,"votingPower":0.0},{"voter":"Moonshinecc Validation  CM1","cluster_label":11,"tsne_x":-8.567855835,"tsne_y":-5.5994625092,"votingPower":0.0},{"voter":"0 Fee to 2023  Avaultocom","cluster_label":11,"tsne_x":-7.3957309723,"tsne_y":-5.4561138153,"votingPower":0.000005},{"voter":"vinividivici","cluster_label":11,"tsne_x":-2.4405870438,"tsne_y":-7.7521119118,"votingPower":0.00592},{"voter":"MANTRA DAO","cluster_label":11,"tsne_x":-7.6588602066,"tsne_y":-3.1585366726,"votingPower":0.002398},{"voter":"Stakebg","cluster_label":11,"tsne_x":10.1257753372,"tsne_y":5.632478714,"votingPower":0.000535},{"voter":"CLOSED decentralizehk  DHK dao","cluster_label":11,"tsne_x":8.9640769958,"tsne_y":3.8494770527,"votingPower":0.000005},{"voter":"NQ4NET","cluster_label":11,"tsne_x":-6.714931488,"tsne_y":0.7244158983,"votingPower":0.0},{"voter":"DEXhybrid","cluster_label":11,"tsne_x":-7.8521442413,"tsne_y":-3.6727166176,"votingPower":0.0},{"voter":"DelosNode","cluster_label":7,"tsne_x":-6.7901368141,"tsne_y":-5.9558000565,"votingPower":0.000129},{"voter":"BNB48Club","cluster_label":11,"tsne_x":-5.909860611,"tsne_y":-3.4039859772,"votingPower":0.000034},{"voter":"0 Fee to TOP 1   meleaxyz ","cluster_label":11,"tsne_x":-6.0783581734,"tsne_y":-3.5465171337,"votingPower":0.092824},{"voter":"HbStaking","cluster_label":11,"tsne_x":-5.4219098091,"tsne_y":-1.1142132282,"votingPower":0.026303},{"voter":"JupiterIAM","cluster_label":7,"tsne_x":-6.6719398499,"tsne_y":-6.1927347183,"votingPower":0.000177},{"voter":"IvoryTower","cluster_label":7,"tsne_x":-6.6761198044,"tsne_y":-6.1841182709,"votingPower":0.000176},{"voter":"Ystad","cluster_label":11,"tsne_x":-3.6906080246,"tsne_y":-5.2666893005,"votingPower":0.000001},{"voter":"Share Staker  Airdrop  Check Web","cluster_label":11,"tsne_x":-6.2345709801,"tsne_y":-6.6107869148,"votingPower":0.000065},{"voter":"101","cluster_label":9,"tsne_x":-5.7078137398,"tsne_y":-5.2705893517,"votingPower":0.0},{"voter":"BoxedCloudnet  0 until 2024","cluster_label":0,"tsne_x":-5.3902077675,"tsne_y":-7.3618812561,"votingPower":0.000002},{"voter":"REDELEGATEPrometey","cluster_label":11,"tsne_x":-9.9415636063,"tsne_y":-8.950217247,"votingPower":0.000002},{"voter":"0 Fee  NymbusNode","cluster_label":11,"tsne_x":-3.5074737072,"tsne_y":-7.6124486923,"votingPower":0.000072},{"voter":"POSTHUMAN","cluster_label":11,"tsne_x":-9.7585697174,"tsne_y":-7.2896795273,"votingPower":0.001139},{"voter":"Staking4All","cluster_label":11,"tsne_x":-6.9906787872,"tsne_y":-8.4122838974,"votingPower":0.000036},{"voter":"kavamainnetsk","cluster_label":7,"tsne_x":-6.8863039017,"tsne_y":-6.6782507896,"votingPower":0.0}]