[{"voter":"Inactive   Mercury","cluster_label":4,"tsne_x":1.1399021149,"tsne_y":0.1911152899,"votingPower":0.0},{"voter":"Chainflow","cluster_label":3,"tsne_x":-6.3494467735,"tsne_y":6.4587578773,"votingPower":0.002698},{"voter":"REDELEGATE  CLOSING 010723","cluster_label":4,"tsne_x":4.5737113953,"tsne_y":-1.2091087103,"votingPower":0.0},{"voter":"Imperatorco","cluster_label":3,"tsne_x":-9.8652696609,"tsne_y":14.6009168625,"votingPower":0.012004},{"voter":" AutoStake  Slash Protected","cluster_label":3,"tsne_x":-7.4751839638,"tsne_y":14.0087566376,"votingPower":0.003513},{"voter":"Cosmic Validator","cluster_label":12,"tsne_x":-4.2345094681,"tsne_y":-19.6998710632,"votingPower":0.000003},{"voter":"Staking Fund","cluster_label":4,"tsne_x":-5.8175787926,"tsne_y":-3.9966948032,"votingPower":0.000481},{"voter":"Provalidator","cluster_label":3,"tsne_x":-11.7957868576,"tsne_y":9.4825544357,"votingPower":0.007316},{"voter":"Simply Staking","cluster_label":3,"tsne_x":-12.9930477142,"tsne_y":4.9583539963,"votingPower":0.003697},{"voter":"StakeLabzone","cluster_label":3,"tsne_x":-4.0459799767,"tsne_y":0.4358219504,"votingPower":0.010422},{"voter":"Coverlet","cluster_label":9,"tsne_x":2.3620128632,"tsne_y":-15.6351137161,"votingPower":0.000841},{"voter":"Sentinel dVPN","cluster_label":4,"tsne_x":0.8225110769,"tsne_y":0.7703697681,"votingPower":0.010569},{"voter":"REDELEGATE","cluster_label":3,"tsne_x":-11.6176195145,"tsne_y":3.6090755463,"votingPower":0.000432},{"voter":"BouBouNode","cluster_label":7,"tsne_x":11.5777702332,"tsne_y":-3.548625946,"votingPower":0.011617},{"voter":"Mandragora","cluster_label":4,"tsne_x":-0.3686500788,"tsne_y":2.1545679569,"votingPower":0.0},{"voter":"SpacePotato","cluster_label":3,"tsne_x":-11.0241556168,"tsne_y":2.9226939678,"votingPower":0.000011},{"voter":"Crosnest","cluster_label":3,"tsne_x":-10.0849466324,"tsne_y":13.3910102844,"votingPower":0.008522},{"voter":"Vitwit Previously Witval","cluster_label":3,"tsne_x":-5.7067465782,"tsne_y":7.5577840805,"votingPower":0.003222},{"voter":"SG1","cluster_label":3,"tsne_x":-15.5713348389,"tsne_y":4.4731116295,"votingPower":0.008873},{"voter":"Noderunners","cluster_label":3,"tsne_x":5.6844992638,"tsne_y":10.0311698914,"votingPower":0.0},{"voter":"KalpaTech","cluster_label":3,"tsne_x":-13.5824995041,"tsne_y":8.1298398972,"votingPower":0.002484},{"voter":"Chorus One","cluster_label":3,"tsne_x":-5.4806375504,"tsne_y":13.2576723099,"votingPower":0.053073},{"voter":"Forbole","cluster_label":3,"tsne_x":-4.4846038818,"tsne_y":5.3927950859,"votingPower":0.00705},{"voter":"in3scom","cluster_label":3,"tsne_x":-6.7093143463,"tsne_y":4.3776450157,"votingPower":0.000674},{"voter":"vidoinfo","cluster_label":4,"tsne_x":-6.1419277191,"tsne_y":-6.5168972015,"votingPower":0.001184},{"voter":"Swiss Staking","cluster_label":3,"tsne_x":-12.434343338,"tsne_y":7.9173865318,"votingPower":0.008082},{"voter":"01node","cluster_label":3,"tsne_x":-15.2448444366,"tsne_y":10.0171909332,"votingPower":0.004412},{"voter":"stakesystems  autocompound","cluster_label":3,"tsne_x":-12.3470945358,"tsne_y":13.6318874359,"votingPower":0.001084},{"voter":"Inotel","cluster_label":10,"tsne_x":9.4870929718,"tsne_y":-1.744939208,"votingPower":0.033204},{"voter":"Bi23 Labs","cluster_label":3,"tsne_x":3.7396850586,"tsne_y":14.2575016022,"votingPower":0.000013},{"voter":"kytzu","cluster_label":4,"tsne_x":6.2793345451,"tsne_y":-5.2246890068,"votingPower":0.000004},{"voter":"ovrclk","cluster_label":9,"tsne_x":15.0734577179,"tsne_y":-17.0221710205,"votingPower":0.0},{"voter":"Secure Secrets","cluster_label":8,"tsne_x":6.678896904,"tsne_y":-11.1702547073,"votingPower":0.000419},{"voter":"POSTHUMAN  StakeDrop","cluster_label":3,"tsne_x":-5.3036317825,"tsne_y":10.7906322479,"votingPower":0.009298},{"voter":"Ping","cluster_label":3,"tsne_x":-0.8923693895,"tsne_y":15.6921539307,"votingPower":0.008399},{"voter":"Notional","cluster_label":3,"tsne_x":7.291182518,"tsne_y":9.8340148926,"votingPower":0.000239},{"voter":"jabbey","cluster_label":3,"tsne_x":-9.3919487,"tsne_y":6.9147062302,"votingPower":0.002932},{"voter":"0basevc","cluster_label":3,"tsne_x":-13.1186084747,"tsne_y":9.6196756363,"votingPower":0.006467},{"voter":"deprecated","cluster_label":7,"tsne_x":12.5819530487,"tsne_y":-5.5181927681,"votingPower":0.0},{"voter":"Sr20de","cluster_label":3,"tsne_x":1.7870255709,"tsne_y":10.1416759491,"votingPower":0.0},{"voter":"Smart Stake ","cluster_label":3,"tsne_x":-9.908821106,"tsne_y":14.8194007874,"votingPower":0.005711},{"voter":"KAMALMAQUINA","cluster_label":3,"tsne_x":1.5977083445,"tsne_y":11.0695962906,"votingPower":0.0},{"voter":" block pane ","cluster_label":3,"tsne_x":-12.3982076645,"tsne_y":3.0420525074,"votingPower":0.002767},{"voter":"Redline Validation","cluster_label":3,"tsne_x":-10.8748846054,"tsne_y":3.8259711266,"votingPower":0.0},{"voter":"DSFDF","cluster_label":3,"tsne_x":1.9053254128,"tsne_y":11.2321271896,"votingPower":0.0},{"voter":"WhisperNode ","cluster_label":3,"tsne_x":-8.0026693344,"tsne_y":12.6421337128,"votingPower":0.003397},{"voter":"High Stakes ","cluster_label":3,"tsne_x":0.5475167036,"tsne_y":11.6872119904,"votingPower":0.0},{"voter":"openbitlab","cluster_label":3,"tsne_x":1.3194255829,"tsne_y":13.3678884506,"votingPower":0.0},{"voter":" Consensus One","cluster_label":3,"tsne_x":1.8008186817,"tsne_y":11.8489723206,"votingPower":0.000003},{"voter":"Four Moons","cluster_label":3,"tsne_x":2.6378657818,"tsne_y":11.7879800797,"votingPower":0.000012},{"voter":"Terra Nodes","cluster_label":3,"tsne_x":1.8843380213,"tsne_y":11.4535942078,"votingPower":0.000001},{"voter":"fscosmosis1","cluster_label":3,"tsne_x":1.601249218,"tsne_y":11.1061029434,"votingPower":0.0},{"voter":"StakeTown","cluster_label":3,"tsne_x":-9.7091302872,"tsne_y":4.5283002853,"votingPower":0.0},{"voter":"MultiChain Ventures","cluster_label":3,"tsne_x":0.63713485,"tsne_y":10.5182380676,"votingPower":0.000028},{"voter":"MediBloc","cluster_label":3,"tsne_x":-1.1712491512,"tsne_y":11.0578842163,"votingPower":0.000003},{"voter":"DPOSelec","cluster_label":3,"tsne_x":1.3263732195,"tsne_y":11.4570131302,"votingPower":0.0},{"voter":"Node Guardians","cluster_label":3,"tsne_x":-11.1057920456,"tsne_y":9.8977928162,"votingPower":0.008268},{"voter":"Hathor Node","cluster_label":3,"tsne_x":-0.8594710231,"tsne_y":11.7858257294,"votingPower":0.003076},{"voter":"Nodeist","cluster_label":3,"tsne_x":-6.1029543877,"tsne_y":7.8687548637,"votingPower":0.0},{"voter":"Chandra Station ","cluster_label":3,"tsne_x":2.4036226273,"tsne_y":13.3970975876,"votingPower":0.01012},{"voter":"Inter Blockchain Services former 3Tekos","cluster_label":3,"tsne_x":2.9744799137,"tsne_y":11.0406150818,"votingPower":0.0},{"voter":"Nodejumper ","cluster_label":3,"tsne_x":0.5200874209,"tsne_y":11.4833421707,"votingPower":0.0},{"voter":"stakefish","cluster_label":3,"tsne_x":-10.5705213547,"tsne_y":4.2417707443,"votingPower":0.011709},{"voter":"Ethereal Ventures","cluster_label":3,"tsne_x":-0.5470042229,"tsne_y":9.820350647,"votingPower":0.004388},{"voter":"DEFUNCT","cluster_label":3,"tsne_x":2.1638484001,"tsne_y":14.8903894424,"votingPower":0.000017},{"voter":"Alex Bambarello Validator","cluster_label":3,"tsne_x":4.1192288399,"tsne_y":11.5298643112,"votingPower":0.0},{"voter":"Booga Beras","cluster_label":3,"tsne_x":4.5168457031,"tsne_y":9.1088981628,"votingPower":0.004729},{"voter":"NodeStake","cluster_label":3,"tsne_x":6.0845093727,"tsne_y":10.1333036423,"votingPower":0.0},{"voter":"Chill Validation","cluster_label":3,"tsne_x":-9.658416748,"tsne_y":6.9434862137,"votingPower":0.002098},{"voter":"d3akashcloud","cluster_label":3,"tsne_x":4.427646637,"tsne_y":7.6808781624,"votingPower":0.0},{"voter":"Figment","cluster_label":3,"tsne_x":4.6137628555,"tsne_y":7.3175520897,"votingPower":0.017537},{"voter":"DO NOT DELEGATE HERE","cluster_label":3,"tsne_x":3.2737054825,"tsne_y":6.0363864899,"votingPower":0.000015},{"voter":"a41","cluster_label":3,"tsne_x":-12.4173460007,"tsne_y":5.6074929237,"votingPower":0.000017},{"voter":"Stakyio","cluster_label":3,"tsne_x":2.2425348759,"tsne_y":5.3760099411,"votingPower":0.000002},{"voter":"CrowdControl","cluster_label":3,"tsne_x":-6.0325584412,"tsne_y":15.968952179,"votingPower":0.001384},{"voter":"Merkan","cluster_label":3,"tsne_x":2.0032455921,"tsne_y":5.5871162415,"votingPower":0.001433},{"voter":"alphabai","cluster_label":3,"tsne_x":0.9991471767,"tsne_y":4.5674166679,"votingPower":0.0},{"voter":"Oldcat","cluster_label":3,"tsne_x":-9.7441062927,"tsne_y":3.7542684078,"votingPower":0.001121},{"voter":"Manythings","cluster_label":3,"tsne_x":1.8425303698,"tsne_y":4.7218284607,"votingPower":0.005948},{"voter":"Tessellated","cluster_label":3,"tsne_x":-12.74214077,"tsne_y":7.9841346741,"votingPower":0.000473},{"voter":"Gelotto  Slash Protected","cluster_label":3,"tsne_x":0.4657277763,"tsne_y":4.3783140182,"votingPower":0.001916},{"voter":"Golden Ratio Staking","cluster_label":3,"tsne_x":-9.0530080795,"tsne_y":11.426864624,"votingPower":0.00515},{"voter":"Stakewollecom 100 Insurance","cluster_label":3,"tsne_x":-6.1380963326,"tsne_y":8.5171871185,"votingPower":0.002988},{"voter":"Ubik Capital","cluster_label":1,"tsne_x":-3.2969863415,"tsne_y":-0.6428586245,"votingPower":0.000003},{"voter":"PLEASE REDELEGATE","cluster_label":4,"tsne_x":1.0853670835,"tsne_y":1.5280590057,"votingPower":0.000003},{"voter":"Chihuahua","cluster_label":3,"tsne_x":4.4797387123,"tsne_y":12.6188335419,"votingPower":0.004601},{"voter":"PLEASE REDELEGATE  Flipside","cluster_label":4,"tsne_x":0.6189829111,"tsne_y":-0.7843360305,"votingPower":0.000001},{"voter":"CryptoCrew Validators ","cluster_label":3,"tsne_x":5.9524116516,"tsne_y":11.5730419159,"votingPower":0.036947},{"voter":"50 Validator","cluster_label":4,"tsne_x":1.6346356869,"tsne_y":-0.1070075631,"votingPower":0.0},{"voter":"COSMSTAKE","cluster_label":4,"tsne_x":1.3071472645,"tsne_y":-1.3186810017,"votingPower":0.0},{"voter":"Obi","cluster_label":3,"tsne_x":-0.1060588956,"tsne_y":12.6142921448,"votingPower":0.002669},{"voter":"Kahuna","cluster_label":4,"tsne_x":4.101911068,"tsne_y":0.6219702363,"votingPower":0.003819},{"voter":"16psyche","cluster_label":4,"tsne_x":2.9697654247,"tsne_y":-0.0698164105,"votingPower":0.000565},{"voter":" BK Stakehouse ","cluster_label":4,"tsne_x":2.378544569,"tsne_y":-0.6199057698,"votingPower":0.000021},{"voter":"Hugo","cluster_label":4,"tsne_x":2.8445823193,"tsne_y":-0.641290009,"votingPower":0.0},{"voter":"Gidorah","cluster_label":4,"tsne_x":2.7613403797,"tsne_y":-1.0585312843,"votingPower":0.0},{"voter":"CommunityStaking","cluster_label":3,"tsne_x":-9.5027551651,"tsne_y":2.0520374775,"votingPower":0.000001},{"voter":"NFTSwitchxyz  Delegate for SOUL Claim Drop","cluster_label":8,"tsne_x":3.228266716,"tsne_y":-1.7841616869,"votingPower":0.002367},{"voter":"TheCybernetics","cluster_label":10,"tsne_x":7.2080602646,"tsne_y":-0.50565207,"votingPower":0.008521},{"voter":"Analytic Dynamix","cluster_label":4,"tsne_x":0.2215580195,"tsne_y":2.0427150726,"votingPower":0.000002},{"voter":"Dystopia Labs Validator ","cluster_label":4,"tsne_x":3.8103919029,"tsne_y":-1.2946631908,"votingPower":0.0},{"voter":"Nocturnal Labs","cluster_label":4,"tsne_x":-7.8350114822,"tsne_y":-14.5843153,"votingPower":0.005062},{"voter":"Crypto Assassin","cluster_label":3,"tsne_x":-0.9464354515,"tsne_y":9.4973335266,"votingPower":0.014375},{"voter":"decentralizehk  DHK dao","cluster_label":3,"tsne_x":-14.2403354645,"tsne_y":6.2119598389,"votingPower":0.002395},{"voter":"Jerrys Pool","cluster_label":4,"tsne_x":2.4725785255,"tsne_y":0.7164709568,"votingPower":0.0},{"voter":"Stakelyio","cluster_label":3,"tsne_x":-7.6271915436,"tsne_y":12.2872667313,"votingPower":0.003538},{"voter":"Kalia Network","cluster_label":10,"tsne_x":-12.2218236923,"tsne_y":-4.5820946693,"votingPower":0.000001},{"voter":"interchainFM","cluster_label":7,"tsne_x":4.8781580925,"tsne_y":-3.2007553577,"votingPower":0.007288},{"voter":"LikeCoin by Liker Land","cluster_label":3,"tsne_x":6.8422369957,"tsne_y":5.1466612816,"votingPower":0.000057},{"voter":" Stakepile","cluster_label":11,"tsne_x":9.319890976,"tsne_y":-18.3802890778,"votingPower":0.000002},{"voter":"CLOSED","cluster_label":11,"tsne_x":9.3168430328,"tsne_y":-18.3860034943,"votingPower":0.0},{"voter":"ECO Stake ","cluster_label":3,"tsne_x":-8.6659250259,"tsne_y":9.9846849442,"votingPower":0.009894},{"voter":"NGValidator","cluster_label":7,"tsne_x":4.8104290962,"tsne_y":-7.5979466438,"votingPower":0.0},{"voter":" The Chicken Coop  Homestead","cluster_label":7,"tsne_x":5.403172493,"tsne_y":-7.4209241867,"votingPower":0.0},{"voter":"NosNode","cluster_label":3,"tsne_x":-12.0941982269,"tsne_y":5.7445821762,"votingPower":0.012898},{"voter":"Citadelone","cluster_label":3,"tsne_x":-8.2009735107,"tsne_y":14.1252813339,"votingPower":0.009204},{"voter":"Informal Systems","cluster_label":3,"tsne_x":-8.3329257965,"tsne_y":9.8709516525,"votingPower":0.015829},{"voter":" LavenderFive Nodes ","cluster_label":3,"tsne_x":-9.0996103287,"tsne_y":8.399851799,"votingPower":0.009965},{"voter":"SolidStake","cluster_label":10,"tsne_x":8.4172935486,"tsne_y":-1.3802207708,"votingPower":0.0},{"voter":"KingSuper","cluster_label":10,"tsne_x":-13.1776037216,"tsne_y":1.8049404621,"votingPower":0.0},{"voter":"Frens ","cluster_label":3,"tsne_x":-9.8121089935,"tsne_y":12.4192323685,"votingPower":0.010472},{"voter":"Zenscape","cluster_label":10,"tsne_x":-12.4576826096,"tsne_y":-2.5993163586,"votingPower":0.000427},{"voter":"Cosmostation","cluster_label":3,"tsne_x":-9.5646924973,"tsne_y":13.9431095123,"votingPower":0.065904},{"voter":"Kleomedes","cluster_label":10,"tsne_x":9.9366760254,"tsne_y":-0.1820648164,"votingPower":0.001415},{"voter":"Bored Ape Server","cluster_label":10,"tsne_x":8.4664583206,"tsne_y":-1.488371253,"votingPower":0.000091},{"voter":"Levana  Powered by Cros Nest","cluster_label":10,"tsne_x":8.3988409042,"tsne_y":-1.4108878374,"votingPower":0.002525},{"voter":"BlueStake   100 insurance","cluster_label":10,"tsne_x":9.4234027863,"tsne_y":-0.4282713234,"votingPower":0.0},{"voter":"Oni ","cluster_label":10,"tsne_x":-12.4533281326,"tsne_y":-3.4974558353,"votingPower":0.002626},{"voter":"DOUBLETOP","cluster_label":10,"tsne_x":7.5592079163,"tsne_y":-2.0401308537,"votingPower":0.0},{"voter":"artifact","cluster_label":10,"tsne_x":8.4834871292,"tsne_y":-0.6890192628,"votingPower":0.005119},{"voter":"White Whale","cluster_label":1,"tsne_x":3.0147359371,"tsne_y":-8.9516897202,"votingPower":0.003021},{"voter":"White Marlin Staking","cluster_label":10,"tsne_x":-13.1270027161,"tsne_y":-3.6678266525,"votingPower":0.00764},{"voter":"Silk Nodes","cluster_label":3,"tsne_x":-7.8277931213,"tsne_y":2.4062480927,"votingPower":0.003454},{"voter":"OmniFlix Network","cluster_label":3,"tsne_x":-11.9794588089,"tsne_y":0.3452790976,"votingPower":0.014943},{"voter":"BlockHunters ","cluster_label":4,"tsne_x":-6.6667385101,"tsne_y":-9.6710634232,"votingPower":0.000391},{"voter":"GATA HUB","cluster_label":3,"tsne_x":-8.4068336487,"tsne_y":1.8234972954,"votingPower":0.000554},{"voter":"CosmosPug ","cluster_label":10,"tsne_x":8.615486145,"tsne_y":-2.577316761,"votingPower":0.0},{"voter":"Delicious","cluster_label":9,"tsne_x":6.3552927971,"tsne_y":-6.0029864311,"votingPower":0.000004},{"voter":"BasBlock","cluster_label":7,"tsne_x":-1.9636623859,"tsne_y":-4.9355635643,"votingPower":0.000005},{"voter":"hydrogen18","cluster_label":4,"tsne_x":1.8768290281,"tsne_y":-2.82091856,"votingPower":0.000002},{"voter":"Kintsugi Nodes","cluster_label":3,"tsne_x":-9.9928312302,"tsne_y":6.9297671318,"votingPower":0.001734},{"voter":"NodesGuru","cluster_label":10,"tsne_x":-0.5075854063,"tsne_y":-9.6074752808,"votingPower":0.0},{"voter":"Coinage x DAIC","cluster_label":3,"tsne_x":-7.1871199608,"tsne_y":12.0109176636,"votingPower":0.000903},{"voter":"Dora Factory","cluster_label":1,"tsne_x":3.7021846771,"tsne_y":-10.7071323395,"votingPower":0.005836},{"voter":"blockscape","cluster_label":3,"tsne_x":-10.7815418243,"tsne_y":7.760160923,"votingPower":0.000832},{"voter":"Keplr","cluster_label":6,"tsne_x":-0.8563071489,"tsne_y":-12.0211191177,"votingPower":0.005215},{"voter":"Stakecito","cluster_label":3,"tsne_x":-9.371131897,"tsne_y":12.454123497,"votingPower":0.021856},{"voter":"polkachucom","cluster_label":3,"tsne_x":6.8783845901,"tsne_y":10.3279161453,"votingPower":0.016183},{"voter":"Meria","cluster_label":4,"tsne_x":-7.5483989716,"tsne_y":-14.0976915359,"votingPower":0.003092},{"voter":"PRO Delegators","cluster_label":4,"tsne_x":-7.757183075,"tsne_y":-14.4639921188,"votingPower":0.006442},{"voter":"Interstellar Lounge ","cluster_label":8,"tsne_x":0.3091921806,"tsne_y":-14.7426261902,"votingPower":0.006795},{"voter":"DELIGHT","cluster_label":4,"tsne_x":-2.2625279427,"tsne_y":-11.4026269913,"votingPower":0.000088},{"voter":"DSRV","cluster_label":3,"tsne_x":-7.4244642258,"tsne_y":6.9907445908,"votingPower":0.008158},{"voter":"Blockdaemon","cluster_label":3,"tsne_x":-6.7865953445,"tsne_y":2.5388777256,"votingPower":0.000781},{"voter":"MMS","cluster_label":6,"tsne_x":13.4804620743,"tsne_y":-8.9940509796,"votingPower":0.0},{"voter":"BronBro","cluster_label":3,"tsne_x":-6.6359367371,"tsne_y":7.519364357,"votingPower":0.002605},{"voter":"Cat Boss","cluster_label":7,"tsne_x":9.8207435608,"tsne_y":2.1298873425,"votingPower":0.000004},{"voter":"Cypher Core","cluster_label":3,"tsne_x":-14.2093343735,"tsne_y":6.2909584045,"votingPower":0.002276},{"voter":"SOLAR Labs","cluster_label":12,"tsne_x":-4.2419524193,"tsne_y":-19.7166576385,"votingPower":0.000001},{"voter":"wosmongton","cluster_label":7,"tsne_x":-1.5233328342,"tsne_y":-6.4211153984,"votingPower":0.003229},{"voter":"node101","cluster_label":2,"tsne_x":-3.0813105106,"tsne_y":-10.5354700089,"votingPower":0.0},{"voter":"test","cluster_label":4,"tsne_x":-6.0269408226,"tsne_y":-9.1453533173,"votingPower":0.0},{"voter":"Stakeflow","cluster_label":4,"tsne_x":-5.3536548615,"tsne_y":-9.7245101929,"votingPower":0.000015},{"voter":"ChainLayer","cluster_label":3,"tsne_x":-4.7540917397,"tsne_y":3.3350610733,"votingPower":0.004579},{"voter":"Active Nodes","cluster_label":3,"tsne_x":-2.6472725868,"tsne_y":12.5459213257,"votingPower":0.001349},{"voter":"strangelove","cluster_label":13,"tsne_x":4.0677647591,"tsne_y":-11.7545423508,"votingPower":0.008459},{"voter":"ushakov","cluster_label":5,"tsne_x":12.5897045135,"tsne_y":-11.581454277,"votingPower":0.000974},{"voter":"c29r3","cluster_label":12,"tsne_x":13.1911039352,"tsne_y":0.4564994872,"votingPower":0.000001},{"voter":"Komikuri","cluster_label":3,"tsne_x":-0.0875672325,"tsne_y":14.0259847641,"votingPower":0.001074},{"voter":"Allnodes","cluster_label":3,"tsne_x":-9.0964536667,"tsne_y":10.0232105255,"votingPower":0.012401},{"voter":"BadgerBite","cluster_label":12,"tsne_x":-4.2278151512,"tsne_y":-19.6813335419,"votingPower":0.0},{"voter":"Klub Staking","cluster_label":3,"tsne_x":-3.5126643181,"tsne_y":9.2078447342,"votingPower":0.002561},{"voter":"PoS Node","cluster_label":13,"tsne_x":1.0962332487,"tsne_y":-16.4136104584,"votingPower":0.000033},{"voter":"FreshSTAKING","cluster_label":3,"tsne_x":-11.9276990891,"tsne_y":4.401348114,"votingPower":0.001787},{"voter":"SmartNodes","cluster_label":4,"tsne_x":-3.0407471657,"tsne_y":-5.6719813347,"votingPower":0.001273},{"voter":"Tuzem","cluster_label":13,"tsne_x":4.2368788719,"tsne_y":-10.9753866196,"votingPower":0.0},{"voter":"Staketab","cluster_label":7,"tsne_x":-0.5982936025,"tsne_y":-5.0662727356,"votingPower":0.0},{"voter":"CryptoDungeon","cluster_label":10,"tsne_x":0.3240876794,"tsne_y":-9.4022846222,"votingPower":0.001591},{"voter":"Quebec","cluster_label":13,"tsne_x":1.1408009529,"tsne_y":-15.4327421188,"votingPower":0.000733},{"voter":"MrK","cluster_label":10,"tsne_x":2.8606934547,"tsne_y":3.9824283123,"votingPower":0.000021},{"voter":"commercionetwork","cluster_label":4,"tsne_x":-5.1789917946,"tsne_y":-4.0796523094,"votingPower":0.000522},{"voter":"SHUTTING DOWN AUDITone","cluster_label":3,"tsne_x":-13.5479326248,"tsne_y":11.5837917328,"votingPower":0.002178},{"voter":"S16 Research Ventures","cluster_label":3,"tsne_x":-7.1397762299,"tsne_y":2.7335586548,"votingPower":0.006653},{"voter":"dForce","cluster_label":4,"tsne_x":-5.1681008339,"tsne_y":-3.9991879463,"votingPower":0.000004},{"voter":"Redelegate","cluster_label":11,"tsne_x":13.5365924835,"tsne_y":-6.9879693985,"votingPower":0.0},{"voter":"ShapeShift DAO","cluster_label":3,"tsne_x":-6.7950267792,"tsne_y":0.4105094671,"votingPower":0.008919},{"voter":"Leonoors Cryptoman","cluster_label":3,"tsne_x":3.1435582638,"tsne_y":12.6331615448,"votingPower":0.005671},{"voter":"VALIDATRIUM","cluster_label":9,"tsne_x":8.2800426483,"tsne_y":-4.8770055771,"votingPower":0.0},{"voter":"ztakeorg","cluster_label":9,"tsne_x":6.5850849152,"tsne_y":-10.6455249786,"votingPower":0.000824},{"voter":"iqlusion","cluster_label":4,"tsne_x":-5.9335660934,"tsne_y":-8.0521059036,"votingPower":0.004994},{"voter":"Tedcryptoio   TedLotto","cluster_label":10,"tsne_x":-0.5718733668,"tsne_y":-14.0256881714,"votingPower":0.004581},{"voter":"validatornetwork","cluster_label":11,"tsne_x":1.5088205338,"tsne_y":-6.2778987885,"votingPower":0.000702},{"voter":"Trust Nodes","cluster_label":1,"tsne_x":-4.5167293549,"tsne_y":-12.9167814255,"votingPower":0.001782},{"voter":"Interbloc","cluster_label":10,"tsne_x":-12.2247829437,"tsne_y":-3.5388996601,"votingPower":0.005184},{"voter":"Valnodes  Carbon Neutral Staking","cluster_label":7,"tsne_x":-1.922005415,"tsne_y":-5.0871024132,"votingPower":0.000011},{"voter":"kooltek68","cluster_label":9,"tsne_x":8.4292993546,"tsne_y":-12.6096029282,"votingPower":0.000513},{"voter":"fissionlabs","cluster_label":7,"tsne_x":9.8567419052,"tsne_y":1.8834314346,"votingPower":0.0},{"voter":"Everstake","cluster_label":1,"tsne_x":-4.5675024986,"tsne_y":-12.8206605911,"votingPower":0.008699},{"voter":"Coinbase","cluster_label":3,"tsne_x":1.5090209246,"tsne_y":6.5779819489,"votingPower":0.006347},{"voter":"CroutonDigital","cluster_label":9,"tsne_x":-0.5846902728,"tsne_y":-12.2532625198,"votingPower":0.000802},{"voter":"StakeRelax ","cluster_label":10,"tsne_x":0.0604525432,"tsne_y":-9.2747030258,"votingPower":0.000443},{"voter":"TR3B ASTRA","cluster_label":9,"tsne_x":10.8210515976,"tsne_y":-9.9964056015,"votingPower":0.000002},{"voter":"Stargazezone ","cluster_label":7,"tsne_x":5.3118577003,"tsne_y":-5.5246391296,"votingPower":0.002682},{"voter":"Uncle Ed","cluster_label":3,"tsne_x":2.1739809513,"tsne_y":9.472284317,"votingPower":0.002062},{"voter":" Vortexlive ","cluster_label":4,"tsne_x":-7.0027480125,"tsne_y":-8.0960378647,"votingPower":0.000935},{"voter":"Blockpower","cluster_label":7,"tsne_x":2.4086444378,"tsne_y":-7.1127748489,"votingPower":0.000007},{"voter":"Larry Engineer","cluster_label":3,"tsne_x":3.6577780247,"tsne_y":9.4396181107,"votingPower":0.007132},{"voter":"AIR DROP STATION","cluster_label":4,"tsne_x":3.2339634895,"tsne_y":-6.7077960968,"votingPower":0.0},{"voter":"IcyCRO ","cluster_label":4,"tsne_x":-5.617814064,"tsne_y":-8.4852619171,"votingPower":0.005239},{"voter":"Inactive Validator","cluster_label":0,"tsne_x":2.4992871284,"tsne_y":-4.9706783295,"votingPower":0.000013},{"voter":"Sunshine Validation solarpower","cluster_label":7,"tsne_x":2.7925655842,"tsne_y":-6.5549616814,"votingPower":0.000001},{"voter":"Multiplex","cluster_label":4,"tsne_x":9.3895273209,"tsne_y":-10.8760290146,"votingPower":0.001266},{"voter":"PRYZM  StakeDrop","cluster_label":4,"tsne_x":8.5734262466,"tsne_y":-10.3631744385,"votingPower":0.040846},{"voter":"mp20","cluster_label":7,"tsne_x":-1.5264072418,"tsne_y":-7.0282607079,"votingPower":0.000003},{"voter":"AlphaNodes","cluster_label":9,"tsne_x":3.222653389,"tsne_y":-14.7461957932,"votingPower":0.000911},{"voter":"Validators United","cluster_label":9,"tsne_x":13.1623039246,"tsne_y":-9.1862468719,"votingPower":0.0},{"voter":"AstraVoyage","cluster_label":0,"tsne_x":4.1218829155,"tsne_y":-5.7004103661,"votingPower":0.000003},{"voter":"REDELEGATE  Inactive","cluster_label":7,"tsne_x":7.1371641159,"tsne_y":-7.9305763245,"votingPower":0.0},{"voter":"Please redelegate  Decommissioning","cluster_label":9,"tsne_x":9.0906505585,"tsne_y":-7.4280247688,"votingPower":0.000025},{"voter":"Beehive","cluster_label":3,"tsne_x":-2.4947917461,"tsne_y":6.8785324097,"votingPower":0.001202},{"voter":"Validatus","cluster_label":9,"tsne_x":0.8018543124,"tsne_y":-13.0992183685,"votingPower":0.001017},{"voter":"coaction","cluster_label":0,"tsne_x":13.899813652,"tsne_y":-3.7879867554,"votingPower":0.000001},{"voter":"samurai","cluster_label":7,"tsne_x":-1.2437894344,"tsne_y":-5.2459011078,"votingPower":0.00013},{"voter":"SASSouth Atlantic Staking","cluster_label":0,"tsne_x":4.8850317001,"tsne_y":-6.215528965,"votingPower":0.0},{"voter":"Cosmos Spaces ","cluster_label":9,"tsne_x":7.963259697,"tsne_y":-6.9855298996,"votingPower":0.006163},{"voter":"SCVSecurity","cluster_label":1,"tsne_x":3.583660841,"tsne_y":-8.7300643921,"votingPower":0.0},{"voter":"Thanosone  I am inevitable","cluster_label":7,"tsne_x":9.6632881165,"tsne_y":-5.5060839653,"votingPower":0.000002},{"voter":"AnotherSoftware  ASVT Airdrops to delegators","cluster_label":9,"tsne_x":6.2928371429,"tsne_y":-7.6034564972,"votingPower":0.0},{"voter":"Blockwavelabs","cluster_label":7,"tsne_x":7.6684188843,"tsne_y":-8.0722646713,"votingPower":0.000001},{"voter":"coinhallorg","cluster_label":8,"tsne_x":7.5030150414,"tsne_y":-13.1954088211,"votingPower":0.013381},{"voter":"StakeThat  autorestake","cluster_label":7,"tsne_x":7.9486322403,"tsne_y":-7.5511898994,"votingPower":0.000075},{"voter":"PLEASE REDELEGATE SUNSETTING","cluster_label":7,"tsne_x":10.678155899,"tsne_y":-7.0949039459,"votingPower":0.000892},{"voter":"Extra Rewards  NodeOf Cosmonauts  OSMOSIS","cluster_label":7,"tsne_x":6.8375253677,"tsne_y":-7.2697515488,"votingPower":0.0},{"voter":"TienThuatToan","cluster_label":7,"tsne_x":8.9972448349,"tsne_y":-5.7909593582,"votingPower":0.0},{"voter":"DeFi100iCosmosDAO ","cluster_label":7,"tsne_x":7.63123703,"tsne_y":-6.2983565331,"votingPower":0.000001},{"voter":"Zenith  REDELEGATE to Interbloc","cluster_label":9,"tsne_x":10.360045433,"tsne_y":-9.3683710098,"votingPower":0.0},{"voter":"Not enough token to be active please redelegate","cluster_label":9,"tsne_x":9.4061317444,"tsne_y":-8.3942480087,"votingPower":0.0},{"voter":"Androma DAO","cluster_label":9,"tsne_x":9.9749965668,"tsne_y":-8.7725906372,"votingPower":0.0},{"voter":"Astroquirks","cluster_label":9,"tsne_x":9.1969823837,"tsne_y":-10.4520235062,"votingPower":0.001526},{"voter":"abcdosmo","cluster_label":9,"tsne_x":6.7341880798,"tsne_y":-7.3664517403,"votingPower":0.0},{"voter":"defiantlabs","cluster_label":9,"tsne_x":6.9535632133,"tsne_y":-14.4137306213,"votingPower":0.001176},{"voter":"Interop","cluster_label":9,"tsne_x":6.7047338486,"tsne_y":-14.7229442596,"votingPower":0.005096},{"voter":"Electric","cluster_label":9,"tsne_x":10.0106401443,"tsne_y":-14.0128259659,"votingPower":0.015023},{"voter":"edenTest","cluster_label":0,"tsne_x":7.5371813774,"tsne_y":-5.44947052,"votingPower":0.0},{"voter":"NodesByGirls ","cluster_label":9,"tsne_x":9.1668748856,"tsne_y":-13.992310524,"votingPower":0.00003},{"voter":"SpectrumX","cluster_label":9,"tsne_x":3.3975875378,"tsne_y":-13.2760753632,"votingPower":0.002212},{"voter":"Mendel","cluster_label":9,"tsne_x":1.6651978493,"tsne_y":-14.9585094452,"votingPower":0.004018},{"voter":"reynisfjara","cluster_label":9,"tsne_x":5.7903342247,"tsne_y":-9.4408473969,"votingPower":0.000071},{"voter":"Margined Protocol","cluster_label":9,"tsne_x":2.8873567581,"tsne_y":-13.4521913528,"votingPower":0.007766},{"voter":"NotionalVentures","cluster_label":9,"tsne_x":2.2113316059,"tsne_y":-14.354426384,"votingPower":0.003744},{"voter":"HFA X Defi Dojo","cluster_label":9,"tsne_x":1.4823137522,"tsne_y":-13.9961767197,"votingPower":0.000931},{"voter":"Mad Scientists","cluster_label":9,"tsne_x":6.3934617043,"tsne_y":-8.3898162842,"votingPower":0.002611},{"voter":"BeehiveOfficial","cluster_label":9,"tsne_x":0.708281517,"tsne_y":-13.0905160904,"votingPower":0.000541}]