[{"voter":" AutoStake  Slash Protected","cluster_label":3,"tsne_x":-0.298091054,"tsne_y":7.1278057098,"votingPower":0.033098},{"voter":"Simply Staking","cluster_label":3,"tsne_x":-0.7452417016,"tsne_y":3.7338042259,"votingPower":0.00005},{"voter":"Chorus One","cluster_label":3,"tsne_x":0.906360805,"tsne_y":6.9455504417,"votingPower":0.015209},{"voter":"Forbole","cluster_label":3,"tsne_x":2.9972882271,"tsne_y":6.1964969635,"votingPower":0.000168},{"voter":"01node","cluster_label":3,"tsne_x":-3.1180973053,"tsne_y":7.642261982,"votingPower":0.010662},{"voter":" block pane ","cluster_label":3,"tsne_x":2.2852399349,"tsne_y":4.0096359253,"votingPower":0.001401},{"voter":"WhisperNode ","cluster_label":3,"tsne_x":-0.9621511698,"tsne_y":6.4283299446,"votingPower":0.038015},{"voter":"Stakyio","cluster_label":3,"tsne_x":2.5933096409,"tsne_y":4.6496796608,"votingPower":0.000573},{"voter":"Obi","cluster_label":3,"tsne_x":-8.7904291153,"tsne_y":3.4891033173,"votingPower":0.008862},{"voter":"Stakelyio","cluster_label":3,"tsne_x":-1.157274127,"tsne_y":6.0909619331,"votingPower":0.00964},{"voter":"Citadelone","cluster_label":3,"tsne_x":0.2814714611,"tsne_y":7.6690940857,"votingPower":0.064292},{"voter":" LavenderFive Nodes ","cluster_label":3,"tsne_x":-2.1694242954,"tsne_y":7.4671883583,"votingPower":0.019305},{"voter":"Coinage x DAIC","cluster_label":3,"tsne_x":-1.8797291517,"tsne_y":5.8939695358,"votingPower":0.003319},{"voter":"Keplr","cluster_label":6,"tsne_x":-5.8876338005,"tsne_y":9.1319789886,"votingPower":0.01729},{"voter":"MMS","cluster_label":6,"tsne_x":-12.0617647171,"tsne_y":11.5662975311,"votingPower":0.0},{"voter":"FreshSTAKING","cluster_label":3,"tsne_x":-0.7878305316,"tsne_y":3.9946987629,"votingPower":0.003984},{"voter":"SmartNodes","cluster_label":4,"tsne_x":1.7028180361,"tsne_y":-3.2176148891,"votingPower":0.000587},{"voter":"Redelegate","cluster_label":11,"tsne_x":4.0141978264,"tsne_y":-10.5041313171,"votingPower":0.0},{"voter":"Stakin","cluster_label":4,"tsne_x":-14.6421022415,"tsne_y":12.4626188278,"votingPower":0.0},{"voter":"notional","cluster_label":10,"tsne_x":-3.379222393,"tsne_y":-5.5675678253,"votingPower":0.00005},{"voter":" Stake or Die ","cluster_label":7,"tsne_x":0.5234197974,"tsne_y":-2.1743681431,"votingPower":0.005398},{"voter":"Consensus One","cluster_label":9,"tsne_x":3.4430651665,"tsne_y":-6.6277570724,"votingPower":0.028759},{"voter":"Stakewollecom  Autocompound","cluster_label":1,"tsne_x":3.3085741997,"tsne_y":-13.6621589661,"votingPower":0.008728},{"voter":"NodeMonster","cluster_label":10,"tsne_x":11.6538820267,"tsne_y":-8.274887085,"votingPower":0.013546},{"voter":"SpaceStake","cluster_label":7,"tsne_x":10.6346378326,"tsne_y":-6.2707343102,"votingPower":0.001281},{"voter":"Earn Network","cluster_label":7,"tsne_x":11.0938062668,"tsne_y":-5.2450633049,"votingPower":0.003465},{"voter":"Stashh","cluster_label":6,"tsne_x":-14.4480838776,"tsne_y":11.8633975983,"votingPower":0.012035},{"voter":"Huobi","cluster_label":4,"tsne_x":3.8713254929,"tsne_y":-4.1516809464,"votingPower":0.000034},{"voter":"w3coins","cluster_label":4,"tsne_x":12.7080450058,"tsne_y":-9.2294044495,"votingPower":0.002954},{"voter":"Colossus","cluster_label":11,"tsne_x":6.3636493683,"tsne_y":-10.7044181824,"votingPower":0.002043},{"voter":"AgoraNodes","cluster_label":6,"tsne_x":8.7786073685,"tsne_y":1.4385133982,"votingPower":0.001974},{"voter":"Tan","cluster_label":11,"tsne_x":4.4548459053,"tsne_y":-8.7331628799,"votingPower":0.006629},{"voter":"BwareLabs","cluster_label":1,"tsne_x":9.1503400803,"tsne_y":-4.8947434425,"votingPower":0.000001},{"voter":"Staked","cluster_label":6,"tsne_x":-7.0073437691,"tsne_y":5.0765023232,"votingPower":0.034006},{"voter":"Trivium  TriviumNetwork","cluster_label":6,"tsne_x":-12.9931755066,"tsne_y":6.07234478,"votingPower":0.015131},{"voter":"StakeLab","cluster_label":8,"tsne_x":1.3230338097,"tsne_y":-10.1863908768,"votingPower":0.008029},{"voter":" CryptoCrew Validators IBCgang","cluster_label":6,"tsne_x":-9.5058012009,"tsne_y":10.3845424652,"votingPower":0.009494},{"voter":"HashQuark","cluster_label":11,"tsne_x":7.1326684952,"tsne_y":-8.5632162094,"votingPower":0.000029},{"voter":"Autism Staking","cluster_label":8,"tsne_x":7.3605384827,"tsne_y":-5.3683252335,"votingPower":0.000001},{"voter":"ChainofSecretsorg","cluster_label":6,"tsne_x":-13.1106233597,"tsne_y":7.3742814064,"votingPower":0.015926},{"voter":"Republic Crypto","cluster_label":6,"tsne_x":-11.0578517914,"tsne_y":8.2066955566,"votingPower":0.000017},{"voter":"Secret Express","cluster_label":6,"tsne_x":-10.7725915909,"tsne_y":12.918469429,"votingPower":0.043974},{"voter":"nodevine","cluster_label":6,"tsne_x":-12.01491642,"tsne_y":7.8382496834,"votingPower":0.004841},{"voter":"figment","cluster_label":6,"tsne_x":-11.0266027451,"tsne_y":7.3153567314,"votingPower":0.000145},{"voter":"CosmosPug","cluster_label":6,"tsne_x":-8.4806003571,"tsne_y":9.8636388779,"votingPower":0.000903},{"voter":"    secretanalyticsxyz","cluster_label":6,"tsne_x":-14.7843427658,"tsne_y":8.4606695175,"votingPower":0.007069},{"voter":"AART","cluster_label":6,"tsne_x":-11.412071228,"tsne_y":7.6770782471,"votingPower":0.003438},{"voter":"Alter","cluster_label":6,"tsne_x":-9.5702705383,"tsne_y":8.3288755417,"votingPower":0.000645},{"voter":"AmberDAO","cluster_label":6,"tsne_x":-15.929017067,"tsne_y":6.6121544838,"votingPower":0.003585},{"voter":"PathrockNetwork","cluster_label":6,"tsne_x":-10.4235563278,"tsne_y":7.4368491173,"votingPower":0.003012},{"voter":"Secret University  scrtuniversity","cluster_label":6,"tsne_x":-10.4418439865,"tsne_y":6.6250042915,"votingPower":0.002234},{"voter":"1 Fee and Free on Xmas  Secret Santa","cluster_label":6,"tsne_x":-10.8327627182,"tsne_y":6.6291956902,"votingPower":0.011855},{"voter":"EZStakingio","cluster_label":6,"tsne_x":-14.7181043625,"tsne_y":6.194583416,"votingPower":0.000065},{"voter":"secretnftcom","cluster_label":6,"tsne_x":-13.1212415695,"tsne_y":8.7045907974,"votingPower":0.00104},{"voter":"Quiet monkey mind","cluster_label":6,"tsne_x":-8.9294500351,"tsne_y":6.8581109047,"votingPower":0.007984},{"voter":"ELYSIUM","cluster_label":6,"tsne_x":-11.0339822769,"tsne_y":8.7237844467,"votingPower":0.00168},{"voter":"Jackal DAO","cluster_label":6,"tsne_x":-12.2245435715,"tsne_y":9.3875102997,"votingPower":0.005503},{"voter":"Digiline","cluster_label":6,"tsne_x":-10.2618494034,"tsne_y":8.7518606186,"votingPower":0.000011},{"voter":"Vanasio  earn airdrops","cluster_label":6,"tsne_x":-11.4297580719,"tsne_y":10.0184955597,"votingPower":0.000011},{"voter":"securesecretsorg","cluster_label":6,"tsne_x":-8.2792291641,"tsne_y":8.0966367722,"votingPower":0.028159},{"voter":"Apeiron Nodes100 UptimeAirdrops","cluster_label":6,"tsne_x":-12.0179252625,"tsne_y":10.7716636658,"votingPower":0.000002},{"voter":"SCRT LabRador","cluster_label":6,"tsne_x":-11.5728359222,"tsne_y":5.1192173958,"votingPower":0.003541},{"voter":"StarShell","cluster_label":6,"tsne_x":-11.4851408005,"tsne_y":2.8377139568,"votingPower":0.011361},{"voter":"Mr Roboto s Secret","cluster_label":7,"tsne_x":-1.8825824261,"tsne_y":-0.9736894369,"votingPower":0.019303},{"voter":"AnonDAO","cluster_label":6,"tsne_x":-14.9774923325,"tsne_y":4.1710743904,"votingPower":0.003842},{"voter":"Order of Secrets  1 fees","cluster_label":7,"tsne_x":4.1618413925,"tsne_y":-1.8239306211,"votingPower":0.02114},{"voter":"secretSauce ","cluster_label":6,"tsne_x":-16.8750476837,"tsne_y":6.7724175453,"votingPower":0.016847},{"voter":"SecretDog","cluster_label":7,"tsne_x":-4.2595877647,"tsne_y":-3.7819583416,"votingPower":0.007559},{"voter":"hadowRealm","cluster_label":6,"tsne_x":-7.4188332558,"tsne_y":7.81727314,"votingPower":0.001403},{"voter":"DELEGATE AWAY","cluster_label":7,"tsne_x":5.9419908524,"tsne_y":-5.1108498573,"votingPower":0.0},{"voter":"SecretAlf","cluster_label":7,"tsne_x":-1.6877875328,"tsne_y":-1.821611762,"votingPower":0.008934},{"voter":"Crypto Chemistry ","cluster_label":7,"tsne_x":1.8262348175,"tsne_y":-7.0247387886,"votingPower":0.000271},{"voter":"Secret Keeper","cluster_label":6,"tsne_x":-9.8006877899,"tsne_y":5.0108675957,"votingPower":0.002769},{"voter":"secret underground","cluster_label":7,"tsne_x":-0.2366562039,"tsne_y":-3.0527043343,"votingPower":0.000038},{"voter":"Ronin Ventures","cluster_label":7,"tsne_x":-0.3194098473,"tsne_y":-5.7400302887,"votingPower":0.000039},{"voter":"secretchaingirl","cluster_label":7,"tsne_x":-2.4129605293,"tsne_y":-1.749750495,"votingPower":0.00932},{"voter":"Stake and Eggs","cluster_label":7,"tsne_x":5.5645723343,"tsne_y":-7.2957000732,"votingPower":0.003572},{"voter":"Shutdown  please redelegate","cluster_label":6,"tsne_x":-5.0280017853,"tsne_y":-5.0716967583,"votingPower":0.000259},{"voter":"0 Fee 2024   melea","cluster_label":7,"tsne_x":4.7628517151,"tsne_y":-2.1230347157,"votingPower":0.114664},{"voter":"SerGo","cluster_label":5,"tsne_x":11.8168144226,"tsne_y":-0.7812736034,"votingPower":0.000009},{"voter":"Outlier Ventures","cluster_label":7,"tsne_x":5.316880703,"tsne_y":-6.3079867363,"votingPower":0.00148},{"voter":"DELEGATE AWAY  Going offline soon","cluster_label":7,"tsne_x":5.2785682678,"tsne_y":-4.4800429344,"votingPower":0.000026},{"voter":"StakeKY","cluster_label":7,"tsne_x":5.316880703,"tsne_y":-6.3079867363,"votingPower":0.000033},{"voter":"Chilly Waifu Validation Chill Validation","cluster_label":6,"tsne_x":-7.2673835754,"tsne_y":-0.0089548621,"votingPower":0.004421},{"voter":"HorseshoeCapital","cluster_label":9,"tsne_x":3.9869515896,"tsne_y":-5.534368515,"votingPower":0.0},{"voter":"XavierCapital","cluster_label":6,"tsne_x":-5.0240750313,"tsne_y":-2.9794781208,"votingPower":0.006487},{"voter":"Stealth Staking","cluster_label":7,"tsne_x":3.0430753231,"tsne_y":-8.3826446533,"votingPower":0.000004},{"voter":"DomeriumLabs","cluster_label":7,"tsne_x":-3.749317646,"tsne_y":-4.7297592163,"votingPower":0.001228},{"voter":"Jamama","cluster_label":7,"tsne_x":-1.0712966919,"tsne_y":-8.417298317,"votingPower":0.001689},{"voter":"Pulsr","cluster_label":7,"tsne_x":6.2969341278,"tsne_y":-4.1068539619,"votingPower":0.0},{"voter":"CoinBevy","cluster_label":7,"tsne_x":6.0354523659,"tsne_y":-5.5675568581,"votingPower":0.000002},{"voter":"please delegate to new avaulto node","cluster_label":7,"tsne_x":0.3487668633,"tsne_y":-2.9946827888,"votingPower":0.000009},{"voter":"legume","cluster_label":7,"tsne_x":5.3093104362,"tsne_y":-6.8074741364,"votingPower":0.0},{"voter":"HBSecretNode","cluster_label":7,"tsne_x":10.2561092377,"tsne_y":-8.9686412811,"votingPower":0.001017},{"voter":"Artemisred","cluster_label":7,"tsne_x":-1.6855816841,"tsne_y":-4.1835899353,"votingPower":0.000114},{"voter":"Clandestina X LavenderFive","cluster_label":7,"tsne_x":0.2147626281,"tsne_y":-6.0440006256,"votingPower":0.000043},{"voter":"Astrovault","cluster_label":0,"tsne_x":5.7362318039,"tsne_y":-9.2689352036,"votingPower":0.000222},{"voter":"shutting down 114","cluster_label":7,"tsne_x":-0.3644945323,"tsne_y":-8.2169160843,"votingPower":0.000351},{"voter":"Avaulto","cluster_label":7,"tsne_x":1.0538883209,"tsne_y":-7.2400388718,"votingPower":0.000007},{"voter":"urtv72k9","cluster_label":7,"tsne_x":4.5873937607,"tsne_y":-6.8974637985,"votingPower":0.0},{"voter":" ActiListio DApp","cluster_label":7,"tsne_x":11.5931787491,"tsne_y":-9.0450286865,"votingPower":0.002172},{"voter":"Finacash","cluster_label":7,"tsne_x":11.2182216644,"tsne_y":-9.873670578,"votingPower":0.021734},{"voter":"MathWallet  Fenbushi","cluster_label":7,"tsne_x":8.5148944855,"tsne_y":-7.4640898705,"votingPower":0.000022},{"voter":"Lotus","cluster_label":7,"tsne_x":7.6176838875,"tsne_y":-2.7963938713,"votingPower":0.000004},{"voter":"CosmoBook  please redelegate","cluster_label":7,"tsne_x":6.348426342,"tsne_y":-7.1769676208,"votingPower":0.000003},{"voter":"Lorem Ipsum Metaverse","cluster_label":7,"tsne_x":5.9887485504,"tsne_y":-7.038166523,"votingPower":0.000005},{"voter":"Secret Network Africa","cluster_label":7,"tsne_x":7.4361042976,"tsne_y":-7.3538012505,"votingPower":0.000002},{"voter":"crosnest","cluster_label":7,"tsne_x":12.3124094009,"tsne_y":-6.3375654221,"votingPower":0.01082},{"voter":"zenopie  ","cluster_label":0,"tsne_x":8.2150535583,"tsne_y":-9.7951984406,"votingPower":0.000001},{"voter":" Secret Jupiter  2 forever","cluster_label":9,"tsne_x":6.5237841606,"tsne_y":-6.4581131935,"votingPower":0.001334},{"voter":"AdamantFI","cluster_label":9,"tsne_x":4.9283490181,"tsne_y":-8.0851078033,"votingPower":0.0}]