[{"voter":"Chainflow","cluster_label":3,"tsne_x":-12.7346343994,"tsne_y":-0.8522080183,"votingPower":0.002767},{"voter":"Imperatorco","cluster_label":3,"tsne_x":-12.6070775986,"tsne_y":10.1869459152,"votingPower":0.016076},{"voter":" AutoStake  Slash Protected","cluster_label":3,"tsne_x":-14.616358757,"tsne_y":8.4908189774,"votingPower":0.010008},{"voter":"Simply Staking","cluster_label":3,"tsne_x":-9.767621994,"tsne_y":6.8836994171,"votingPower":0.005286},{"voter":"StakeLabzone","cluster_label":3,"tsne_x":-10.5727949142,"tsne_y":-3.6191456318,"votingPower":0.021603},{"voter":"REDELEGATE","cluster_label":3,"tsne_x":-10.6674489975,"tsne_y":4.2258586884,"votingPower":0.0001},{"voter":"SpacePotato","cluster_label":3,"tsne_x":-9.3777084351,"tsne_y":2.7623770237,"votingPower":0.005482},{"voter":"Crosnest","cluster_label":3,"tsne_x":-13.5206642151,"tsne_y":10.6795120239,"votingPower":0.004738},{"voter":"Vitwit Previously Witval","cluster_label":3,"tsne_x":-2.6217653751,"tsne_y":0.6920101643,"votingPower":0.008144},{"voter":"Noderunners","cluster_label":3,"tsne_x":-11.4268455505,"tsne_y":1.9947859049,"votingPower":0.002598},{"voter":"Chorus One","cluster_label":3,"tsne_x":-14.8832616806,"tsne_y":5.4690732956,"votingPower":0.062178},{"voter":"POSTHUMAN  StakeDrop","cluster_label":3,"tsne_x":-14.7334814072,"tsne_y":4.3450593948,"votingPower":0.010803},{"voter":"Ping","cluster_label":3,"tsne_x":-11.888507843,"tsne_y":0.7280731797,"votingPower":0.006489},{"voter":"Notional","cluster_label":3,"tsne_x":-13.102725029,"tsne_y":1.1309847832,"votingPower":0.000173},{"voter":"0basevc","cluster_label":3,"tsne_x":-10.3480949402,"tsne_y":8.348282814,"votingPower":0.007958},{"voter":"Smart Stake ","cluster_label":3,"tsne_x":-12.2673444748,"tsne_y":10.1274061203,"votingPower":0.012725},{"voter":" block pane ","cluster_label":3,"tsne_x":-11.5418558121,"tsne_y":3.4302809238,"votingPower":0.003863},{"voter":"Hathor Node","cluster_label":3,"tsne_x":-11.6932477951,"tsne_y":2.0970230103,"votingPower":0.004276},{"voter":"Alex Bambarello Validator","cluster_label":3,"tsne_x":-12.0354804993,"tsne_y":1.4533362389,"votingPower":0.002582},{"voter":"NodeStake","cluster_label":3,"tsne_x":-13.9283876419,"tsne_y":1.9302040339,"votingPower":0.0},{"voter":"a41","cluster_label":3,"tsne_x":-10.4036245346,"tsne_y":6.9937143326,"votingPower":0.001277},{"voter":"Oldcat","cluster_label":3,"tsne_x":-10.7217741013,"tsne_y":4.289162159,"votingPower":0.010133},{"voter":"Gelotto  Slash Protected","cluster_label":3,"tsne_x":-9.47914505,"tsne_y":0.4280323386,"votingPower":0.017053},{"voter":"Golden Ratio Staking","cluster_label":3,"tsne_x":-12.8854885101,"tsne_y":7.1529226303,"votingPower":0.009664},{"voter":"Ubik Capital","cluster_label":1,"tsne_x":-0.8423342705,"tsne_y":-0.4147185683,"votingPower":0.00218},{"voter":"CryptoCrew Validators ","cluster_label":3,"tsne_x":-12.9433441162,"tsne_y":2.7344937325,"votingPower":0.00963},{"voter":"Kahuna","cluster_label":4,"tsne_x":4.5897607803,"tsne_y":-12.705493927,"votingPower":0.016772},{"voter":"NFTSwitchxyz  Delegate for SOUL Claim Drop","cluster_label":8,"tsne_x":4.0008859634,"tsne_y":-13.9360685349,"votingPower":0.005048},{"voter":"Kalia Network","cluster_label":10,"tsne_x":-6.8191108704,"tsne_y":-2.1339709759,"votingPower":0.003378},{"voter":" The Chicken Coop  Homestead","cluster_label":7,"tsne_x":3.8475902081,"tsne_y":-12.4649877548,"votingPower":0.000028},{"voter":"NosNode","cluster_label":3,"tsne_x":-10.8406009674,"tsne_y":6.3999042511,"votingPower":0.003755},{"voter":"Citadelone","cluster_label":3,"tsne_x":-14.5683383942,"tsne_y":9.2992067337,"votingPower":0.012625},{"voter":"Frens ","cluster_label":3,"tsne_x":-12.1888809204,"tsne_y":8.1814556122,"votingPower":0.014504},{"voter":"Zenscape","cluster_label":10,"tsne_x":-6.0581026077,"tsne_y":-0.8522503376,"votingPower":0.0},{"voter":"Cosmostation","cluster_label":3,"tsne_x":-13.2532672882,"tsne_y":9.9102210999,"votingPower":0.058648},{"voter":"Kleomedes","cluster_label":10,"tsne_x":-3.4832339287,"tsne_y":8.5712776184,"votingPower":0.006914},{"voter":"BlueStake   100 insurance","cluster_label":10,"tsne_x":-4.2024755478,"tsne_y":6.4717965126,"votingPower":0.003179},{"voter":"Oni ","cluster_label":10,"tsne_x":-5.8079357147,"tsne_y":-1.7230163813,"votingPower":0.01509},{"voter":"White Whale","cluster_label":1,"tsne_x":2.9565968513,"tsne_y":-1.5727012157,"votingPower":0.00003},{"voter":"White Marlin Staking","cluster_label":10,"tsne_x":-5.6412467957,"tsne_y":-1.7364968061,"votingPower":0.01673},{"voter":"OmniFlix Network","cluster_label":3,"tsne_x":-9.3035974503,"tsne_y":3.9561862946,"votingPower":0.023231},{"voter":"GATA HUB","cluster_label":3,"tsne_x":-7.6560196877,"tsne_y":8.4189376831,"votingPower":0.008356},{"voter":"Coinage x DAIC","cluster_label":3,"tsne_x":-14.4843606949,"tsne_y":7.1447076797,"votingPower":0.002717},{"voter":"Dora Factory","cluster_label":1,"tsne_x":-0.6034410596,"tsne_y":-1.9064854383,"votingPower":0.000096},{"voter":"Keplr","cluster_label":6,"tsne_x":8.3092699051,"tsne_y":4.812420845,"votingPower":0.014231},{"voter":"Stakecito","cluster_label":3,"tsne_x":-12.100525856,"tsne_y":8.6131305695,"votingPower":0.032607},{"voter":"polkachucom","cluster_label":3,"tsne_x":-13.7690706253,"tsne_y":1.2620370388,"votingPower":0.040297},{"voter":"DSRV","cluster_label":3,"tsne_x":-16.3130207062,"tsne_y":4.2347884178,"votingPower":0.002962},{"voter":"BronBro","cluster_label":3,"tsne_x":-16.1075649261,"tsne_y":4.2918372154,"votingPower":0.012442},{"voter":"Cypher Core","cluster_label":3,"tsne_x":-9.1318435669,"tsne_y":7.9711265564,"votingPower":0.006173},{"voter":"strangelove","cluster_label":13,"tsne_x":1.0072894096,"tsne_y":4.9719457626,"votingPower":0.010078},{"voter":"ushakov","cluster_label":5,"tsne_x":10.3790102005,"tsne_y":-7.0203227997,"votingPower":0.000889},{"voter":"Allnodes","cluster_label":3,"tsne_x":-10.417755127,"tsne_y":10.4120264053,"votingPower":0.030669},{"voter":"PoS Node","cluster_label":13,"tsne_x":3.6558618546,"tsne_y":9.0864801407,"votingPower":0.011253},{"voter":"FreshSTAKING","cluster_label":3,"tsne_x":-9.6551036835,"tsne_y":5.9206237793,"votingPower":0.007707},{"voter":"SmartNodes","cluster_label":4,"tsne_x":-0.5019570589,"tsne_y":-10.1024827957,"votingPower":0.007215},{"voter":"Tuzem","cluster_label":13,"tsne_x":7.5964388847,"tsne_y":1.5541683435,"votingPower":0.008989},{"voter":"Staketab","cluster_label":7,"tsne_x":1.1555674076,"tsne_y":-14.6745233536,"votingPower":0.002937},{"voter":"CryptoDungeon","cluster_label":10,"tsne_x":-4.0333733559,"tsne_y":3.7979850769,"votingPower":0.010409},{"voter":"Quebec","cluster_label":13,"tsne_x":-4.6834568977,"tsne_y":2.4756436348,"votingPower":0.002863},{"voter":"Interbloc","cluster_label":10,"tsne_x":-5.3318481445,"tsne_y":-2.2715482712,"votingPower":0.003704},{"voter":"StakeRelax ","cluster_label":10,"tsne_x":0.7179474831,"tsne_y":-11.2868995667,"votingPower":0.000135},{"voter":"Larry Engineer","cluster_label":3,"tsne_x":-10.7543907166,"tsne_y":-0.0378385633,"votingPower":0.020132},{"voter":"Multiplex","cluster_label":4,"tsne_x":0.0863972604,"tsne_y":-12.7383012772,"votingPower":0.000127},{"voter":" kingnodes ","cluster_label":10,"tsne_x":-3.591588974,"tsne_y":6.0965547562,"votingPower":0.007508},{"voter":"Wave","cluster_label":13,"tsne_x":3.8627488613,"tsne_y":0.2130779326,"votingPower":0.000009},{"voter":"cyberG","cluster_label":9,"tsne_x":8.8349657059,"tsne_y":-9.6119976044,"votingPower":0.002011},{"voter":"EZ Staking","cluster_label":4,"tsne_x":-0.6523892879,"tsne_y":1.6747304201,"votingPower":0.009017},{"voter":"dimi ","cluster_label":9,"tsne_x":4.3864622116,"tsne_y":-3.7147424221,"votingPower":0.002668},{"voter":"Shutting Down Redelegate","cluster_label":10,"tsne_x":-3.6665384769,"tsne_y":1.7914806604,"votingPower":0.000142},{"voter":" RHINO  10 to Wildlife","cluster_label":10,"tsne_x":-4.512172699,"tsne_y":4.9982094765,"votingPower":0.013977},{"voter":"Cosmos Spaces   ","cluster_label":13,"tsne_x":-0.0619000606,"tsne_y":6.3304915428,"votingPower":0.007244},{"voter":"nysanetwork","cluster_label":4,"tsne_x":-1.3858208656,"tsne_y":1.6659120321,"votingPower":0.001193},{"voter":" Stakepile  Autorestake enable","cluster_label":9,"tsne_x":4.5359897614,"tsne_y":-3.2437541485,"votingPower":0.000772},{"voter":"ChainTools","cluster_label":10,"tsne_x":7.2213802338,"tsne_y":-12.395283699,"votingPower":0.000151},{"voter":"elsehow","cluster_label":9,"tsne_x":4.1223449707,"tsne_y":-4.4123358727,"votingPower":0.000407},{"voter":"OranG3cluB","cluster_label":10,"tsne_x":-4.35120821,"tsne_y":2.7575604916,"votingPower":0.008184},{"voter":"NITAWA","cluster_label":0,"tsne_x":2.9563555717,"tsne_y":-14.4968671799,"votingPower":0.003239},{"voter":"web34ever","cluster_label":10,"tsne_x":-0.1227687001,"tsne_y":-4.6649365425,"votingPower":0.004016},{"voter":"DEUS LABS","cluster_label":9,"tsne_x":6.3757510185,"tsne_y":-14.4679498672,"votingPower":0.000106},{"voter":"Consensus One","cluster_label":9,"tsne_x":6.322373867,"tsne_y":-14.5827236176,"votingPower":0.002118},{"voter":"testovich","cluster_label":13,"tsne_x":11.811466217,"tsne_y":6.5656414032,"votingPower":0.007955},{"voter":"STAKECRAFT","cluster_label":10,"tsne_x":-2.7246789932,"tsne_y":-1.6723929644,"votingPower":0.005885},{"voter":"Earth shutting down 519 pls redelegate ","cluster_label":13,"tsne_x":4.9587159157,"tsne_y":4.9577698708,"votingPower":0.000146},{"voter":"StakeTartare","cluster_label":13,"tsne_x":1.4948724508,"tsne_y":5.0277986526,"votingPower":0.000012},{"voter":"PUPMS","cluster_label":4,"tsne_x":-1.9275164604,"tsne_y":2.3288042545,"votingPower":0.005398},{"voter":"LOA Labs","cluster_label":9,"tsne_x":9.5363483429,"tsne_y":-1.3405740261,"votingPower":0.000022},{"voter":"NacionCrypto  Parceros","cluster_label":9,"tsne_x":0.861562252,"tsne_y":-6.006934166,"votingPower":0.004207},{"voter":"DO NOT DELEGATE","cluster_label":2,"tsne_x":-3.2755112648,"tsne_y":-7.2076778412,"votingPower":0.002139},{"voter":"Stashh","cluster_label":6,"tsne_x":7.7606844902,"tsne_y":4.8247389793,"votingPower":0.000009},{"voter":"DECOMISSIONED AUDITone","cluster_label":7,"tsne_x":4.7666788101,"tsne_y":-8.5395507812,"votingPower":0.000041},{"voter":"Army IDs","cluster_label":13,"tsne_x":14.0546140671,"tsne_y":5.875597477,"votingPower":0.008154},{"voter":"Perfect Stake ","cluster_label":12,"tsne_x":6.312338829,"tsne_y":-11.8948345184,"votingPower":0.002837},{"voter":"Crypto Plant","cluster_label":8,"tsne_x":10.8389720917,"tsne_y":4.3362336159,"votingPower":0.001658},{"voter":"deapst","cluster_label":0,"tsne_x":2.9420049191,"tsne_y":-8.0551900864,"votingPower":0.002146},{"voter":"elf","cluster_label":13,"tsne_x":3.8040056229,"tsne_y":5.5780692101,"votingPower":0.000003},{"voter":"vivens","cluster_label":13,"tsne_x":3.5874824524,"tsne_y":6.4004511833,"votingPower":0.000011},{"voter":"Shutting Down","cluster_label":13,"tsne_x":3.3429088593,"tsne_y":4.8791451454,"votingPower":0.000032},{"voter":"Lilac","cluster_label":13,"tsne_x":4.1704745293,"tsne_y":3.8871319294,"votingPower":0.000021},{"voter":"birpus","cluster_label":7,"tsne_x":2.9096422195,"tsne_y":-10.1143741608,"votingPower":0.000001},{"voter":"bloqhub","cluster_label":0,"tsne_x":4.0032191277,"tsne_y":-10.2981777191,"votingPower":0.000644},{"voter":"retz80","cluster_label":13,"tsne_x":3.8040056229,"tsne_y":5.5780692101,"votingPower":0.000007},{"voter":"Wanderer Staking","cluster_label":13,"tsne_x":5.4159078598,"tsne_y":2.8318998814,"votingPower":0.004231},{"voter":"REDELEGATE  CLOSING 0912","cluster_label":13,"tsne_x":5.0390276909,"tsne_y":5.496052742,"votingPower":0.000217},{"voter":"StakerHouse","cluster_label":13,"tsne_x":8.3862981796,"tsne_y":8.6422376633,"votingPower":0.010703},{"voter":"moonsoon","cluster_label":13,"tsne_x":7.8266005516,"tsne_y":0.2849120796,"votingPower":0.001563},{"voter":"unavailable","cluster_label":13,"tsne_x":3.9508545399,"tsne_y":5.4172534943,"votingPower":0.000001},{"voter":"DStake","cluster_label":13,"tsne_x":7.2234940529,"tsne_y":9.1381015778,"votingPower":0.003442},{"voter":"n1stake","cluster_label":0,"tsne_x":3.7959618568,"tsne_y":-6.8644766808,"votingPower":0.002105},{"voter":"Degen Power ","cluster_label":13,"tsne_x":4.186029911,"tsne_y":12.3673353195,"votingPower":0.007537},{"voter":"Blackhox","cluster_label":13,"tsne_x":2.0017752647,"tsne_y":7.5865283012,"votingPower":0.010131},{"voter":"SGTstake","cluster_label":0,"tsne_x":4.1187376976,"tsne_y":-7.1466927528,"votingPower":0.007168},{"voter":"MantiCore","cluster_label":2,"tsne_x":-2.9336619377,"tsne_y":-6.9170227051,"votingPower":0.001807},{"voter":"azstake","cluster_label":5,"tsne_x":8.696805954,"tsne_y":-10.4143266678,"votingPower":0.006082},{"voter":"MTnode","cluster_label":5,"tsne_x":9.2080097198,"tsne_y":-10.3386650085,"votingPower":0.00593},{"voter":"ramuchitech","cluster_label":13,"tsne_x":13.444190979,"tsne_y":5.8424620628,"votingPower":0.002769},{"voter":"ibrahimarslann59","cluster_label":0,"tsne_x":3.8476099968,"tsne_y":-11.1930656433,"votingPower":0.0},{"voter":"Syd","cluster_label":13,"tsne_x":3.8466289043,"tsne_y":11.554063797,"votingPower":0.006748},{"voter":"Virtual Hive","cluster_label":4,"tsne_x":-1.4404219389,"tsne_y":1.3677614927,"votingPower":0.001058},{"voter":"silent","cluster_label":13,"tsne_x":1.7371426821,"tsne_y":7.9507317543,"votingPower":0.007303},{"voter":"REDELEGATE  CLOSING 060623","cluster_label":0,"tsne_x":6.0737609863,"tsne_y":-9.159702301,"votingPower":0.000066},{"voter":"Arcpool","cluster_label":13,"tsne_x":3.9355285168,"tsne_y":11.5828857422,"votingPower":0.00835},{"voter":"NakoTurk","cluster_label":13,"tsne_x":7.626739502,"tsne_y":8.388001442,"votingPower":0.008713},{"voter":"StakeAngle","cluster_label":13,"tsne_x":13.5297060013,"tsne_y":5.8523993492,"votingPower":0.007213},{"voter":"Inter Blockchain Services","cluster_label":6,"tsne_x":0.9639954567,"tsne_y":-1.8966562748,"votingPower":0.009445},{"voter":"alkadeta","cluster_label":13,"tsne_x":11.7625131607,"tsne_y":5.9605784416,"votingPower":0.014143},{"voter":"max999","cluster_label":0,"tsne_x":9.6353807449,"tsne_y":-6.5615272522,"votingPower":0.000019},{"voter":"alexandr0","cluster_label":0,"tsne_x":5.6251630783,"tsne_y":-10.2487812042,"votingPower":0.000009},{"voter":"Julia","cluster_label":13,"tsne_x":3.4086315632,"tsne_y":2.1395173073,"votingPower":0.001157},{"voter":"TheNopio","cluster_label":0,"tsne_x":4.6458940506,"tsne_y":-7.9400234222,"votingPower":0.00162},{"voter":"Redelegateyourfunds","cluster_label":12,"tsne_x":5.8046164513,"tsne_y":-10.9209318161,"votingPower":0.000006},{"voter":"Surg","cluster_label":13,"tsne_x":4.9859733582,"tsne_y":4.1433606148,"votingPower":0.000002},{"voter":"CodeBreader","cluster_label":0,"tsne_x":3.8476099968,"tsne_y":-11.1930656433,"votingPower":0.000043},{"voter":"UniqNodes","cluster_label":13,"tsne_x":9.7077503204,"tsne_y":-5.258664608,"votingPower":0.00001},{"voter":"3venturesio  autocompound via reStake","cluster_label":2,"tsne_x":-2.8721075058,"tsne_y":-6.9905920029,"votingPower":0.000008},{"voter":"do not delegate","cluster_label":13,"tsne_x":11.1187667847,"tsne_y":5.0777330399,"votingPower":0.000002},{"voter":"dreamstaker","cluster_label":13,"tsne_x":2.2418069839,"tsne_y":2.0810368061,"votingPower":0.000014},{"voter":"The Space Ape Society","cluster_label":13,"tsne_x":5.9366803169,"tsne_y":5.5100970268,"votingPower":0.002974},{"voter":"suzumiya2014","cluster_label":13,"tsne_x":5.316092968,"tsne_y":4.9139170647,"votingPower":0.0},{"voter":"Kingslman","cluster_label":13,"tsne_x":4.1397895813,"tsne_y":5.5744223595,"votingPower":0.0},{"voter":"GraviDAO Community with Slashing Protection","cluster_label":13,"tsne_x":5.8958921432,"tsne_y":6.847413063,"votingPower":0.000088},{"voter":"NFT","cluster_label":13,"tsne_x":5.4530272484,"tsne_y":3.0591173172,"votingPower":0.0},{"voter":"Qwoyn Studios","cluster_label":13,"tsne_x":6.1402602196,"tsne_y":4.0118227005,"votingPower":0.0},{"voter":"penso","cluster_label":13,"tsne_x":6.1966915131,"tsne_y":6.7433810234,"votingPower":0.009341},{"voter":"rektDAO","cluster_label":13,"tsne_x":7.2212591171,"tsne_y":6.4337182045,"votingPower":0.004112},{"voter":"UjuLabs","cluster_label":13,"tsne_x":4.5422854424,"tsne_y":1.1042491198,"votingPower":0.001183},{"voter":"mahof","cluster_label":13,"tsne_x":9.315946579,"tsne_y":1.9205400944,"votingPower":0.008719},{"voter":"Calibr   ","cluster_label":13,"tsne_x":2.7217838764,"tsne_y":3.5428380966,"votingPower":0.000262},{"voter":"ch0pch0pNFT","cluster_label":13,"tsne_x":6.7220125198,"tsne_y":2.5867073536,"votingPower":0.003603},{"voter":"Bit Cat","cluster_label":13,"tsne_x":-6.1251268387,"tsne_y":-5.9619088173,"votingPower":0.000285},{"voter":"Easy 2 Stake","cluster_label":8,"tsne_x":10.6373271942,"tsne_y":3.5513365269,"votingPower":0.003638},{"voter":"ChelovekizNaroda","cluster_label":13,"tsne_x":4.2135205269,"tsne_y":0.4259113669,"votingPower":0.0},{"voter":"Atlas DAO  10 to Charity","cluster_label":13,"tsne_x":3.2665688992,"tsne_y":2.0988075733,"votingPower":0.000009},{"voter":"Nodeasycom","cluster_label":11,"tsne_x":4.8268318176,"tsne_y":-0.0008271569,"votingPower":0.000373},{"voter":"The Cosmos Ladies","cluster_label":0,"tsne_x":5.9823946953,"tsne_y":-6.3521366119,"votingPower":0.000052},{"voter":"Stakewollecom   Autocompound","cluster_label":13,"tsne_x":8.5303554535,"tsne_y":-0.8905662298,"votingPower":0.003895},{"voter":"Bad Kids  100 Slashing","cluster_label":13,"tsne_x":6.5437383652,"tsne_y":-5.4243068695,"votingPower":0.018971},{"voter":"IBCNFTscom ","cluster_label":0,"tsne_x":1.7296968699,"tsne_y":-9.6704845428,"votingPower":0.003349},{"voter":"AVIAONEcom ","cluster_label":5,"tsne_x":2.0187551975,"tsne_y":-13.2274627686,"votingPower":0.000452},{"voter":"CosmicNode","cluster_label":7,"tsne_x":2.8988053799,"tsne_y":-11.4890966415,"votingPower":0.000035},{"voter":"Narwhalidator X ShrimpClub","cluster_label":0,"tsne_x":1.2820646763,"tsne_y":-9.1040649414,"votingPower":0.007164},{"voter":" The Silver Fox","cluster_label":13,"tsne_x":3.610388279,"tsne_y":7.2870593071,"votingPower":0.009825},{"voter":"Empower Validator   20 to plastic waste cleanups","cluster_label":13,"tsne_x":4.7464494705,"tsne_y":8.0835371017,"votingPower":0.006541},{"voter":"Andromaverse","cluster_label":0,"tsne_x":2.9470140934,"tsne_y":-12.6149148941,"votingPower":0.00008},{"voter":"inhabitants ","cluster_label":13,"tsne_x":8.2958021164,"tsne_y":-1.4920283556,"votingPower":0.000749},{"voter":"Astroquirks  Profit Sharing  ","cluster_label":9,"tsne_x":3.182082653,"tsne_y":-11.6410675049,"votingPower":0.00339},{"voter":"ValiDAO","cluster_label":7,"tsne_x":1.8683589697,"tsne_y":-10.9525337219,"votingPower":0.007485},{"voter":"Broxa   RuSpeak Community  SUNREN ","cluster_label":13,"tsne_x":9.706161499,"tsne_y":-4.37784338,"votingPower":0.007791},{"voter":"Meilen Fren  Staking","cluster_label":7,"tsne_x":1.8371455669,"tsne_y":-12.0726881027,"votingPower":0.001076},{"voter":"Snow Fall","cluster_label":7,"tsne_x":2.8883609772,"tsne_y":-11.3610725403,"votingPower":0.000043},{"voter":"Insigma ","cluster_label":7,"tsne_x":2.8883609772,"tsne_y":-11.3610725403,"votingPower":0.008996}]