[{"voter":"Chainflow","cluster_label":3,"tsne_x":-1.8455392122,"tsne_y":16.5222511292,"votingPower":0.001214},{"voter":"Imperatorco","cluster_label":3,"tsne_x":-10.9385995865,"tsne_y":13.6137056351,"votingPower":0.009826},{"voter":" AutoStake  Slash Protected","cluster_label":3,"tsne_x":-13.2772989273,"tsne_y":12.6032743454,"votingPower":0.017706},{"voter":"Simply Staking","cluster_label":3,"tsne_x":-3.0343694687,"tsne_y":14.4355669022,"votingPower":0.003979},{"voter":"StakeLabzone","cluster_label":3,"tsne_x":-4.3296175003,"tsne_y":11.1159973145,"votingPower":0.005636},{"voter":"SpacePotato","cluster_label":3,"tsne_x":-4.5930695534,"tsne_y":8.2586431503,"votingPower":0.005411},{"voter":"Vitwit Previously Witval","cluster_label":3,"tsne_x":-0.1977010369,"tsne_y":13.56179142,"votingPower":0.00836},{"voter":"SG1","cluster_label":3,"tsne_x":-8.7076759338,"tsne_y":2.6440017223,"votingPower":0.012545},{"voter":"Chorus One","cluster_label":3,"tsne_x":-8.6247787476,"tsne_y":12.4799175262,"votingPower":0.015779},{"voter":"Forbole","cluster_label":3,"tsne_x":-3.8674573898,"tsne_y":11.8072090149,"votingPower":0.050988},{"voter":"POSTHUMAN  StakeDrop","cluster_label":3,"tsne_x":-6.3793168068,"tsne_y":11.6891851425,"votingPower":0.002687},{"voter":"Ping","cluster_label":3,"tsne_x":-2.4028606415,"tsne_y":9.3860654831,"votingPower":0.001767},{"voter":"0basevc","cluster_label":3,"tsne_x":-8.509226799,"tsne_y":8.6829175949,"votingPower":0.000066},{"voter":"Smart Stake ","cluster_label":3,"tsne_x":-10.7664890289,"tsne_y":14.0520687103,"votingPower":0.010541},{"voter":" block pane ","cluster_label":3,"tsne_x":-3.1519911289,"tsne_y":7.8734455109,"votingPower":0.002272},{"voter":"WhisperNode ","cluster_label":3,"tsne_x":-12.8840484619,"tsne_y":11.477022171,"votingPower":0.000612},{"voter":"Stakyio","cluster_label":3,"tsne_x":-3.2206959724,"tsne_y":9.1887235641,"votingPower":0.0},{"voter":"Kahuna","cluster_label":4,"tsne_x":3.4567914009,"tsne_y":-3.1901357174,"votingPower":0.009047},{"voter":"16psyche","cluster_label":4,"tsne_x":4.9312949181,"tsne_y":1.1196154356,"votingPower":0.034034},{"voter":"Nocturnal Labs","cluster_label":4,"tsne_x":0.5723526478,"tsne_y":5.0519170761,"votingPower":0.039126},{"voter":"decentralizehk  DHK dao","cluster_label":3,"tsne_x":-9.5116825104,"tsne_y":6.6584768295,"votingPower":0.001449},{"voter":"Kalia Network","cluster_label":10,"tsne_x":-2.5880608559,"tsne_y":3.6241297722,"votingPower":0.002315},{"voter":"ECO Stake ","cluster_label":3,"tsne_x":-12.4189910889,"tsne_y":8.7554702759,"votingPower":0.024827},{"voter":"NosNode","cluster_label":3,"tsne_x":-3.5655851364,"tsne_y":16.1918392181,"votingPower":0.00004},{"voter":"Citadelone","cluster_label":3,"tsne_x":-12.9534673691,"tsne_y":13.3071680069,"votingPower":0.021662},{"voter":"Informal Systems","cluster_label":3,"tsne_x":-12.1719083786,"tsne_y":8.3532886505,"votingPower":0.006046},{"voter":" LavenderFive Nodes ","cluster_label":3,"tsne_x":-13.5135612488,"tsne_y":9.2103557587,"votingPower":0.017338},{"voter":"Frens ","cluster_label":3,"tsne_x":-10.7989406586,"tsne_y":10.5539808273,"votingPower":0.002792},{"voter":"Cosmostation","cluster_label":3,"tsne_x":-11.1706142426,"tsne_y":12.7375774384,"votingPower":0.047692},{"voter":"Kleomedes","cluster_label":10,"tsne_x":-14.0303659439,"tsne_y":-0.8151580691,"votingPower":0.004055},{"voter":"OmniFlix Network","cluster_label":3,"tsne_x":-14.3591814041,"tsne_y":-5.017996788,"votingPower":0.023067},{"voter":"GATA HUB","cluster_label":3,"tsne_x":-10.2668924332,"tsne_y":5.3681941032,"votingPower":0.001741},{"voter":"hydrogen18","cluster_label":4,"tsne_x":8.6672306061,"tsne_y":-8.9804506302,"votingPower":0.000082},{"voter":"Coinage x DAIC","cluster_label":3,"tsne_x":-14.1448717117,"tsne_y":10.7826490402,"votingPower":0.005569},{"voter":"Stakecito","cluster_label":3,"tsne_x":-11.4047574997,"tsne_y":10.8654222488,"votingPower":0.020399},{"voter":"Meria","cluster_label":4,"tsne_x":0.457793802,"tsne_y":4.7788434029,"votingPower":0.012333},{"voter":"BronBro","cluster_label":3,"tsne_x":-7.3025517464,"tsne_y":11.7057590485,"votingPower":0.0},{"voter":"Cypher Core","cluster_label":3,"tsne_x":-9.1785993576,"tsne_y":7.2464914322,"votingPower":0.001648},{"voter":"ChainLayer","cluster_label":3,"tsne_x":0.0126119778,"tsne_y":6.5003886223,"votingPower":0.003295},{"voter":"Active Nodes","cluster_label":3,"tsne_x":-1.1032893658,"tsne_y":9.9115447998,"votingPower":0.015609},{"voter":"DACM","cluster_label":11,"tsne_x":6.5803256035,"tsne_y":-5.7166104317,"votingPower":0.014654},{"voter":"strangelove","cluster_label":13,"tsne_x":1.011654973,"tsne_y":13.4513053894,"votingPower":0.00125},{"voter":"ushakov","cluster_label":5,"tsne_x":-5.024204731,"tsne_y":-8.432425499,"votingPower":0.000117},{"voter":"c29r3","cluster_label":12,"tsne_x":10.0376176834,"tsne_y":5.8249025345,"votingPower":0.004135},{"voter":"Allnodes","cluster_label":3,"tsne_x":-12.3951158524,"tsne_y":7.2428355217,"votingPower":0.034389},{"voter":"PoS Node","cluster_label":13,"tsne_x":-2.020162344,"tsne_y":3.1108193398,"votingPower":0.000008},{"voter":"Tedcryptoio   TedLotto","cluster_label":10,"tsne_x":-11.6529741287,"tsne_y":2.6455898285,"votingPower":0.004072},{"voter":"kooltek68","cluster_label":9,"tsne_x":1.3979291916,"tsne_y":-6.3084001541,"votingPower":0.000046},{"voter":"CroutonDigital","cluster_label":9,"tsne_x":2.5747306347,"tsne_y":-3.8236560822,"votingPower":0.002011},{"voter":"coaction","cluster_label":0,"tsne_x":4.068253994,"tsne_y":-8.7962217331,"votingPower":0.000017},{"voter":"EZ Staking","cluster_label":4,"tsne_x":10.5478286743,"tsne_y":11.9989233017,"votingPower":0.006679},{"voter":"Stakin","cluster_label":4,"tsne_x":-7.7641501427,"tsne_y":0.5464003682,"votingPower":0.001602},{"voter":"notional","cluster_label":10,"tsne_x":-11.1175632477,"tsne_y":-0.4843598902,"votingPower":0.000022},{"voter":"WeStaking","cluster_label":4,"tsne_x":-9.7635593414,"tsne_y":1.2818500996,"votingPower":0.004203},{"voter":"SmartNodes  Slash Protected","cluster_label":10,"tsne_x":-11.5384302139,"tsne_y":0.5896109939,"votingPower":0.007301},{"voter":"Yurbason","cluster_label":10,"tsne_x":-13.2771244049,"tsne_y":1.0139881372,"votingPower":0.0},{"voter":"Neta DAO","cluster_label":10,"tsne_x":-12.158823967,"tsne_y":0.1138795316,"votingPower":0.004316},{"voter":"Chandra Station","cluster_label":10,"tsne_x":-11.8025798798,"tsne_y":0.5497464538,"votingPower":0.039203},{"voter":"Stake Frites  ","cluster_label":12,"tsne_x":10.2204790115,"tsne_y":1.3447608948,"votingPower":0.003363},{"voter":"Decloud Nodes Lab","cluster_label":12,"tsne_x":7.8217978477,"tsne_y":0.8105046749,"votingPower":0.007704},{"voter":"HashKey Cloud","cluster_label":4,"tsne_x":-2.1814246178,"tsne_y":-0.690593183,"votingPower":0.004183},{"voter":"chainvibes","cluster_label":10,"tsne_x":-12.3919525146,"tsne_y":-1.0250664949,"votingPower":0.005414},{"voter":"Consensus One","cluster_label":9,"tsne_x":3.8088891506,"tsne_y":-12.7133321762,"votingPower":0.001557},{"voter":"Stakewollecom  Autocompound","cluster_label":1,"tsne_x":-1.6680784225,"tsne_y":-3.2919986248,"votingPower":0.001515},{"voter":"Wetez","cluster_label":5,"tsne_x":-3.5812296867,"tsne_y":-11.083111763,"votingPower":0.003251},{"voter":"Architect Nodes","cluster_label":4,"tsne_x":-10.2728567123,"tsne_y":-5.5056037903,"votingPower":0.0},{"voter":"HEXXAGON","cluster_label":9,"tsne_x":2.4781153202,"tsne_y":-11.0077552795,"votingPower":0.0},{"voter":"DECOMISSIONED AUDITone","cluster_label":7,"tsne_x":-1.7195818424,"tsne_y":-10.9118442535,"votingPower":0.000027},{"voter":"Army IDs","cluster_label":13,"tsne_x":11.8488416672,"tsne_y":4.0653209686,"votingPower":0.00393},{"voter":"Bit Cat","cluster_label":13,"tsne_x":-7.8938550949,"tsne_y":-13.3246450424,"votingPower":0.000004},{"voter":"Easy 2 Stake","cluster_label":8,"tsne_x":-6.8324899673,"tsne_y":-2.9507110119,"votingPower":0.004595},{"voter":"Nodeasycom","cluster_label":11,"tsne_x":14.1568088531,"tsne_y":-4.0945453644,"votingPower":0.000008},{"voter":"jetlife","cluster_label":2,"tsne_x":7.2234458923,"tsne_y":-11.9674806595,"votingPower":0.000004},{"voter":"Sikka","cluster_label":11,"tsne_x":-3.6113958359,"tsne_y":-6.1220312119,"votingPower":0.024626},{"voter":"PLEASE REDELEGATECLOSED","cluster_label":11,"tsne_x":6.7168703079,"tsne_y":-10.385351181,"votingPower":0.000074},{"voter":"SNZPool","cluster_label":1,"tsne_x":-2.9974851608,"tsne_y":-14.5855531693,"votingPower":0.0},{"voter":"Autonomy  Formerly PrithviDevs ","cluster_label":12,"tsne_x":7.2814388275,"tsne_y":6.9149847031,"votingPower":0.003584},{"voter":"Baset","cluster_label":11,"tsne_x":-0.7325361967,"tsne_y":-14.1303768158,"votingPower":0.001275},{"voter":"Huobi","cluster_label":4,"tsne_x":9.9105377197,"tsne_y":-10.8167715073,"votingPower":0.000042},{"voter":"ChainodeTech","cluster_label":11,"tsne_x":14.9607019424,"tsne_y":-2.9494447708,"votingPower":0.006905},{"voter":"kano","cluster_label":11,"tsne_x":-0.9034658074,"tsne_y":-14.3355922699,"votingPower":0.000781},{"voter":"Cosmic Validator  Auto Compound","cluster_label":12,"tsne_x":9.492729187,"tsne_y":8.4501314163,"votingPower":0.003565},{"voter":"ValidatorNode","cluster_label":12,"tsne_x":10.0399503708,"tsne_y":2.3377394676,"votingPower":0.002409},{"voter":"UNDELEGATE FROM HERE","cluster_label":7,"tsne_x":-1.8240921497,"tsne_y":-7.9897499084,"votingPower":0.000076},{"voter":"stakezone","cluster_label":7,"tsne_x":-0.3663797677,"tsne_y":-11.024438858,"votingPower":0.019764},{"voter":"gunray","cluster_label":7,"tsne_x":-2.2836790085,"tsne_y":-9.1369199753,"votingPower":0.0},{"voter":"Bi23","cluster_label":12,"tsne_x":10.9275827408,"tsne_y":5.3870220184,"votingPower":0.0045},{"voter":"Psycho Node","cluster_label":12,"tsne_x":13.7442989349,"tsne_y":7.8812580109,"votingPower":0.000502},{"voter":"Bitoven","cluster_label":12,"tsne_x":15.933634758,"tsne_y":6.2221164703,"votingPower":0.001373},{"voter":"Komichaincom","cluster_label":12,"tsne_x":10.4672813416,"tsne_y":4.8994441032,"votingPower":0.0},{"voter":"BoxedCloudnet","cluster_label":12,"tsne_x":13.3514108658,"tsne_y":7.1889953613,"votingPower":0.000021},{"voter":"MANTRA","cluster_label":12,"tsne_x":12.5196561813,"tsne_y":9.2305727005,"votingPower":0.000054},{"voter":"eol","cluster_label":12,"tsne_x":13.0883893967,"tsne_y":7.0338740349,"votingPower":0.000002},{"voter":"cosmosrescue","cluster_label":12,"tsne_x":14.8156023026,"tsne_y":9.1230077744,"votingPower":0.002074},{"voter":"SkyNet  Validators","cluster_label":12,"tsne_x":13.5809926987,"tsne_y":5.462597847,"votingPower":0.0007},{"voter":"Dwebnet","cluster_label":12,"tsne_x":14.293718338,"tsne_y":6.9258985519,"votingPower":0.0},{"voter":"DLINODESCOM","cluster_label":12,"tsne_x":12.6892347336,"tsne_y":7.5085449219,"votingPower":0.0},{"voter":"GlacierLuo","cluster_label":12,"tsne_x":11.6983222961,"tsne_y":7.3743338585,"votingPower":0.0},{"voter":"Domination Finance","cluster_label":12,"tsne_x":11.5350189209,"tsne_y":7.3315839767,"votingPower":0.000008},{"voter":"Arcturian Tech","cluster_label":12,"tsne_x":4.1010150909,"tsne_y":5.0691189766,"votingPower":0.001991},{"voter":"Akash Af","cluster_label":12,"tsne_x":4.0166993141,"tsne_y":4.9835000038,"votingPower":0.001998},{"voter":"ALTER  pathrocknetwork","cluster_label":11,"tsne_x":-2.0217363834,"tsne_y":-14.3538599014,"votingPower":0.003965},{"voter":"decommissioned","cluster_label":0,"tsne_x":-1.1814507246,"tsne_y":-15.8350248337,"votingPower":0.0},{"voter":"BridgeTower","cluster_label":12,"tsne_x":0.560317874,"tsne_y":-15.292432785,"votingPower":0.003241},{"voter":"MedasDigital","cluster_label":12,"tsne_x":-6.7176218033,"tsne_y":-13.011507988,"votingPower":0.0},{"voter":"STAKINOLD","cluster_label":7,"tsne_x":0.1226866245,"tsne_y":-10.2867507935,"votingPower":0.000001},{"voter":"Cloudmos","cluster_label":12,"tsne_x":8.6135778427,"tsne_y":5.8476719856,"votingPower":0.025704},{"voter":"Former Moultrie Audits Inactive","cluster_label":11,"tsne_x":0.0314237997,"tsne_y":-13.1525878906,"votingPower":0.000013},{"voter":"MOVING TO NAKANODOXYZ","cluster_label":7,"tsne_x":-0.2402602434,"tsne_y":-9.840880394,"votingPower":0.000009},{"voter":"VaultStaking","cluster_label":11,"tsne_x":8.133808136,"tsne_y":-11.145980835,"votingPower":0.000242},{"voter":"TRGC By Liquify","cluster_label":11,"tsne_x":14.3225231171,"tsne_y":-3.9024446011,"votingPower":0.001632},{"voter":"astravoyage","cluster_label":7,"tsne_x":0.7658191919,"tsne_y":-8.8378477097,"votingPower":0.0},{"voter":"Anonstake","cluster_label":2,"tsne_x":13.0353965759,"tsne_y":2.730079174,"votingPower":0.00003},{"voter":" polkachucom","cluster_label":4,"tsne_x":3.5920124054,"tsne_y":10.623708725,"votingPower":0.024209},{"voter":"kavalabs","cluster_label":7,"tsne_x":4.1009054184,"tsne_y":-6.2161207199,"votingPower":0.084063},{"voter":"AGE Network","cluster_label":5,"tsne_x":-4.2398133278,"tsne_y":-8.1568832397,"votingPower":0.016219},{"voter":"acheron","cluster_label":7,"tsne_x":0.746417284,"tsne_y":-7.4255928993,"votingPower":0.003319},{"voter":"Octopos","cluster_label":7,"tsne_x":0.9662008286,"tsne_y":-8.0101499557,"votingPower":0.0},{"voter":"shepaintedfireacrossthesky","cluster_label":7,"tsne_x":-1.1961491108,"tsne_y":-6.8875322342,"votingPower":0.00014},{"voter":"monolith","cluster_label":7,"tsne_x":-1.2909339666,"tsne_y":-8.4411964417,"votingPower":0.000015},{"voter":"SHEA Staking","cluster_label":7,"tsne_x":0.519880116,"tsne_y":-7.8040566444,"votingPower":0.0},{"voter":"Dorminik","cluster_label":11,"tsne_x":6.1905059814,"tsne_y":-2.8949463367,"votingPower":0.001285},{"voter":"UNBONDING","cluster_label":12,"tsne_x":-6.9359893799,"tsne_y":-13.0581636429,"votingPower":0.000205},{"voter":"Inactive pls undelegate","cluster_label":11,"tsne_x":8.6442251205,"tsne_y":-12.8682861328,"votingPower":0.000001},{"voter":"GreenStake One","cluster_label":7,"tsne_x":0.1405551732,"tsne_y":-8.6081228256,"votingPower":0.0},{"voter":"inactive","cluster_label":1,"tsne_x":-0.8253421783,"tsne_y":-4.8765268326,"votingPower":0.000001},{"voter":"Oni   Stake for BoostDrop ","cluster_label":4,"tsne_x":-1.5263028145,"tsne_y":12.6510972977,"votingPower":0.005511},{"voter":"Praetor App","cluster_label":12,"tsne_x":9.5399875641,"tsne_y":4.5074753761,"votingPower":0.013774},{"voter":"0xDEADBEEF","cluster_label":8,"tsne_x":-6.5346889496,"tsne_y":-4.1985397339,"votingPower":0.0},{"voter":"w3coins","cluster_label":4,"tsne_x":0.9986640811,"tsne_y":0.2453075647,"votingPower":0.001421},{"voter":"Vixello","cluster_label":8,"tsne_x":-6.3743934631,"tsne_y":-4.5100021362,"votingPower":0.004308},{"voter":"Aurora Staking ","cluster_label":11,"tsne_x":2.9943366051,"tsne_y":-0.5890182853,"votingPower":0.002329},{"voter":"50 Validator  Airdrop","cluster_label":12,"tsne_x":8.8616962433,"tsne_y":2.5554504395,"votingPower":0.005084},{"voter":"Passage","cluster_label":11,"tsne_x":8.2385368347,"tsne_y":-10.501036644,"votingPower":0.00004},{"voter":"NoDumpNode","cluster_label":12,"tsne_x":7.7294569016,"tsne_y":3.0786323547,"votingPower":0.006362},{"voter":"Jormungand  0y","cluster_label":12,"tsne_x":7.7941789627,"tsne_y":-2.6656093597,"votingPower":0.044405},{"voter":"INACTIVE Please Redelegate  Trivium  TriviumNetwork","cluster_label":11,"tsne_x":8.2700805664,"tsne_y":-10.4021940231,"votingPower":0.0},{"voter":"StakeSeeker by BTCS","cluster_label":4,"tsne_x":-4.0089969635,"tsne_y":-0.2370602489,"votingPower":0.002471},{"voter":"Crypto Lab Tech","cluster_label":11,"tsne_x":5.6932477951,"tsne_y":-2.482506752,"votingPower":0.001117},{"voter":"europlots","cluster_label":11,"tsne_x":5.7782053947,"tsne_y":-0.8179519176,"votingPower":0.011352},{"voter":" CryptoCrew Validators","cluster_label":1,"tsne_x":-1.2091716528,"tsne_y":-4.0369853973,"votingPower":0.003184},{"voter":"Quasarch","cluster_label":12,"tsne_x":6.7382216454,"tsne_y":0.8838873506,"votingPower":0.014357},{"voter":"Ariel Akash Insider  Powered by NextNetWorks","cluster_label":7,"tsne_x":2.6305351257,"tsne_y":-6.3123540878,"votingPower":0.000017},{"voter":"Atomstaking","cluster_label":11,"tsne_x":5.5958614349,"tsne_y":-0.3068278432,"votingPower":0.004108},{"voter":"black lodge","cluster_label":9,"tsne_x":2.2185931206,"tsne_y":-9.4727687836,"votingPower":0.0},{"voter":"SHUTTING DOWN","cluster_label":7,"tsne_x":3.3973634243,"tsne_y":-7.8779616356,"votingPower":0.0},{"voter":"Crypto and Coffee","cluster_label":11,"tsne_x":2.3289694786,"tsne_y":-1.0686893463,"votingPower":0.005312},{"voter":"FoundryUSA","cluster_label":11,"tsne_x":3.375950098,"tsne_y":-0.9944031835,"votingPower":0.002865},{"voter":"OGnome","cluster_label":7,"tsne_x":1.5459976196,"tsne_y":-8.2097501755,"votingPower":0.0},{"voter":"Defi Dojo Validation","cluster_label":7,"tsne_x":2.2311720848,"tsne_y":-4.5253629684,"votingPower":0.002242}]