[{"voter":"Imperatorco","cluster_label":3,"tsne_x":14.1599750519,"tsne_y":3.8162047863,"votingPower":0.025797},{"voter":" AutoStake  Slash Protected","cluster_label":3,"tsne_x":11.1164522171,"tsne_y":3.5937068462,"votingPower":0.009852},{"voter":"BHarvest","cluster_label":3,"tsne_x":10.7145433426,"tsne_y":-8.1084451675,"votingPower":0.020952},{"voter":"Provalidator","cluster_label":3,"tsne_x":16.1302509308,"tsne_y":-5.4272632599,"votingPower":0.003903},{"voter":"Simply Staking","cluster_label":3,"tsne_x":18.9563274384,"tsne_y":-1.0847973824,"votingPower":0.002282},{"voter":"StakeLabzone","cluster_label":3,"tsne_x":14.2246370316,"tsne_y":-8.4530439377,"votingPower":0.0176},{"voter":"Crosnest","cluster_label":3,"tsne_x":15.7371826172,"tsne_y":5.1147298813,"votingPower":0.013472},{"voter":"KalpaTech","cluster_label":3,"tsne_x":19.5653095245,"tsne_y":-5.1516661644,"votingPower":0.00604},{"voter":"Chorus One","cluster_label":3,"tsne_x":9.2555074692,"tsne_y":1.1516838074,"votingPower":0.012308},{"voter":"Forbole","cluster_label":3,"tsne_x":13.1046476364,"tsne_y":-10.4312419891,"votingPower":0.012088},{"voter":"Swiss Staking","cluster_label":3,"tsne_x":18.3718700409,"tsne_y":-3.6895632744,"votingPower":0.000001},{"voter":"POSTHUMAN  StakeDrop","cluster_label":3,"tsne_x":13.3040246964,"tsne_y":-3.7936449051,"votingPower":0.000259},{"voter":"0basevc","cluster_label":3,"tsne_x":15.8898544312,"tsne_y":-0.1854235977,"votingPower":0.008865},{"voter":"Node Guardians","cluster_label":3,"tsne_x":15.0507764816,"tsne_y":-3.7494018078,"votingPower":0.005804},{"voter":"Figment","cluster_label":3,"tsne_x":8.2949037552,"tsne_y":-7.7804918289,"votingPower":0.040961},{"voter":"Tessellated","cluster_label":3,"tsne_x":17.0605869293,"tsne_y":-3.1417691708,"votingPower":0.007082},{"voter":"Citadelone","cluster_label":3,"tsne_x":9.2218532562,"tsne_y":3.578471899,"votingPower":0.015903},{"voter":"Informal Systems","cluster_label":3,"tsne_x":4.7569966316,"tsne_y":4.0606174469,"votingPower":0.019199},{"voter":"Cosmostation","cluster_label":3,"tsne_x":13.7891817093,"tsne_y":5.3800311089,"votingPower":0.022331},{"voter":"BlockHunters ","cluster_label":4,"tsne_x":3.3006904125,"tsne_y":-14.7773838043,"votingPower":0.006473},{"voter":"polkachucom","cluster_label":3,"tsne_x":7.3064622879,"tsne_y":-7.9343137741,"votingPower":0.020635},{"voter":"Meria","cluster_label":4,"tsne_x":2.3234302998,"tsne_y":-0.6819406152,"votingPower":0.006982},{"voter":"DSRV","cluster_label":3,"tsne_x":15.5190525055,"tsne_y":8.6544809341,"votingPower":0.017205},{"voter":"ChainLayer","cluster_label":3,"tsne_x":5.783613205,"tsne_y":-9.1897478104,"votingPower":0.018735},{"voter":"ushakov","cluster_label":5,"tsne_x":-19.8138942719,"tsne_y":-1.2236838341,"votingPower":0.00695},{"voter":"Staketab","cluster_label":7,"tsne_x":-17.836271286,"tsne_y":2.5493474007,"votingPower":0.006073},{"voter":"Everstake","cluster_label":1,"tsne_x":3.9234137535,"tsne_y":8.6950683594,"votingPower":0.018771},{"voter":"Coinbase","cluster_label":3,"tsne_x":-17.9937801361,"tsne_y":5.0793561935,"votingPower":0.046256},{"voter":"Stakin","cluster_label":4,"tsne_x":26.6543445587,"tsne_y":3.9071452618,"votingPower":0.019906},{"voter":"Enigma","cluster_label":4,"tsne_x":-0.9336266518,"tsne_y":-3.8416149616,"votingPower":0.021294},{"voter":"Stakewollecom  Autocompound","cluster_label":1,"tsne_x":6.4627671242,"tsne_y":15.5935382843,"votingPower":0.000183},{"voter":"Validatriumcom","cluster_label":2,"tsne_x":-14.3447580338,"tsne_y":-0.5485388041,"votingPower":0.014454},{"voter":"NodeMonster","cluster_label":10,"tsne_x":-3.9969096184,"tsne_y":2.3610150814,"votingPower":0.029602},{"voter":"DO NOT DELEGATE","cluster_label":2,"tsne_x":-5.6516885757,"tsne_y":6.8973388672,"votingPower":0.0},{"voter":"MantiCore","cluster_label":2,"tsne_x":-8.0472517014,"tsne_y":6.3574533463,"votingPower":0.0},{"voter":"Inter Blockchain Services","cluster_label":6,"tsne_x":-13.2620944977,"tsne_y":7.5391054153,"votingPower":0.01326},{"voter":"3venturesio  autocompound via reStake","cluster_label":2,"tsne_x":-9.8381099701,"tsne_y":5.4184484482,"votingPower":0.0},{"voter":"ValiDAO","cluster_label":7,"tsne_x":-4.5854172707,"tsne_y":-7.6140704155,"votingPower":0.000141},{"voter":"ChainodeTech","cluster_label":11,"tsne_x":-13.5646724701,"tsne_y":-4.0463590622,"votingPower":0.022931},{"voter":"Anonstake","cluster_label":2,"tsne_x":-12.9195995331,"tsne_y":4.30656147,"votingPower":0.0},{"voter":"50 Validator  Airdrop","cluster_label":12,"tsne_x":21.6689128876,"tsne_y":6.043885231,"votingPower":0.000005},{"voter":"bitszn","cluster_label":4,"tsne_x":-1.4312106371,"tsne_y":18.6395568848,"votingPower":0.005247},{"voter":"Nodiums","cluster_label":4,"tsne_x":-14.4165277481,"tsne_y":16.0352478027,"votingPower":0.008613},{"voter":"Kiln","cluster_label":1,"tsne_x":4.6179976463,"tsne_y":12.0423574448,"votingPower":0.0},{"voter":"Flipside","cluster_label":4,"tsne_x":-1.6718680859,"tsne_y":-10.3175792694,"votingPower":0.006599},{"voter":"Crypto Lion","cluster_label":4,"tsne_x":-2.8099815845,"tsne_y":20.4225654602,"votingPower":0.0},{"voter":"Validation Cloud","cluster_label":2,"tsne_x":-0.0914368704,"tsne_y":-0.907379508,"votingPower":0.0},{"voter":"BwareLabs","cluster_label":1,"tsne_x":-0.6515361071,"tsne_y":2.7233271599,"votingPower":0.013431},{"voter":" CryptoCrew Validators IBCgang","cluster_label":6,"tsne_x":-17.9665908813,"tsne_y":-4.6225886345,"votingPower":0.000035},{"voter":"Synergy Nodes","cluster_label":8,"tsne_x":-2.9295613766,"tsne_y":14.6669559479,"votingPower":0.018552},{"voter":"QuantNode","cluster_label":2,"tsne_x":-10.170545578,"tsne_y":8.6553916931,"votingPower":0.013722},{"voter":"Lets Node  1package","cluster_label":2,"tsne_x":-9.1624250412,"tsne_y":10.3028345108,"votingPower":0.009486},{"voter":"P2PORG Validator","cluster_label":2,"tsne_x":-15.0905332565,"tsne_y":11.1680612564,"votingPower":0.040837},{"voter":"LunaNova","cluster_label":2,"tsne_x":-8.6787185669,"tsne_y":-0.5003710985,"votingPower":0.024881},{"voter":"CoinHippo","cluster_label":2,"tsne_x":-9.2370290756,"tsne_y":1.2796803713,"votingPower":0.016234},{"voter":"Contribution DAO","cluster_label":1,"tsne_x":-22.053401947,"tsne_y":20.7334957123,"votingPower":0.010978},{"voter":"Brightlystake","cluster_label":2,"tsne_x":-7.6956868172,"tsne_y":9.0111751556,"votingPower":0.016806},{"voter":"Redbooker","cluster_label":2,"tsne_x":-10.5547351837,"tsne_y":-2.9619755745,"votingPower":0.009426},{"voter":"POPS Team","cluster_label":2,"tsne_x":-7.1199450493,"tsne_y":1.8753302097,"votingPower":0.014847},{"voter":"CryptoSailors","cluster_label":2,"tsne_x":-7.6027774811,"tsne_y":-2.0793464184,"votingPower":0.006608},{"voter":"4SV","cluster_label":2,"tsne_x":-10.3166275024,"tsne_y":-5.6062293053,"votingPower":0.017435},{"voter":"CoinMetrika","cluster_label":9,"tsne_x":-7.3194231987,"tsne_y":-7.3957953453,"votingPower":0.004688},{"voter":"Qubelabs","cluster_label":2,"tsne_x":-6.7702412605,"tsne_y":0.4220423102,"votingPower":0.020398},{"voter":"axelarcore0","cluster_label":2,"tsne_x":-9.2862653732,"tsne_y":3.8510169983,"votingPower":0.022265},{"voter":"rodion","cluster_label":2,"tsne_x":-10.2887029648,"tsne_y":2.8483235836,"votingPower":0.005574},{"voter":"Squid","cluster_label":2,"tsne_x":-6.2913031578,"tsne_y":3.4352884293,"votingPower":0.010247},{"voter":"Ledger by Chorus One","cluster_label":1,"tsne_x":4.8789014816,"tsne_y":13.9289169312,"votingPower":0.017348},{"voter":"HoodRun","cluster_label":2,"tsne_x":-12.0110788345,"tsne_y":1.4072673321,"votingPower":0.011568},{"voter":"Terminet","cluster_label":5,"tsne_x":9.1995325089,"tsne_y":11.0662298203,"votingPower":0.002829},{"voter":"FinoaConsensusServices","cluster_label":1,"tsne_x":0.4669389427,"tsne_y":16.2125320435,"votingPower":0.013336},{"voter":"AlexZ","cluster_label":2,"tsne_x":-11.4045629501,"tsne_y":-1.6984500885,"votingPower":0.007805},{"voter":"RockawayX Infra","cluster_label":8,"tsne_x":-7.2775888443,"tsne_y":11.78698349,"votingPower":0.019803},{"voter":" carbonZERO","cluster_label":7,"tsne_x":-6.4680953026,"tsne_y":-9.1861248016,"votingPower":0.0},{"voter":"Rekt","cluster_label":9,"tsne_x":-6.4646453857,"tsne_y":-10.9406461716,"votingPower":0.0},{"voter":"ForestStaking","cluster_label":9,"tsne_x":-4.8372774124,"tsne_y":-9.7181787491,"votingPower":0.000002},{"voter":"JuliF0x","cluster_label":9,"tsne_x":-8.0475187302,"tsne_y":-10.1905012131,"votingPower":0.0},{"voter":"Softhouse","cluster_label":2,"tsne_x":-5.3616056442,"tsne_y":-3.0670247078,"votingPower":0.0},{"voter":"SwigsStaking","cluster_label":7,"tsne_x":-7.3603639603,"tsne_y":-12.9362621307,"votingPower":0.000082},{"voter":"anvel","cluster_label":7,"tsne_x":-5.0544419289,"tsne_y":-11.5896463394,"votingPower":0.004145}]