[{"voter":" AutoStake  Slash Protected","cluster_label":3,"tsne_x":-7.231294632,"tsne_y":1.6260330677,"votingPower":0.110329},{"voter":"Cosmic Validator","cluster_label":12,"tsne_x":-9.0326652527,"tsne_y":-9.6398200989,"votingPower":0.013019},{"voter":"StakeWithUs","cluster_label":3,"tsne_x":-1.3721474409,"tsne_y":-6.9051194191,"votingPower":0.000006},{"voter":"StakeLabzone","cluster_label":3,"tsne_x":-8.9443874359,"tsne_y":-1.7614568472,"votingPower":0.013044},{"voter":"Mandragora","cluster_label":4,"tsne_x":-11.5862388611,"tsne_y":-10.2232217789,"votingPower":0.010168},{"voter":"SpacePotato","cluster_label":3,"tsne_x":-10.6879606247,"tsne_y":7.4706516266,"votingPower":0.014334},{"voter":"Noderunners","cluster_label":3,"tsne_x":-9.2117614746,"tsne_y":4.5845403671,"votingPower":0.01004},{"voter":"KalpaTech","cluster_label":3,"tsne_x":-5.0734653473,"tsne_y":8.6768054962,"votingPower":0.004323},{"voter":"Notional","cluster_label":3,"tsne_x":-7.7197465897,"tsne_y":4.2441263199,"votingPower":0.000152},{"voter":"stakefish","cluster_label":3,"tsne_x":-10.0074005127,"tsne_y":6.8655171394,"votingPower":0.002869},{"voter":"Alex Bambarello Validator","cluster_label":3,"tsne_x":-8.4905843735,"tsne_y":4.9001393318,"votingPower":0.007777},{"voter":"Ubik Capital","cluster_label":1,"tsne_x":-9.9176959991,"tsne_y":-3.0446989536,"votingPower":0.003816},{"voter":"Chihuahua","cluster_label":3,"tsne_x":-9.6865558624,"tsne_y":5.3778958321,"votingPower":0.0},{"voter":"CommunityStaking","cluster_label":3,"tsne_x":-8.3333244324,"tsne_y":9.0228290558,"votingPower":0.021741},{"voter":"Citadelone","cluster_label":3,"tsne_x":-7.0585794449,"tsne_y":0.9089980125,"votingPower":0.019979},{"voter":"Zenscape","cluster_label":10,"tsne_x":-3.9606349468,"tsne_y":7.695690155,"votingPower":0.0},{"voter":"Cosmostation","cluster_label":3,"tsne_x":-6.4453783035,"tsne_y":1.2310744524,"votingPower":0.038295},{"voter":"Kleomedes","cluster_label":10,"tsne_x":5.1329245567,"tsne_y":-7.6889276505,"votingPower":0.002275},{"voter":"BlueStake   100 insurance","cluster_label":10,"tsne_x":0.0937533677,"tsne_y":6.9211196899,"votingPower":0.003697},{"voter":"artifact","cluster_label":10,"tsne_x":-1.8918275833,"tsne_y":7.9730367661,"votingPower":0.0},{"voter":"OmniFlix Network","cluster_label":3,"tsne_x":-4.5942692757,"tsne_y":6.4586257935,"votingPower":0.014661},{"voter":"Stakecito","cluster_label":3,"tsne_x":-5.4957175255,"tsne_y":1.5964127779,"votingPower":0.028113},{"voter":"polkachucom","cluster_label":3,"tsne_x":-6.9354519844,"tsne_y":4.7373743057,"votingPower":0.016006},{"voter":"strangelove","cluster_label":13,"tsne_x":2.5447664261,"tsne_y":1.0523731709,"votingPower":0.008389},{"voter":"Komikuri","cluster_label":3,"tsne_x":-8.4946098328,"tsne_y":5.4942336082,"votingPower":0.001637},{"voter":"Allnodes","cluster_label":3,"tsne_x":-4.1393046379,"tsne_y":1.4390794039,"votingPower":0.049202},{"voter":"BadgerBite","cluster_label":12,"tsne_x":-7.4349751472,"tsne_y":-4.7077021599,"votingPower":0.019541},{"voter":"Klub Staking","cluster_label":3,"tsne_x":-4.1811408997,"tsne_y":-1.6697194576,"votingPower":0.000092},{"voter":"PoS Node","cluster_label":13,"tsne_x":0.4275898337,"tsne_y":1.1573398113,"votingPower":0.000932},{"voter":"Sarvodaya Validators","cluster_label":10,"tsne_x":-1.3622105122,"tsne_y":8.1761045456,"votingPower":0.0},{"voter":"WeStaking","cluster_label":4,"tsne_x":-2.539989233,"tsne_y":9.1574621201,"votingPower":0.00002},{"voter":"SmartNodes  Slash Protected","cluster_label":10,"tsne_x":-0.9862132072,"tsne_y":8.1602449417,"votingPower":0.003578},{"voter":"Stake Frites  ","cluster_label":12,"tsne_x":-1.3277696371,"tsne_y":5.9249038696,"votingPower":0.003379},{"voter":"Decloud Nodes Lab","cluster_label":12,"tsne_x":8.0921802521,"tsne_y":-5.1798796654,"votingPower":0.016226},{"voter":"ChainTools","cluster_label":10,"tsne_x":-1.1864944696,"tsne_y":10.0787572861,"votingPower":0.009488},{"voter":"chainvibes","cluster_label":10,"tsne_x":0.2873315215,"tsne_y":8.8005170822,"votingPower":0.015704},{"voter":"DECOMISSIONED AUDITone","cluster_label":7,"tsne_x":0.9012577534,"tsne_y":-3.7334675789,"votingPower":0.000208},{"voter":"Perfect Stake ","cluster_label":12,"tsne_x":-11.1211500168,"tsne_y":-6.7575697899,"votingPower":0.001552},{"voter":"Wanderer Staking","cluster_label":13,"tsne_x":1.1254487038,"tsne_y":0.4033689797,"votingPower":0.00437},{"voter":"Redelegateyourfunds","cluster_label":12,"tsne_x":0.716054976,"tsne_y":-0.8715234995,"votingPower":0.000008},{"voter":"Bit Cat","cluster_label":13,"tsne_x":-12.4673748016,"tsne_y":-6.1095094681,"votingPower":0.008173},{"voter":"CosmicNode","cluster_label":7,"tsne_x":10.4452648163,"tsne_y":1.4455943108,"votingPower":0.000093},{"voter":"Autonomy  Formerly PrithviDevs ","cluster_label":12,"tsne_x":2.2232189178,"tsne_y":-5.6637182236,"votingPower":0.006766},{"voter":"ValidatorNode","cluster_label":12,"tsne_x":8.8161144257,"tsne_y":-5.4764480591,"votingPower":0.002526},{"voter":"Dwebnet","cluster_label":12,"tsne_x":9.3199090958,"tsne_y":-6.4240956306,"votingPower":0.005334},{"voter":"MedasDigital","cluster_label":12,"tsne_x":-7.0432090759,"tsne_y":-9.116312027,"votingPower":0.012239},{"voter":"TRGC By Liquify","cluster_label":11,"tsne_x":16.6333389282,"tsne_y":4.2676510811,"votingPower":0.01878},{"voter":"UNBONDING","cluster_label":12,"tsne_x":-9.5529413223,"tsne_y":-6.8540706635,"votingPower":0.000283},{"voter":"50 Validator  Airdrop","cluster_label":12,"tsne_x":8.8461208344,"tsne_y":-5.2732877731,"votingPower":0.014691},{"voter":"Crypto Lab Tech","cluster_label":11,"tsne_x":9.4913921356,"tsne_y":-1.3257007599,"votingPower":0.000925},{"voter":"DECOMMISSIONED","cluster_label":12,"tsne_x":-4.5601606369,"tsne_y":-7.6609201431,"votingPower":0.000351},{"voter":" Quokka Stake","cluster_label":4,"tsne_x":-8.8883666992,"tsne_y":-3.0504295826,"votingPower":0.018021},{"voter":"DragonStake ","cluster_label":11,"tsne_x":12.5578432083,"tsne_y":-1.857878685,"votingPower":0.008789},{"voter":"REDELEGATEPLEASE","cluster_label":5,"tsne_x":1.9168211222,"tsne_y":-2.5408835411,"votingPower":0.000024},{"voter":"Winter Validator","cluster_label":11,"tsne_x":16.87541008,"tsne_y":4.7248997688,"votingPower":0.000838},{"voter":"Trivium  TriviumNetwork","cluster_label":6,"tsne_x":8.2523469925,"tsne_y":8.2228355408,"votingPower":0.004386},{"voter":"Liquify","cluster_label":11,"tsne_x":14.1987504959,"tsne_y":1.3342450857,"votingPower":0.021184},{"voter":"Tavis Digital","cluster_label":12,"tsne_x":-0.9003663659,"tsne_y":-3.6225292683,"votingPower":0.000087},{"voter":"Easy2Stake","cluster_label":12,"tsne_x":-10.1688623428,"tsne_y":-5.3359341621,"votingPower":0.006293},{"voter":"Stakewollecom  full insurance","cluster_label":12,"tsne_x":-6.9589343071,"tsne_y":-5.0630674362,"votingPower":0.021877},{"voter":"Daksha Validator","cluster_label":12,"tsne_x":-0.2039869875,"tsne_y":-2.5973944664,"votingPower":0.000156},{"voter":"Woodstock Fund","cluster_label":12,"tsne_x":-9.424448967,"tsne_y":-7.2534089088,"votingPower":0.000021},{"voter":"Secret LLC","cluster_label":9,"tsne_x":11.1218204498,"tsne_y":2.0306680202,"votingPower":0.000162},{"voter":"Decommissioned","cluster_label":12,"tsne_x":-10.0707941055,"tsne_y":-7.7248125076,"votingPower":0.001487},{"voter":"BlueFrenDAO","cluster_label":12,"tsne_x":-5.833096981,"tsne_y":-3.8753142357,"votingPower":0.007181},{"voter":"NorthCap","cluster_label":12,"tsne_x":-9.8466005325,"tsne_y":-8.6497383118,"votingPower":0.038977},{"voter":"MathNodes","cluster_label":12,"tsne_x":-7.6602239609,"tsne_y":-5.4827075005,"votingPower":0.030625},{"voter":"Shutting down soon","cluster_label":12,"tsne_x":-0.535900116,"tsne_y":-2.4979009628,"votingPower":0.001258},{"voter":"exnihilovalidator","cluster_label":12,"tsne_x":-6.9418053627,"tsne_y":-7.6593751907,"votingPower":0.008043},{"voter":"Swiss Staking  Discontinued please redelegate","cluster_label":12,"tsne_x":-0.8240795135,"tsne_y":-2.1183643341,"votingPower":0.000016},{"voter":"Stakin Discontinued Redelegate","cluster_label":12,"tsne_x":-1.1500021219,"tsne_y":-2.9530203342,"votingPower":0.000023},{"voter":"GreyWolfCo","cluster_label":12,"tsne_x":0.5466778278,"tsne_y":-2.558226347,"votingPower":0.00005},{"voter":"Bitveil","cluster_label":12,"tsne_x":-8.958738327,"tsne_y":-6.8851156235,"votingPower":0.005912},{"voter":"Nous Host","cluster_label":12,"tsne_x":-7.5537676811,"tsne_y":-6.4377102852,"votingPower":0.005185},{"voter":"zeroserviceseu","cluster_label":12,"tsne_x":-8.1754198074,"tsne_y":-7.0218691826,"votingPower":0.000516},{"voter":"Avril14th","cluster_label":12,"tsne_x":-7.1160931587,"tsne_y":-6.7899522781,"votingPower":0.002538},{"voter":"Low FEES sustainability and profits  Stakers Hub","cluster_label":11,"tsne_x":10.1021099091,"tsne_y":0.3046585321,"votingPower":0.0},{"voter":"Anonymity Network","cluster_label":7,"tsne_x":12.2343482971,"tsne_y":6.2728624344,"votingPower":0.000338},{"voter":"Stopping Please redelegate to New Witner","cluster_label":7,"tsne_x":11.7767906189,"tsne_y":3.1587085724,"votingPower":0.0},{"voter":"Foxinodes","cluster_label":7,"tsne_x":11.0982971191,"tsne_y":7.2184910774,"votingPower":0.022442},{"voter":"Strata One","cluster_label":9,"tsne_x":12.3520841599,"tsne_y":0.1152643561,"votingPower":0.003785},{"voter":"CryptoNet","cluster_label":7,"tsne_x":11.4630146027,"tsne_y":8.540763855,"votingPower":0.000108},{"voter":"ChronoBitEnterprise","cluster_label":7,"tsne_x":9.6358470917,"tsne_y":7.5001840591,"votingPower":0.004217},{"voter":"A4ADAO","cluster_label":7,"tsne_x":10.5300369263,"tsne_y":5.6479239464,"votingPower":0.003572},{"voter":"lux8net","cluster_label":7,"tsne_x":12.6885633469,"tsne_y":1.7500126362,"votingPower":0.001258},{"voter":"AtmosferMuda  REStakeapp ","cluster_label":7,"tsne_x":9.4464206696,"tsne_y":7.9085359573,"votingPower":0.005053},{"voter":"dvMiku Validator","cluster_label":7,"tsne_x":11.9006052017,"tsne_y":1.3135402203,"votingPower":0.004436},{"voter":"0xbas3d","cluster_label":7,"tsne_x":11.5308742523,"tsne_y":0.364825666,"votingPower":0.02231},{"voter":"Sentinel Growth DAO","cluster_label":7,"tsne_x":10.2738580704,"tsne_y":8.4070768356,"votingPower":0.054236},{"voter":"TkdAlex","cluster_label":7,"tsne_x":9.6486701965,"tsne_y":5.3014307022,"votingPower":0.01567},{"voter":"Oneiric Stake","cluster_label":7,"tsne_x":9.7238664627,"tsne_y":5.2145533562,"votingPower":0.000709},{"voter":"openstakenet","cluster_label":11,"tsne_x":16.4992179871,"tsne_y":4.031897068,"votingPower":0.004783},{"voter":"AntMan","cluster_label":7,"tsne_x":11.2468929291,"tsne_y":0.8831822276,"votingPower":0.000098},{"voter":"Busurnode","cluster_label":7,"tsne_x":11.2468929291,"tsne_y":0.8831822276,"votingPower":0.00761}]