[{"voter":"Imperatorco","cluster_label":3,"tsne_x":-6.2255678177,"tsne_y":-8.7674436569,"votingPower":0.018926},{"voter":" AutoStake  Slash Protected","cluster_label":3,"tsne_x":-13.2039384842,"tsne_y":-7.628174305,"votingPower":0.025644},{"voter":"BHarvest","cluster_label":3,"tsne_x":-8.4924860001,"tsne_y":-2.0274708271,"votingPower":0.009428},{"voter":"StakeLabzone","cluster_label":3,"tsne_x":-6.3666901588,"tsne_y":-2.5776152611,"votingPower":0.000661},{"voter":"Crosnest","cluster_label":3,"tsne_x":-7.0929279327,"tsne_y":-7.5339741707,"votingPower":0.018256},{"voter":"Chorus One","cluster_label":3,"tsne_x":-7.0175065994,"tsne_y":-5.6299166679,"votingPower":0.010243},{"voter":"Forbole","cluster_label":3,"tsne_x":-7.361802578,"tsne_y":-2.3242435455,"votingPower":0.011894},{"voter":"Bi23 Labs","cluster_label":3,"tsne_x":-7.9439282417,"tsne_y":3.2763535976,"votingPower":0.000002},{"voter":"POSTHUMAN  StakeDrop","cluster_label":3,"tsne_x":-7.478638649,"tsne_y":-4.3719139099,"votingPower":0.004234},{"voter":"Notional","cluster_label":3,"tsne_x":-8.7830696106,"tsne_y":-0.837435782,"votingPower":0.0},{"voter":"jabbey","cluster_label":3,"tsne_x":-9.5195684433,"tsne_y":-0.469745636,"votingPower":0.000014},{"voter":"Smart Stake ","cluster_label":3,"tsne_x":-5.8069844246,"tsne_y":-9.2313489914,"votingPower":0.018132},{"voter":"WhisperNode ","cluster_label":3,"tsne_x":-11.681230545,"tsne_y":-8.2793035507,"votingPower":0.007196},{"voter":"Figment","cluster_label":3,"tsne_x":-8.4298505783,"tsne_y":2.8970108032,"votingPower":0.021116},{"voter":"Golden Ratio Staking","cluster_label":3,"tsne_x":-8.9359235764,"tsne_y":-7.395611763,"votingPower":0.011107},{"voter":"Ubik Capital","cluster_label":1,"tsne_x":12.9777097702,"tsne_y":-2.5816919804,"votingPower":0.001994},{"voter":"Stakelyio","cluster_label":3,"tsne_x":-11.7988300323,"tsne_y":-8.4001464844,"votingPower":0.015754},{"voter":"ECO Stake ","cluster_label":3,"tsne_x":-8.6268396378,"tsne_y":-8.7677583694,"votingPower":0.007556},{"voter":"Citadelone","cluster_label":3,"tsne_x":-13.1406116486,"tsne_y":-6.4842376709,"votingPower":0.025494},{"voter":"Informal Systems","cluster_label":3,"tsne_x":-8.4964456558,"tsne_y":-9.0421171188,"votingPower":0.014647},{"voter":" LavenderFive Nodes ","cluster_label":3,"tsne_x":-11.2202587128,"tsne_y":-6.3187661171,"votingPower":0.010855},{"voter":"Frens ","cluster_label":3,"tsne_x":-9.9770278931,"tsne_y":-8.5329704285,"votingPower":0.011826},{"voter":"Cosmostation","cluster_label":3,"tsne_x":-7.1728982925,"tsne_y":-8.2071685791,"votingPower":0.017853},{"voter":"DOUBLETOP","cluster_label":10,"tsne_x":-3.0937922001,"tsne_y":0.2243617177,"votingPower":0.000178},{"voter":"White Whale","cluster_label":1,"tsne_x":8.8708486557,"tsne_y":-2.0511598587,"votingPower":0.008767},{"voter":"BlockHunters ","cluster_label":4,"tsne_x":-4.7006468773,"tsne_y":-1.0582479239,"votingPower":0.0},{"voter":"Coinage x DAIC","cluster_label":3,"tsne_x":-12.1192808151,"tsne_y":-9.5900306702,"votingPower":0.000108},{"voter":"Dora Factory","cluster_label":1,"tsne_x":8.7011547089,"tsne_y":6.9132661819,"votingPower":0.006912},{"voter":"Keplr","cluster_label":6,"tsne_x":-6.281001091,"tsne_y":5.1159143448,"votingPower":0.006049},{"voter":"Stakecito","cluster_label":3,"tsne_x":-9.3469028473,"tsne_y":-8.5564775467,"votingPower":0.006911},{"voter":"DSRV","cluster_label":3,"tsne_x":-8.9434614182,"tsne_y":-5.2445101738,"votingPower":0.000011},{"voter":"BronBro","cluster_label":3,"tsne_x":-8.7160596848,"tsne_y":-5.5485134125,"votingPower":0.0},{"voter":"Allnodes","cluster_label":3,"tsne_x":-8.6626710892,"tsne_y":-10.2652511597,"votingPower":0.011368},{"voter":"Trust Nodes","cluster_label":1,"tsne_x":13.5659294128,"tsne_y":2.6400997639,"votingPower":0.005606},{"voter":"Everstake","cluster_label":1,"tsne_x":-0.2758047581,"tsne_y":12.7086801529,"votingPower":0.046974},{"voter":"PRYZM  StakeDrop","cluster_label":4,"tsne_x":-1.6047731638,"tsne_y":-0.8116253614,"votingPower":0.01308},{"voter":"SCVSecurity","cluster_label":1,"tsne_x":11.3790035248,"tsne_y":4.2992830276,"votingPower":0.035764},{"voter":"Please Redelegate","cluster_label":10,"tsne_x":-1.916734457,"tsne_y":-11.3151273727,"votingPower":0.0},{"voter":"redelegateplease","cluster_label":10,"tsne_x":2.8134901524,"tsne_y":7.3130331039,"votingPower":0.0},{"voter":"nysanetwork","cluster_label":4,"tsne_x":-6.2245473862,"tsne_y":1.5526037216,"votingPower":0.0},{"voter":"Stakewollecom  Autocompound","cluster_label":1,"tsne_x":9.3141365051,"tsne_y":1.8510147333,"votingPower":0.000631},{"voter":"Architect Nodes","cluster_label":4,"tsne_x":-1.1246412992,"tsne_y":-11.3604221344,"votingPower":0.0},{"voter":"Huobi","cluster_label":4,"tsne_x":-4.8340110779,"tsne_y":0.743730247,"votingPower":0.000001},{"voter":"cosmosrescue","cluster_label":12,"tsne_x":3.4516327381,"tsne_y":0.3096368313,"votingPower":0.0},{"voter":" polkachucom","cluster_label":4,"tsne_x":-3.7141871452,"tsne_y":-2.8727383614,"votingPower":0.025728},{"voter":"inactive","cluster_label":1,"tsne_x":2.5381252766,"tsne_y":8.3540792465,"votingPower":0.0},{"voter":"w3coins","cluster_label":4,"tsne_x":-1.1216408014,"tsne_y":2.9300670624,"votingPower":0.00006},{"voter":" CryptoCrew Validators","cluster_label":1,"tsne_x":10.8919467926,"tsne_y":1.1307487488,"votingPower":0.015938},{"voter":"coinhallorg ","cluster_label":1,"tsne_x":9.2568397522,"tsne_y":0.0534289181,"votingPower":0.00728},{"voter":"Twinstake","cluster_label":1,"tsne_x":12.6048755646,"tsne_y":0.9036502838,"votingPower":0.024181},{"voter":"Kiln","cluster_label":1,"tsne_x":-13.3218584061,"tsne_y":2.3324167728,"votingPower":0.04089},{"voter":"InfStones","cluster_label":11,"tsne_x":-3.5677690506,"tsne_y":-12.8652992249,"votingPower":0.00002},{"voter":"BwareLabs","cluster_label":1,"tsne_x":1.5047771931,"tsne_y":0.8994398713,"votingPower":0.005516},{"voter":"AUDITone","cluster_label":1,"tsne_x":6.4344816208,"tsne_y":0.6019846201,"votingPower":0.000022},{"voter":"Synergy Nodes","cluster_label":8,"tsne_x":3.3539755344,"tsne_y":9.6348829269,"votingPower":0.0},{"voter":"Contribution DAO","cluster_label":1,"tsne_x":7.0036168098,"tsne_y":5.2203536034,"votingPower":0.000003},{"voter":"Ledger by Chorus One","cluster_label":1,"tsne_x":12.0524682999,"tsne_y":1.6015191078,"votingPower":0.015568},{"voter":"FinoaConsensusServices","cluster_label":1,"tsne_x":2.8013675213,"tsne_y":8.1892242432,"votingPower":0.000002},{"voter":"undelegate","cluster_label":11,"tsne_x":-2.2679715157,"tsne_y":8.8240327835,"votingPower":0.0},{"voter":"POSTCAPITALIST","cluster_label":11,"tsne_x":-1.8683767319,"tsne_y":8.0030660629,"votingPower":0.0},{"voter":"Black Panther  Delegate for Claimdrop","cluster_label":1,"tsne_x":8.3203573227,"tsne_y":5.4119729996,"votingPower":0.046856},{"voter":"Innovating Capital","cluster_label":1,"tsne_x":8.1331958771,"tsne_y":4.9536499977,"votingPower":0.000457},{"voter":"Open DeFi","cluster_label":1,"tsne_x":8.0391979218,"tsne_y":4.8417520523,"votingPower":0.00549},{"voter":"Injective Node 0","cluster_label":11,"tsne_x":0.9599756598,"tsne_y":8.1634540558,"votingPower":0.000001},{"voter":" Crypteloid","cluster_label":11,"tsne_x":-1.3542388678,"tsne_y":7.7583041191,"votingPower":0.0},{"voter":"50 Validator  Airdrop ","cluster_label":11,"tsne_x":-1.3870388269,"tsne_y":7.1976380348,"votingPower":0.000001},{"voter":"please redelegate  shutting down","cluster_label":11,"tsne_x":-2.0158622265,"tsne_y":7.1963152885,"votingPower":0.000001},{"voter":"Ready Block","cluster_label":11,"tsne_x":-2.7653355598,"tsne_y":7.6971731186,"votingPower":0.027464},{"voter":"redelegate to StakeLab","cluster_label":11,"tsne_x":-3.009169817,"tsne_y":5.6363105774,"votingPower":0.000004},{"voter":"Liquify","cluster_label":11,"tsne_x":-3.3415193558,"tsne_y":4.3587946892,"votingPower":0.0},{"voter":"Helios Staking","cluster_label":1,"tsne_x":6.9854679108,"tsne_y":6.7393960953,"votingPower":0.015977},{"voter":"HashQuark","cluster_label":11,"tsne_x":-2.4674873352,"tsne_y":7.102704525,"votingPower":0.000009},{"voter":"Talis Protocol","cluster_label":1,"tsne_x":10.1713085175,"tsne_y":5.4366588593,"votingPower":0.006467},{"voter":"Injective Finance","cluster_label":11,"tsne_x":-3.1827113628,"tsne_y":4.5309128761,"votingPower":0.000458},{"voter":"Ormanxyz","cluster_label":7,"tsne_x":-3.4989221096,"tsne_y":2.5739879608,"votingPower":0.00047},{"voter":"Swiss Staking  Bare Metal  Bunker","cluster_label":7,"tsne_x":-1.552739501,"tsne_y":1.1628026962,"votingPower":0.00038},{"voter":"Injective Node 3","cluster_label":7,"tsne_x":-2.7429449558,"tsne_y":2.446397543,"votingPower":0.0},{"voter":"Injective Node 1","cluster_label":7,"tsne_x":-2.7429449558,"tsne_y":2.446397543,"votingPower":0.000015},{"voter":"Do Not Delegate","cluster_label":9,"tsne_x":-3.0265350342,"tsne_y":1.657510519,"votingPower":0.0},{"voter":"Hoss Army by 01node","cluster_label":1,"tsne_x":3.1384441853,"tsne_y":2.3627171516,"votingPower":0.007763},{"voter":"Oni  Stake for BoostDrop ","cluster_label":1,"tsne_x":2.6698555946,"tsne_y":1.4091768265,"votingPower":0.005248},{"voter":"PartnerStaking  Timeworxio Airdrop","cluster_label":7,"tsne_x":-0.4331660271,"tsne_y":0.850913465,"votingPower":0.004371},{"voter":"Cosmic Validator  Top Uptime  Autocompound","cluster_label":1,"tsne_x":10.6734962463,"tsne_y":0.8785449862,"votingPower":0.001294},{"voter":"kingnodes ","cluster_label":1,"tsne_x":10.4410991669,"tsne_y":-0.294465065,"votingPower":0.015085},{"voter":"Daily ExtraRewards  Nodeof Cosmonauts","cluster_label":7,"tsne_x":-2.0727243423,"tsne_y":1.745931983,"votingPower":0.0},{"voter":"Decentrio","cluster_label":1,"tsne_x":10.2079963684,"tsne_y":-0.7282007337,"votingPower":0.016585},{"voter":"NODEJUMPER","cluster_label":11,"tsne_x":-3.3256547451,"tsne_y":1.9159200191,"votingPower":0.0},{"voter":"Hex Technologies","cluster_label":1,"tsne_x":11.0203676224,"tsne_y":1.8978506327,"votingPower":0.025512},{"voter":"A41","cluster_label":1,"tsne_x":4.6444015503,"tsne_y":1.8958712816,"votingPower":0.010269},{"voter":"Neptune Foundation","cluster_label":1,"tsne_x":2.4838273525,"tsne_y":3.268239975,"votingPower":0.011132},{"voter":"gumi","cluster_label":1,"tsne_x":1.311435461,"tsne_y":2.50258255,"votingPower":0.005656},{"voter":"Felix","cluster_label":1,"tsne_x":1.2009028196,"tsne_y":3.4617576599,"votingPower":0.020389},{"voter":"NTT Digital","cluster_label":7,"tsne_x":-4.7133798599,"tsne_y":3.5934751034,"votingPower":0.014401}]