[{"voter":"Chainflow","cluster_label":3,"tsne_x":-5.907494545,"tsne_y":-8.1133069992,"votingPower":0.00049},{"voter":"Imperatorco","cluster_label":3,"tsne_x":-6.2464733124,"tsne_y":-16.9669017792,"votingPower":0.011823},{"voter":"Staking Fund","cluster_label":4,"tsne_x":11.2741413116,"tsne_y":-2.4676589966,"votingPower":0.000709},{"voter":"Provalidator","cluster_label":3,"tsne_x":-11.010310173,"tsne_y":-8.9181184769,"votingPower":0.014321},{"voter":"Simply Staking","cluster_label":3,"tsne_x":-7.3597221375,"tsne_y":-11.395825386,"votingPower":0.003235},{"voter":"StakeLabzone","cluster_label":3,"tsne_x":-3.9246199131,"tsne_y":-6.5700287819,"votingPower":0.007311},{"voter":"BouBouNode","cluster_label":7,"tsne_x":4.9146933556,"tsne_y":5.813313961,"votingPower":0.00835},{"voter":"SpacePotato","cluster_label":3,"tsne_x":-12.4851970673,"tsne_y":-5.0773048401,"votingPower":0.0},{"voter":"Crosnest","cluster_label":3,"tsne_x":-5.4346394539,"tsne_y":-16.266462326,"votingPower":0.001176},{"voter":"Vitwit Previously Witval","cluster_label":3,"tsne_x":-6.415576458,"tsne_y":-6.7187891006,"votingPower":0.00211},{"voter":"SG1","cluster_label":3,"tsne_x":-3.4691767693,"tsne_y":-8.2319755554,"votingPower":0.04613},{"voter":"KalpaTech","cluster_label":3,"tsne_x":-10.9716959,"tsne_y":-10.5539264679,"votingPower":0.001747},{"voter":"Chorus One","cluster_label":3,"tsne_x":-7.0128531456,"tsne_y":-8.0378236771,"votingPower":0.021599},{"voter":"Forbole","cluster_label":3,"tsne_x":-4.9167771339,"tsne_y":-6.1483740807,"votingPower":0.003645},{"voter":"in3scom","cluster_label":3,"tsne_x":-7.4689517021,"tsne_y":-6.4740757942,"votingPower":0.00116},{"voter":"vidoinfo","cluster_label":4,"tsne_x":2.0671522617,"tsne_y":-5.7246656418,"votingPower":0.000702},{"voter":"Swiss Staking","cluster_label":3,"tsne_x":-10.3810634613,"tsne_y":-10.3214712143,"votingPower":0.012801},{"voter":"01node","cluster_label":3,"tsne_x":-8.4871082306,"tsne_y":-8.0243215561,"votingPower":0.002024},{"voter":"stakesystems  autocompound","cluster_label":3,"tsne_x":-11.1565494537,"tsne_y":-6.9071340561,"votingPower":0.001742},{"voter":"kytzu","cluster_label":4,"tsne_x":9.5466165543,"tsne_y":3.4439213276,"votingPower":0.000177},{"voter":"POSTHUMAN  StakeDrop","cluster_label":3,"tsne_x":-8.0810956955,"tsne_y":-7.2254371643,"votingPower":0.01046},{"voter":"Ping","cluster_label":3,"tsne_x":-10.2357320786,"tsne_y":-6.0170907974,"votingPower":0.00132},{"voter":"Notional","cluster_label":3,"tsne_x":-9.164563179,"tsne_y":-6.1341123581,"votingPower":0.000082},{"voter":"jabbey","cluster_label":3,"tsne_x":-7.7311196327,"tsne_y":-9.6011676788,"votingPower":0.00099},{"voter":"0basevc","cluster_label":3,"tsne_x":-9.4780673981,"tsne_y":-12.4608182907,"votingPower":0.003559},{"voter":"Sr20de","cluster_label":3,"tsne_x":-10.7327432632,"tsne_y":-5.1009397507,"votingPower":0.0},{"voter":"Smart Stake ","cluster_label":3,"tsne_x":-6.1194610596,"tsne_y":-17.1276664734,"votingPower":0.001321},{"voter":"WhisperNode ","cluster_label":3,"tsne_x":-4.2943515778,"tsne_y":-15.9442977905,"votingPower":0.002023},{"voter":"openbitlab","cluster_label":3,"tsne_x":-10.7243537903,"tsne_y":-5.1877126694,"votingPower":0.0},{"voter":"Node Guardians","cluster_label":3,"tsne_x":-10.0166578293,"tsne_y":-7.7802157402,"votingPower":0.001817},{"voter":"Nodeist","cluster_label":3,"tsne_x":-8.4195823669,"tsne_y":-7.1294374466,"votingPower":0.0},{"voter":"stakefish","cluster_label":3,"tsne_x":-11.8180732727,"tsne_y":-5.2700634003,"votingPower":0.020542},{"voter":"Chill Validation","cluster_label":3,"tsne_x":-8.0007553101,"tsne_y":-9.4370584488,"votingPower":0.000964},{"voter":"Figment","cluster_label":3,"tsne_x":-11.0142183304,"tsne_y":-4.0503606796,"votingPower":0.006708},{"voter":"a41","cluster_label":3,"tsne_x":-8.3868112564,"tsne_y":-11.9103660583,"votingPower":0.000898},{"voter":"CrowdControl","cluster_label":3,"tsne_x":-9.5061006546,"tsne_y":-7.0245962143,"votingPower":0.000605},{"voter":"alphabai","cluster_label":3,"tsne_x":-5.5487146378,"tsne_y":-2.6738095284,"votingPower":0.0},{"voter":"Tessellated","cluster_label":3,"tsne_x":-10.1408414841,"tsne_y":-9.9671907425,"votingPower":0.000666},{"voter":"Gelotto  Slash Protected","cluster_label":3,"tsne_x":-5.755944252,"tsne_y":-2.6406798363,"votingPower":0.000001},{"voter":"Golden Ratio Staking","cluster_label":3,"tsne_x":-4.798500061,"tsne_y":-14.8945188522,"votingPower":0.002462},{"voter":"Stakewollecom 100 Insurance","cluster_label":3,"tsne_x":-8.6989364624,"tsne_y":-6.8952202797,"votingPower":0.001158},{"voter":"Ubik Capital","cluster_label":1,"tsne_x":3.3003408909,"tsne_y":-3.4416697025,"votingPower":0.004265},{"voter":"Kahuna","cluster_label":4,"tsne_x":-8.4984464645,"tsne_y":8.1460876465,"votingPower":0.00408},{"voter":"CommunityStaking","cluster_label":3,"tsne_x":-4.6163010597,"tsne_y":-11.0706520081,"votingPower":0.0},{"voter":"Nocturnal Labs","cluster_label":4,"tsne_x":-11.7178106308,"tsne_y":2.1265859604,"votingPower":0.000015},{"voter":"decentralizehk  DHK dao","cluster_label":3,"tsne_x":-7.099594593,"tsne_y":-12.6392459869,"votingPower":0.002282},{"voter":"Stakelyio","cluster_label":3,"tsne_x":-3.9223845005,"tsne_y":-16.0917396545,"votingPower":0.004864},{"voter":"interchainFM","cluster_label":7,"tsne_x":-2.7580528259,"tsne_y":9.9644918442,"votingPower":0.001441},{"voter":"ECO Stake ","cluster_label":3,"tsne_x":-4.417201519,"tsne_y":-14.0442447662,"votingPower":0.001644},{"voter":"NosNode","cluster_label":3,"tsne_x":-8.5778923035,"tsne_y":-11.6872186661,"votingPower":0.0},{"voter":"Citadelone","cluster_label":3,"tsne_x":-7.0145888329,"tsne_y":-15.8057088852,"votingPower":0.008907},{"voter":"Informal Systems","cluster_label":3,"tsne_x":-3.8694329262,"tsne_y":-13.8204698563,"votingPower":0.017535},{"voter":" LavenderFive Nodes ","cluster_label":3,"tsne_x":-4.82817173,"tsne_y":-13.1425933838,"votingPower":0.003815},{"voter":"KingSuper","cluster_label":10,"tsne_x":9.1169261932,"tsne_y":7.4752326012,"votingPower":0.0},{"voter":"Frens ","cluster_label":3,"tsne_x":-5.7503647804,"tsne_y":-15.0974760056,"votingPower":0.001713},{"voter":"Cosmostation","cluster_label":3,"tsne_x":-6.4957199097,"tsne_y":-16.288854599,"votingPower":0.050127},{"voter":"Kleomedes","cluster_label":10,"tsne_x":10.2223720551,"tsne_y":11.3019104004,"votingPower":0.000001},{"voter":"DOUBLETOP","cluster_label":10,"tsne_x":10.3449964523,"tsne_y":8.1256580353,"votingPower":0.000002},{"voter":"White Whale","cluster_label":1,"tsne_x":11.1702356339,"tsne_y":8.3558483124,"votingPower":0.000484},{"voter":"Silk Nodes","cluster_label":3,"tsne_x":-5.1489171982,"tsne_y":-10.5378379822,"votingPower":0.001465},{"voter":"BlockHunters ","cluster_label":4,"tsne_x":2.6699922085,"tsne_y":-12.7360019684,"votingPower":0.001716},{"voter":"GATA HUB","cluster_label":3,"tsne_x":-4.717862606,"tsne_y":-11.0130119324,"votingPower":0.001514},{"voter":"BasBlock","cluster_label":7,"tsne_x":1.8202002048,"tsne_y":16.0267677307,"votingPower":0.0},{"voter":"Kintsugi Nodes","cluster_label":3,"tsne_x":-7.2142562866,"tsne_y":-10.0664768219,"votingPower":0.000688},{"voter":"NodesGuru","cluster_label":10,"tsne_x":-5.5249347687,"tsne_y":2.1040301323,"votingPower":0.0},{"voter":"Coinage x DAIC","cluster_label":3,"tsne_x":-3.4710478783,"tsne_y":-16.1462345123,"votingPower":0.000502},{"voter":"blockscape","cluster_label":3,"tsne_x":-8.7319278717,"tsne_y":-10.1211462021,"votingPower":0.000883},{"voter":"Keplr","cluster_label":6,"tsne_x":14.106344223,"tsne_y":7.8077373505,"votingPower":0.003386},{"voter":"Stakecito","cluster_label":3,"tsne_x":-5.5387201309,"tsne_y":-15.1704368591,"votingPower":0.009856},{"voter":"Meria","cluster_label":4,"tsne_x":-11.6659297943,"tsne_y":2.5394408703,"votingPower":0.002787},{"voter":"PRO Delegators","cluster_label":4,"tsne_x":-11.6757955551,"tsne_y":2.2192630768,"votingPower":0.008154},{"voter":"Interstellar Lounge ","cluster_label":8,"tsne_x":-0.3053196073,"tsne_y":1.3129330873,"votingPower":0.001752},{"voter":"DELIGHT","cluster_label":4,"tsne_x":-7.2382631302,"tsne_y":4.2265954018,"votingPower":0.000006},{"voter":"DSRV","cluster_label":3,"tsne_x":-6.4451694489,"tsne_y":-5.1015644073,"votingPower":0.000995},{"voter":"Blockdaemon","cluster_label":3,"tsne_x":-4.9497771263,"tsne_y":-9.5045871735,"votingPower":0.004027},{"voter":"MMS","cluster_label":6,"tsne_x":3.9328234196,"tsne_y":11.1755905151,"votingPower":0.0},{"voter":"BronBro","cluster_label":3,"tsne_x":-6.6937675476,"tsne_y":-5.390625,"votingPower":0.001205},{"voter":"Cypher Core","cluster_label":3,"tsne_x":-7.2929410934,"tsne_y":-12.6307563782,"votingPower":0.000733},{"voter":"node101","cluster_label":2,"tsne_x":-3.9695920944,"tsne_y":5.646613121,"votingPower":0.001685},{"voter":"test","cluster_label":4,"tsne_x":3.2357599735,"tsne_y":-9.0209197998,"votingPower":0.0},{"voter":"Stakeflow","cluster_label":4,"tsne_x":4.1265668869,"tsne_y":-8.3923568726,"votingPower":0.000771},{"voter":"ChainLayer","cluster_label":3,"tsne_x":-8.2930860519,"tsne_y":-3.5474295616,"votingPower":0.000716},{"voter":"Active Nodes","cluster_label":3,"tsne_x":-9.2788486481,"tsne_y":-4.6867547035,"votingPower":0.0},{"voter":"strangelove","cluster_label":13,"tsne_x":7.6252222061,"tsne_y":-7.84252882,"votingPower":0.005771},{"voter":"Allnodes","cluster_label":3,"tsne_x":-3.201125145,"tsne_y":-13.7572393417,"votingPower":0.034017},{"voter":"Klub Staking","cluster_label":3,"tsne_x":-8.6317186356,"tsne_y":-5.5320296288,"votingPower":0.000693},{"voter":"FreshSTAKING","cluster_label":3,"tsne_x":-8.2372674942,"tsne_y":-12.8076295853,"votingPower":0.000827},{"voter":"SmartNodes","cluster_label":4,"tsne_x":9.7252178192,"tsne_y":1.0119417906,"votingPower":0.001126},{"voter":"CryptoDungeon","cluster_label":10,"tsne_x":-5.4647879601,"tsne_y":2.7026844025,"votingPower":0.003544},{"voter":"commercionetwork","cluster_label":4,"tsne_x":9.7964878082,"tsne_y":-2.7544970512,"votingPower":0.000294},{"voter":"SHUTTING DOWN AUDITone","cluster_label":3,"tsne_x":-9.553940773,"tsne_y":-8.9043045044,"votingPower":0.000793},{"voter":"S16 Research Ventures","cluster_label":3,"tsne_x":-5.1846652031,"tsne_y":-9.4272069931,"votingPower":0.003887},{"voter":"dForce","cluster_label":4,"tsne_x":9.4061393738,"tsne_y":-2.8168342113,"votingPower":0.007059},{"voter":"ShapeShift DAO","cluster_label":3,"tsne_x":-4.4759259224,"tsne_y":-8.9698104858,"votingPower":0.00375},{"voter":"Leonoors Cryptoman","cluster_label":3,"tsne_x":-10.8320217133,"tsne_y":-4.8526287079,"votingPower":0.0},{"voter":"iqlusion","cluster_label":4,"tsne_x":-4.0703287125,"tsne_y":-1.7895030975,"votingPower":0.007278},{"voter":"Tedcryptoio   TedLotto","cluster_label":10,"tsne_x":9.4372997284,"tsne_y":7.0262131691,"votingPower":0.0},{"voter":"validatornetwork","cluster_label":11,"tsne_x":-1.0264892578,"tsne_y":14.12449646,"votingPower":0.000601},{"voter":"Trust Nodes","cluster_label":1,"tsne_x":0.9913867116,"tsne_y":-1.5166062117,"votingPower":0.003912},{"voter":"Interbloc","cluster_label":10,"tsne_x":-12.6439065933,"tsne_y":5.4161934853,"votingPower":0.0},{"voter":"Valnodes  Carbon Neutral Staking","cluster_label":7,"tsne_x":1.8328505754,"tsne_y":15.9988880157,"votingPower":0.000007},{"voter":"Everstake","cluster_label":1,"tsne_x":2.6836528778,"tsne_y":-2.1648342609,"votingPower":0.041009},{"voter":"CroutonDigital","cluster_label":9,"tsne_x":-8.0491666794,"tsne_y":8.0661640167,"votingPower":0.001258},{"voter":"StakeRelax ","cluster_label":10,"tsne_x":-5.9060988426,"tsne_y":2.7265036106,"votingPower":0.000775},{"voter":" Vortexlive ","cluster_label":4,"tsne_x":5.3446478844,"tsne_y":-9.2906608582,"votingPower":0.002629},{"voter":"Blockpower","cluster_label":7,"tsne_x":-2.8570582867,"tsne_y":12.1354064941,"votingPower":0.001675},{"voter":"AIR DROP STATION","cluster_label":4,"tsne_x":12.797170639,"tsne_y":0.3439178765,"votingPower":0.000004},{"voter":"IcyCRO ","cluster_label":4,"tsne_x":0.1485515386,"tsne_y":-9.6295585632,"votingPower":0.002016},{"voter":"Inactive Validator","cluster_label":0,"tsne_x":2.1894624233,"tsne_y":14.1603116989,"votingPower":0.000001},{"voter":"Sunshine Validation solarpower","cluster_label":7,"tsne_x":2.790440321,"tsne_y":13.4470062256,"votingPower":0.0},{"voter":"Multiplex","cluster_label":4,"tsne_x":7.3794527054,"tsne_y":-0.2435425967,"votingPower":0.000734},{"voter":"PRYZM  StakeDrop","cluster_label":4,"tsne_x":-8.7210712433,"tsne_y":3.8713161945,"votingPower":0.017437},{"voter":"EZ Staking","cluster_label":4,"tsne_x":5.1711797714,"tsne_y":-11.3523797989,"votingPower":0.001649},{"voter":"Regenerator  Green Validator ","cluster_label":10,"tsne_x":9.8432788849,"tsne_y":7.6601119041,"votingPower":0.0},{"voter":"Stakin","cluster_label":4,"tsne_x":3.0888888836,"tsne_y":-13.8818759918,"votingPower":0.002284},{"voter":"Disperze","cluster_label":10,"tsne_x":9.8188371658,"tsne_y":7.6987080574,"votingPower":0.0},{"voter":"windpowerstake","cluster_label":4,"tsne_x":0.9812387228,"tsne_y":-9.9473028183,"votingPower":0.0},{"voter":"Please Redelegate","cluster_label":10,"tsne_x":-2.1154983044,"tsne_y":-2.8947534561,"votingPower":0.0},{"voter":"WeStaking","cluster_label":4,"tsne_x":0.6495214105,"tsne_y":-10.3350372314,"votingPower":0.002045},{"voter":"redelegateplease","cluster_label":10,"tsne_x":11.5223836899,"tsne_y":6.7095766068,"votingPower":0.0},{"voter":"Enigma","cluster_label":4,"tsne_x":-7.3121876717,"tsne_y":2.838208437,"votingPower":0.002978},{"voter":"nysanetwork","cluster_label":4,"tsne_x":4.8878903389,"tsne_y":-11.1272621155,"votingPower":0.0},{"voter":"ChainTools","cluster_label":10,"tsne_x":9.8771457672,"tsne_y":11.6615018845,"votingPower":0.0},{"voter":"Shutting down redelegate","cluster_label":4,"tsne_x":9.3853178024,"tsne_y":2.192053318,"votingPower":0.0},{"voter":"HashKey Cloud","cluster_label":4,"tsne_x":-7.4496412277,"tsne_y":1.6959666014,"votingPower":0.002287},{"voter":" uGaenn ","cluster_label":8,"tsne_x":10.6983480453,"tsne_y":-5.3011469841,"votingPower":0.000008},{"voter":"PUPMS","cluster_label":4,"tsne_x":1.3992618322,"tsne_y":-10.9183082581,"votingPower":0.000716},{"voter":"LOA Labs","cluster_label":9,"tsne_x":2.6334652901,"tsne_y":5.610519886,"votingPower":0.000001},{"voter":"Shutting down please redelegate","cluster_label":4,"tsne_x":1.7597670555,"tsne_y":-9.8186120987,"votingPower":0.00009},{"voter":"Wetez","cluster_label":5,"tsne_x":5.404838562,"tsne_y":8.758846283,"votingPower":0.000014},{"voter":"Architect Nodes","cluster_label":4,"tsne_x":0.8681058288,"tsne_y":-8.9325866699,"votingPower":0.0},{"voter":"BitValidator","cluster_label":4,"tsne_x":2.4272348881,"tsne_y":3.3444542885,"votingPower":0.000951},{"voter":"Inactive","cluster_label":9,"tsne_x":3.3217482567,"tsne_y":7.0256505013,"votingPower":0.0},{"voter":"Huginn","cluster_label":4,"tsne_x":-6.471036911,"tsne_y":4.7534871101,"votingPower":0.000903},{"voter":"Crypto Plant","cluster_label":8,"tsne_x":-0.6818202734,"tsne_y":2.5119051933,"votingPower":0.0},{"voter":"Virtual Hive","cluster_label":4,"tsne_x":6.9029974937,"tsne_y":-7.8687520027,"votingPower":0.000375},{"voter":"Easy 2 Stake","cluster_label":8,"tsne_x":10.7178697586,"tsne_y":-5.6820220947,"votingPower":0.000952},{"voter":"Sikka","cluster_label":11,"tsne_x":0.9731752872,"tsne_y":10.8471622467,"votingPower":0.015786},{"voter":"SNZPool","cluster_label":1,"tsne_x":11.9349136353,"tsne_y":2.3262808323,"votingPower":0.000089},{"voter":"Huobi","cluster_label":4,"tsne_x":5.9023513794,"tsne_y":2.176181078,"votingPower":0.000197},{"voter":"stakezone","cluster_label":7,"tsne_x":1.1675387621,"tsne_y":10.796959877,"votingPower":0.00223},{"voter":"MANTRA","cluster_label":12,"tsne_x":0.2783084214,"tsne_y":11.7944602966,"votingPower":0.009855},{"voter":"cosmosrescue","cluster_label":12,"tsne_x":-4.671751976,"tsne_y":6.9111022949,"votingPower":0.00103},{"voter":"DLINODESCOM","cluster_label":12,"tsne_x":0.550008595,"tsne_y":11.5128269196,"votingPower":0.0},{"voter":"decommissioned","cluster_label":0,"tsne_x":6.3074178696,"tsne_y":12.6651754379,"votingPower":0.000399},{"voter":"Dora Factory PGS","cluster_label":7,"tsne_x":1.0398653746,"tsne_y":5.0717806816,"votingPower":0.002224},{"voter":" polkachucom","cluster_label":4,"tsne_x":3.4728929996,"tsne_y":-3.9495506287,"votingPower":0.00564},{"voter":"Oni   Stake for BoostDrop ","cluster_label":4,"tsne_x":0.0207314026,"tsne_y":-4.9072618484,"votingPower":0.001615},{"voter":"0xDEADBEEF","cluster_label":8,"tsne_x":-0.9093356729,"tsne_y":1.8491551876,"votingPower":0.0},{"voter":"w3coins","cluster_label":4,"tsne_x":-3.8246576786,"tsne_y":5.4625954628,"votingPower":0.001321},{"voter":"StakeSeeker by BTCS","cluster_label":4,"tsne_x":7.9800276756,"tsne_y":-11.7194347382,"votingPower":0.001658},{"voter":"P2PORG  P2P Validator","cluster_label":4,"tsne_x":0.8659539223,"tsne_y":-6.8999581337,"votingPower":0.020045},{"voter":"coinhallorg ","cluster_label":1,"tsne_x":3.2509410381,"tsne_y":-2.4388377666,"votingPower":0.000002},{"voter":"Atomic power node","cluster_label":4,"tsne_x":6.1131310463,"tsne_y":-2.3902356625,"votingPower":0.000431},{"voter":"HLT","cluster_label":4,"tsne_x":7.9266629219,"tsne_y":1.8493149281,"votingPower":0.000001},{"voter":"DECOMMISSIONED","cluster_label":12,"tsne_x":-0.5700806379,"tsne_y":9.1609153748,"votingPower":0.0},{"voter":"bitszn","cluster_label":4,"tsne_x":2.8852162361,"tsne_y":-13.3783578873,"votingPower":0.0},{"voter":"hashtower","cluster_label":4,"tsne_x":3.0575153828,"tsne_y":-8.4090652466,"votingPower":0.001548},{"voter":"Valid8r","cluster_label":4,"tsne_x":3.3004741669,"tsne_y":-8.7220716476,"votingPower":0.0},{"voter":"Stigga","cluster_label":4,"tsne_x":0.0497146845,"tsne_y":0.263307929,"votingPower":0.0},{"voter":"Nodiums","cluster_label":4,"tsne_x":2.8739826679,"tsne_y":-13.3240642548,"votingPower":0.0},{"voter":"Station8","cluster_label":4,"tsne_x":-2.809630394,"tsne_y":-2.6596541405,"votingPower":0.0},{"voter":"Cosmic Validator  100 Uptime  Autocompound","cluster_label":4,"tsne_x":3.7265591621,"tsne_y":-9.4519882202,"votingPower":0.001514},{"voter":"HelionCosmosValidator","cluster_label":4,"tsne_x":-2.8697323799,"tsne_y":-2.6274578571,"votingPower":0.0},{"voter":" The Chicken Coop   NFT Airdrops","cluster_label":4,"tsne_x":-2.8974182606,"tsne_y":-2.6215355396,"votingPower":0.0},{"voter":"chainnode","cluster_label":4,"tsne_x":-3.314602375,"tsne_y":-2.4463202953,"votingPower":0.000001},{"voter":"test kim","cluster_label":4,"tsne_x":-3.7875349522,"tsne_y":-2.2294287682,"votingPower":0.0},{"voter":"Certus One","cluster_label":7,"tsne_x":-0.2326256931,"tsne_y":8.6514472961,"votingPower":0.001103},{"voter":"Colossus","cluster_label":11,"tsne_x":-2.7490670681,"tsne_y":13.8543891907,"votingPower":0.001355},{"voter":"Bunkerstakeio","cluster_label":4,"tsne_x":-6.8287267685,"tsne_y":3.649771452,"votingPower":0.002715},{"voter":"Andromaverse Labs","cluster_label":0,"tsne_x":6.044438839,"tsne_y":11.3843507767,"votingPower":0.0},{"voter":"Post Road","cluster_label":4,"tsne_x":8.0562400818,"tsne_y":2.6537258625,"votingPower":0.0},{"voter":"Twinstake","cluster_label":1,"tsne_x":-0.5389026999,"tsne_y":8.0105333328,"votingPower":0.001413},{"voter":"AuraStake","cluster_label":8,"tsne_x":-0.9489938021,"tsne_y":2.0028069019,"votingPower":0.0},{"voter":"NASDAQBTCS","cluster_label":7,"tsne_x":-0.2774531245,"tsne_y":8.6507463455,"votingPower":0.0},{"voter":"grantfish","cluster_label":7,"tsne_x":5.8018364906,"tsne_y":4.9896712303,"votingPower":0.000804},{"voter":"GAME","cluster_label":4,"tsne_x":4.7374424934,"tsne_y":-7.8048667908,"votingPower":0.019626},{"voter":"deboREDELEGATE FROM US","cluster_label":4,"tsne_x":5.0967140198,"tsne_y":-6.1484375,"votingPower":0.000039},{"voter":"noma","cluster_label":7,"tsne_x":0.997616291,"tsne_y":7.501335144,"votingPower":0.000001},{"voter":"lunamint","cluster_label":7,"tsne_x":4.4179606438,"tsne_y":14.359623909,"votingPower":0.000702},{"voter":"Compass","cluster_label":4,"tsne_x":4.9686546326,"tsne_y":-1.9873456955,"votingPower":0.000617},{"voter":"Dawnsworld","cluster_label":7,"tsne_x":3.8265480995,"tsne_y":13.6937904358,"votingPower":0.000006},{"voter":"IRISNET","cluster_label":4,"tsne_x":4.8521118164,"tsne_y":-6.5611233711,"votingPower":0.001869},{"voter":"Citizen Web3","cluster_label":4,"tsne_x":3.7186646461,"tsne_y":-9.8638877869,"votingPower":0.001861},{"voter":"omega3","cluster_label":7,"tsne_x":0.9982740879,"tsne_y":7.5005717278,"votingPower":0.0},{"voter":"BlueStake ","cluster_label":4,"tsne_x":-6.622961998,"tsne_y":8.078827858,"votingPower":0.000008},{"voter":" CryptoCrew Validators  Winner GameOfChains","cluster_label":4,"tsne_x":3.5350444317,"tsne_y":-10.388215065,"votingPower":0.003112},{"voter":"securesecrets","cluster_label":4,"tsne_x":5.7195534706,"tsne_y":0.1539729834,"votingPower":0.000011},{"voter":"zoomerlabs","cluster_label":11,"tsne_x":-2.0368161201,"tsne_y":13.4064340591,"votingPower":0.00042},{"voter":" Earn Stash","cluster_label":7,"tsne_x":2.8196008205,"tsne_y":8.7962837219,"votingPower":0.000019},{"voter":"Kiln","cluster_label":1,"tsne_x":1.0506100655,"tsne_y":-1.5505605936,"votingPower":0.013621},{"voter":"Luganodes","cluster_label":11,"tsne_x":-2.799074173,"tsne_y":14.0952110291,"votingPower":0.0001},{"voter":"AgoraNodes","cluster_label":6,"tsne_x":3.8635957241,"tsne_y":10.7662916183,"votingPower":0.0},{"voter":"DokiaCapital","cluster_label":2,"tsne_x":7.2347049713,"tsne_y":9.302283287,"votingPower":0.035442},{"voter":"Moonstake","cluster_label":2,"tsne_x":7.130156517,"tsne_y":9.2863988876,"votingPower":0.000103},{"voter":"Cosmos Spaces","cluster_label":4,"tsne_x":-9.0727233887,"tsne_y":-0.9972870946,"votingPower":0.000953},{"voter":" Quokka Stake","cluster_label":4,"tsne_x":-7.8428735733,"tsne_y":2.5983242989,"votingPower":0.000764},{"voter":"airdropdao","cluster_label":7,"tsne_x":3.4290127754,"tsne_y":12.6838550568,"votingPower":0.000002},{"voter":"Don Cryptonium","cluster_label":4,"tsne_x":11.837266922,"tsne_y":-0.8951686621,"votingPower":0.000036},{"voter":"MultiChain ventures","cluster_label":4,"tsne_x":11.5078468323,"tsne_y":0.25838992,"votingPower":0.001862},{"voter":"Sygnum","cluster_label":4,"tsne_x":-5.1199440956,"tsne_y":6.4829144478,"votingPower":0.000959},{"voter":"ChainUp  NewHuo","cluster_label":4,"tsne_x":6.1398677826,"tsne_y":-1.7452635765,"votingPower":0.000019},{"voter":"MathWallet","cluster_label":7,"tsne_x":11.5085105896,"tsne_y":2.4249534607,"votingPower":0.000089},{"voter":"MyCosmosValidator","cluster_label":7,"tsne_x":2.7286851406,"tsne_y":10.1766872406,"votingPower":0.000008},{"voter":"end","cluster_label":4,"tsne_x":-0.774946332,"tsne_y":5.2102060318,"votingPower":0.0},{"voter":"TeeNode","cluster_label":4,"tsne_x":-6.6202893257,"tsne_y":7.592151165,"votingPower":0.00243},{"voter":"Fanfury  furyfan  Stake to Win","cluster_label":4,"tsne_x":10.4041223526,"tsne_y":-2.7791883945,"votingPower":0.0},{"voter":"Paradigm","cluster_label":7,"tsne_x":4.3277430534,"tsne_y":8.4650630951,"votingPower":0.000014},{"voter":"UNSTAKEREDELEGATE","cluster_label":4,"tsne_x":5.6608390808,"tsne_y":-0.20582816,"votingPower":0.000001},{"voter":"InfStones","cluster_label":11,"tsne_x":8.5589847565,"tsne_y":12.1849431992,"votingPower":0.000824},{"voter":"Flipside","cluster_label":4,"tsne_x":8.9740066528,"tsne_y":-0.5067031384,"votingPower":0.0},{"voter":"Stargaze","cluster_label":11,"tsne_x":-1.9181990623,"tsne_y":13.0294275284,"votingPower":0.000584},{"voter":"kochacolaj","cluster_label":7,"tsne_x":4.868683815,"tsne_y":8.7885799408,"votingPower":0.0},{"voter":"NO Fee to 2025   meleaxyz","cluster_label":7,"tsne_x":4.9311490059,"tsne_y":7.7535376549,"votingPower":0.016939},{"voter":"DragonStake","cluster_label":4,"tsne_x":5.6542572975,"tsne_y":-7.751057148,"votingPower":0.001142},{"voter":"DelegaNetworks ","cluster_label":4,"tsne_x":10.8770751953,"tsne_y":-2.9102659225,"votingPower":0.000855},{"voter":"nyliranet","cluster_label":4,"tsne_x":5.6674318314,"tsne_y":1.0814622641,"votingPower":0.001222},{"voter":" KysenPool Sky  ","cluster_label":4,"tsne_x":2.7892177105,"tsne_y":1.6392852068,"votingPower":0.00088},{"voter":"DO NOT DELEGATE  Defi Wallet","cluster_label":7,"tsne_x":1.1628862619,"tsne_y":9.3814029694,"votingPower":0.000135},{"voter":"Umbrella ","cluster_label":4,"tsne_x":5.6627669334,"tsne_y":-8.1744337082,"votingPower":0.000676},{"voter":"Sentinel","cluster_label":7,"tsne_x":1.203004241,"tsne_y":9.3760404587,"votingPower":0.000229},{"voter":"Staking Facilities","cluster_label":7,"tsne_x":3.3708779812,"tsne_y":8.9406671524,"votingPower":0.001408},{"voter":"Crypto Lion","cluster_label":4,"tsne_x":10.7902193069,"tsne_y":-3.6810994148,"votingPower":0.000001},{"voter":"Blocks United  blocksunitedcom","cluster_label":4,"tsne_x":4.7110176086,"tsne_y":-6.5037093163,"votingPower":0.000949},{"voter":"TerraBitcoin Club","cluster_label":4,"tsne_x":3.4166333675,"tsne_y":-7.6244182587,"votingPower":0.000658},{"voter":"Liqee","cluster_label":7,"tsne_x":3.1513581276,"tsne_y":13.2117891312,"votingPower":0.000018},{"voter":"BlockPI","cluster_label":4,"tsne_x":2.7087478638,"tsne_y":-6.6547021866,"votingPower":0.000117},{"voter":"Stir","cluster_label":4,"tsne_x":0.9826479554,"tsne_y":-6.9017300606,"votingPower":0.000939},{"voter":"Lightning Capital  Decommissioning May 2  Please Unbond","cluster_label":4,"tsne_x":11.9636125565,"tsne_y":-0.0214125328,"votingPower":0.000001},{"voter":"STAKE FRITES    DO NOT DELEGATE","cluster_label":4,"tsne_x":11.9616718292,"tsne_y":-0.0109600872,"votingPower":0.000003},{"voter":"Numenorone","cluster_label":7,"tsne_x":3.2808067799,"tsne_y":9.2960205078,"votingPower":0.0},{"voter":"Cryptostakecom ","cluster_label":11,"tsne_x":9.013715744,"tsne_y":12.1959247589,"votingPower":0.001513},{"voter":"inactive validator Do NOT delegate","cluster_label":4,"tsne_x":11.4896402359,"tsne_y":1.6880155802,"votingPower":0.0},{"voter":"decomm","cluster_label":4,"tsne_x":3.0856881142,"tsne_y":-5.6390113831,"votingPower":0.000047},{"voter":"PumpkinFarms","cluster_label":7,"tsne_x":4.8370084763,"tsne_y":9.9534349442,"votingPower":0.0},{"voter":"CEXIO Validator","cluster_label":4,"tsne_x":6.080019474,"tsne_y":-6.1514019966,"votingPower":0.003371},{"voter":"Ztakeorg","cluster_label":4,"tsne_x":3.032310009,"tsne_y":-7.4805865288,"votingPower":0.000737},{"voter":"Huobi1","cluster_label":4,"tsne_x":5.9564447403,"tsne_y":1.937171936,"votingPower":0.000065},{"voter":"stake2earn","cluster_label":7,"tsne_x":6.043844223,"tsne_y":6.4889121056,"votingPower":0.000001},{"voter":"nakanodoxyz","cluster_label":7,"tsne_x":3.8062822819,"tsne_y":8.4224300385,"votingPower":0.0},{"voter":"Onbloc Node","cluster_label":4,"tsne_x":2.8472247124,"tsne_y":0.8939920664,"votingPower":0.001443},{"voter":"RoundTable21 by WildSage Labs","cluster_label":4,"tsne_x":9.1009082794,"tsne_y":-0.2166787088,"votingPower":0.000003},{"voter":" Earthstar ","cluster_label":4,"tsne_x":8.5906524658,"tsne_y":2.2626841068,"votingPower":0.0},{"voter":"Moonlet","cluster_label":8,"tsne_x":-1.9854336977,"tsne_y":1.2340263128,"votingPower":0.000672},{"voter":"sleepykitten","cluster_label":4,"tsne_x":8.9186344147,"tsne_y":1.6676691771,"votingPower":0.0},{"voter":" JADE DAO ","cluster_label":4,"tsne_x":9.0599079132,"tsne_y":-0.1972734779,"votingPower":0.0},{"voter":"KuCoin","cluster_label":8,"tsne_x":-0.8509323597,"tsne_y":1.877165556,"votingPower":0.000009},{"voter":"KEK","cluster_label":7,"tsne_x":5.4912080765,"tsne_y":6.3247237206,"votingPower":0.00043},{"voter":"melange","cluster_label":7,"tsne_x":5.3099098206,"tsne_y":5.7660164833,"votingPower":0.0},{"voter":"King Hugo","cluster_label":0,"tsne_x":6.0302143097,"tsne_y":11.5352678299,"votingPower":0.0},{"voter":"Ivaldi Labs","cluster_label":0,"tsne_x":6.2198987007,"tsne_y":12.2721395493,"votingPower":0.0},{"voter":"anythings","cluster_label":7,"tsne_x":3.5802056789,"tsne_y":9.4065561295,"votingPower":0.0},{"voter":"HyperblocksPro","cluster_label":4,"tsne_x":1.5809370279,"tsne_y":4.782541275,"votingPower":0.002501},{"voter":"Yieldera","cluster_label":4,"tsne_x":1.982468605,"tsne_y":3.5988409519,"votingPower":0.0},{"voter":"CROSSTECH","cluster_label":7,"tsne_x":1.8798254728,"tsne_y":5.3277621269,"votingPower":0.000034},{"voter":"CLOSED DOWN","cluster_label":7,"tsne_x":3.2342646122,"tsne_y":8.7815074921,"votingPower":0.0},{"voter":"Amplifier","cluster_label":4,"tsne_x":-5.424695015,"tsne_y":5.9449720383,"votingPower":0.00081},{"voter":"Commons Hub","cluster_label":4,"tsne_x":-0.8329045773,"tsne_y":5.3296723366,"votingPower":0.000725},{"voter":"Factor","cluster_label":11,"tsne_x":-2.2639200687,"tsne_y":13.4409341812,"votingPower":0.001454},{"voter":"bitlabs","cluster_label":9,"tsne_x":2.3315496445,"tsne_y":8.771982193,"votingPower":0.001596},{"voter":"Alessandro Mazza","cluster_label":4,"tsne_x":-0.8410265446,"tsne_y":5.5697975159,"votingPower":0.000645},{"voter":" kjnodescom ","cluster_label":4,"tsne_x":-6.7146615982,"tsne_y":5.0060200691,"votingPower":0.000575},{"voter":"BigBrainStaking","cluster_label":4,"tsne_x":-5.4795560837,"tsne_y":4.7054190636,"votingPower":0.000718},{"voter":"Defi Wallet","cluster_label":7,"tsne_x":3.172611475,"tsne_y":8.8288640976,"votingPower":0.00079},{"voter":"Leap Wallet","cluster_label":4,"tsne_x":-6.5706996918,"tsne_y":4.9350376129,"votingPower":0.002179},{"voter":"cosmos Af","cluster_label":7,"tsne_x":-2.5774338245,"tsne_y":9.4915094376,"votingPower":0.000478},{"voter":"Altiplanic","cluster_label":9,"tsne_x":2.5097756386,"tsne_y":7.6517124176,"votingPower":0.0},{"voter":"Inu X","cluster_label":4,"tsne_x":-6.8117513657,"tsne_y":7.0143847466,"votingPower":0.00053},{"voter":"CloudByte","cluster_label":7,"tsne_x":3.2671542168,"tsne_y":8.9475402832,"votingPower":0.022039},{"voter":"genznodes","cluster_label":4,"tsne_x":-6.8110947609,"tsne_y":7.6689577103,"votingPower":0.0},{"voter":"authztestvalidator","cluster_label":7,"tsne_x":3.1666343212,"tsne_y":8.9088582993,"votingPower":0.0},{"voter":"biglazycatcom","cluster_label":4,"tsne_x":-6.9794449806,"tsne_y":7.7268323898,"votingPower":0.000829}]