[{"id":54,"title":"Growth DAO requests additional funds from the community pool","type":"CommunityPoolSpend","status":"PASSED","yes":38.0,"no":0.0,"veto":0.0,"abstain":2.0,"no_vote":22.0,"count":62.0,"most_vote":"yes","most_vote_ratio":0.6129032258},{"id":49,"title":"Growth DAO requests additional funds from the community pool","type":"CommunityPoolSpend","status":"PASSED","yes":42.0,"no":0.0,"veto":0.0,"abstain":5.0,"no_vote":17.0,"count":64.0,"most_vote":"yes","most_vote_ratio":0.65625},{"id":48,"title":"Growth DAO proposes Community Fund allocation for ADV Campaign and Sentinel Explorer","type":"CommunityPoolSpend","status":"PASSED","yes":34.0,"no":3.0,"veto":0.0,"abstain":13.0,"no_vote":13.0,"count":63.0,"most_vote":"yes","most_vote_ratio":0.5396825397},{"id":46,"title":"Growth DAO requests to allocate funds currently in the community fund and take them under DAO control","type":"CommunityPoolSpend","status":"PASSED","yes":49.0,"no":0.0,"veto":0.0,"abstain":2.0,"no_vote":12.0,"count":63.0,"most_vote":"yes","most_vote_ratio":0.7777777778},{"id":45,"title":"Growth DAO requests to allocate funds currently in the community fund and take them under DAO control","type":"CommunityPoolSpend","status":"REJECTED","yes":0.0,"no":46.0,"veto":1.0,"abstain":2.0,"no_vote":14.0,"count":63.0,"most_vote":"no","most_vote_ratio":0.7301587302},{"id":39,"title":"Reduce inflation by removing base and bonus proposer rewards","type":"ParameterChange","status":"PASSED","yes":22.0,"no":11.0,"veto":0.0,"abstain":18.0,"no_vote":12.0,"count":63.0,"most_vote":"yes","most_vote_ratio":0.3492063492},{"id":35,"title":"Establish Growth Dao for Sentinel","type":"CommunityPoolSpend","status":"PASSED","yes":45.0,"no":0.0,"veto":0.0,"abstain":5.0,"no_vote":14.0,"count":64.0,"most_vote":"yes","most_vote_ratio":0.703125},{"id":29,"title":"Implementing a Tiered Governance Discussion Period","type":"Text","status":"PASSED","yes":29.0,"no":0.0,"veto":0.0,"abstain":10.0,"no_vote":24.0,"count":63.0,"most_vote":"yes","most_vote_ratio":0.4603174603},{"id":27,"title":"Reducing onchain governance time","type":"ParameterChange","status":"PASSED","yes":36.0,"no":7.0,"veto":0.0,"abstain":10.0,"no_vote":11.0,"count":64.0,"most_vote":"yes","most_vote_ratio":0.5625},{"id":24,"title":"Listing DVPN on KUJIRA EMERGENCY PROPOSAL","type":"CommunityPoolSpend","status":"PASSED","yes":41.0,"no":0.0,"veto":0.0,"abstain":14.0,"no_vote":11.0,"count":66.0,"most_vote":"yes","most_vote_ratio":0.6212121212},{"id":22,"title":"Use of Community tokens to fund V2Ray Sentinel nodes deployed on the Akash Network","type":"CommunityPoolSpend","status":"PASSED","yes":47.0,"no":1.0,"veto":0.0,"abstain":3.0,"no_vote":14.0,"count":65.0,"most_vote":"yes","most_vote_ratio":0.7230769231},{"id":20,"title":"Make the Sentinel Community the Lead Sponsor of a Decentralized VPN Bot","type":"CommunityPoolSpend","status":"REJECTED","yes":8.0,"no":28.0,"veto":0.0,"abstain":9.0,"no_vote":19.0,"count":64.0,"most_vote":"no","most_vote_ratio":0.4375},{"id":16,"title":"Staking contract proposal  5 years duration","type":"Text","status":"PASSED","yes":3.0,"no":34.0,"veto":4.0,"abstain":8.0,"no_vote":16.0,"count":65.0,"most_vote":"no","most_vote_ratio":0.5230769231},{"id":15,"title":"Staking contract proposal  25 years duration","type":"Text","status":"REJECTED","yes":2.0,"no":34.0,"veto":3.0,"abstain":8.0,"no_vote":17.0,"count":64.0,"most_vote":"no","most_vote_ratio":0.53125},{"id":14,"title":"Staking contract proposal  125 years duration","type":"Text","status":"REJECTED","yes":2.0,"no":35.0,"veto":3.0,"abstain":8.0,"no_vote":17.0,"count":65.0,"most_vote":"no","most_vote_ratio":0.5384615385},{"id":10,"title":"SIP10 Inflation reduction to promote sustainability","type":"ParameterChange","status":"REJECTED","yes":28.0,"no":21.0,"veto":1.0,"abstain":4.0,"no_vote":11.0,"count":65.0,"most_vote":"yes","most_vote_ratio":0.4307692308}]