[{"id":176,"title":"Incentives Relaunch Revised Proposal","type":"Text","status":"PASSED","yes":25.0,"no":3.0,"veto":0.0,"abstain":13.0,"no_vote":10.0,"count":51.0,"most_vote":"yes","most_vote_ratio":0.4901960784},{"id":175,"title":"Reduce Trading Rewards by 44 Decrease Trading Rewards Constant from 09 to 05","type":"ParameterChange","status":"PASSED","yes":33.0,"no":2.0,"veto":0.0,"abstain":7.0,"no_vote":11.0,"count":53.0,"most_vote":"yes","most_vote_ratio":0.6226415094},{"id":165,"title":"Add TRUMPWINUSD perpetual market","type":"CreateMarket","status":"PASSED","yes":21.0,"no":2.0,"veto":0.0,"abstain":16.0,"no_vote":13.0,"count":52.0,"most_vote":"yes","most_vote_ratio":0.4038461538},{"id":164,"title":"Add CETUSUSD perpetual market","type":"CreateMarket","status":"REJECTED","yes":6.0,"no":32.0,"veto":0.0,"abstain":5.0,"no_vote":11.0,"count":54.0,"most_vote":"no","most_vote_ratio":0.5925925926},{"id":157,"title":"dYdX Treasury Subdao Proposal  Karpatkey","type":"Text","status":"PASSED","yes":17.0,"no":8.0,"veto":0.0,"abstain":22.0,"no_vote":9.0,"count":56.0,"most_vote":"abstain","most_vote_ratio":0.3928571429},{"id":156,"title":"dYdX Treasury Subdao Proposal  Steakhouse","type":"Text","status":"PASSED","yes":13.0,"no":9.0,"veto":0.0,"abstain":24.0,"no_vote":9.0,"count":55.0,"most_vote":"abstain","most_vote_ratio":0.4363636364},{"id":154,"title":"Add SUNDOGUSD perpetual market","type":"CreateMarket","status":"PASSED","yes":28.0,"no":4.0,"veto":0.0,"abstain":6.0,"no_vote":14.0,"count":52.0,"most_vote":"yes","most_vote_ratio":0.5384615385},{"id":144,"title":"Add RETARDIOUSD perpetual market","type":"CreateMarket","status":"PASSED","yes":36.0,"no":4.0,"veto":0.0,"abstain":6.0,"no_vote":10.0,"count":56.0,"most_vote":"yes","most_vote_ratio":0.6428571429},{"id":142,"title":"ReLaunch Incentives after dYdX Unlimited upgrade with 20M over 6 Months administered by Chaos Labs","type":"Text","status":"PASSED","yes":30.0,"no":3.0,"veto":0.0,"abstain":8.0,"no_vote":13.0,"count":54.0,"most_vote":"yes","most_vote_ratio":0.5555555556},{"id":138,"title":"Add FOXYUSD perpetual market","type":"CreateMarket","status":"PASSED","yes":17.0,"no":4.0,"veto":0.0,"abstain":17.0,"no_vote":15.0,"count":53.0,"most_vote":"yes","most_vote_ratio":0.320754717},{"id":48,"title":"dYdX ShortTerm Boost Program STBP","type":"SendFromModuleToAccount","status":"REJECTED","yes":5.0,"no":32.0,"veto":0.0,"abstain":12.0,"no_vote":9.0,"count":58.0,"most_vote":"no","most_vote_ratio":0.5517241379},{"id":47,"title":"dYdX Community Staking with pSTAKE Finance Proposal","type":"Text","status":"REJECTED","yes":29.0,"no":9.0,"veto":0.0,"abstain":13.0,"no_vote":7.0,"count":58.0,"most_vote":"yes","most_vote_ratio":0.5},{"id":44,"title":"dYdX Community Staking Proposal","type":"Text","status":"PASSED","yes":43.0,"no":2.0,"veto":0.0,"abstain":9.0,"no_vote":5.0,"count":59.0,"most_vote":"yes","most_vote_ratio":0.7288135593},{"id":24,"title":"Add WOOUSD perpetual market","type":"CreateMarket","status":"PASSED","yes":40.0,"no":10.0,"veto":0.0,"abstain":2.0,"no_vote":6.0,"count":58.0,"most_vote":"yes","most_vote_ratio":0.6896551724},{"id":6,"title":"Fix the v2 emergency upgrade jailings","type":"Text","status":"REJECTED","yes":12.0,"no":19.0,"veto":0.0,"abstain":16.0,"no_vote":10.0,"count":57.0,"most_vote":"no","most_vote_ratio":0.3333333333}]