[{"id":956,"title":"Update the Hubs stATOMATOM POL position on Osmosis","type":"Text","status":"REJECTED","yes":7.0,"no":68.0,"veto":7.0,"abstain":22.0,"no_vote":23.0,"count":127.0,"most_vote":"no","most_vote_ratio":0.5354330709},{"id":954,"title":"Permissionless ICS 3rd Party Audit","type":"CommunityPoolSpend","status":"PASSED","yes":69.0,"no":10.0,"veto":0.0,"abstain":31.0,"no_vote":20.0,"count":130.0,"most_vote":"yes","most_vote_ratio":0.5307692308},{"id":952,"title":"Declaration of No Confidence in the Interchain Foundation ICF Leadership A Call to Action","type":"Text","status":"PASSED","yes":30.0,"no":20.0,"veto":9.0,"abstain":51.0,"no_vote":19.0,"count":129.0,"most_vote":"abstain","most_vote_ratio":0.3953488372},{"id":946,"title":"Lend ATOM on Mars v2 on Neutron","type":"CommunityPoolSpend","status":"PASSED","yes":41.0,"no":33.0,"veto":0.0,"abstain":34.0,"no_vote":22.0,"count":130.0,"most_vote":"yes","most_vote_ratio":0.3153846154},{"id":930,"title":"Signaling Proposal  ICS with Inactive Hub Validators","type":"Text","status":"PASSED","yes":84.0,"no":12.0,"veto":0.0,"abstain":12.0,"no_vote":20.0,"count":128.0,"most_vote":"yes","most_vote_ratio":0.65625},{"id":922,"title":"AADAO Oversight Election Vote for Clyde Carver","type":"Text","status":"PASSED","yes":31.0,"no":5.0,"veto":1.0,"abstain":76.0,"no_vote":17.0,"count":130.0,"most_vote":"abstain","most_vote_ratio":0.5846153846},{"id":920,"title":"AADAO Oversight Election Vote for Grace Cosmos Nanny","type":"Text","status":"PASSED","yes":45.0,"no":7.0,"veto":1.0,"abstain":60.0,"no_vote":18.0,"count":131.0,"most_vote":"abstain","most_vote_ratio":0.4580152672},{"id":917,"title":"CORRECTED DoraHacks AEZ Quadratic Funding Program","type":"CommunityPoolSpend","status":"PASSED","yes":85.0,"no":1.0,"veto":0.0,"abstain":23.0,"no_vote":21.0,"count":130.0,"most_vote":"yes","most_vote_ratio":0.6538461538},{"id":916,"title":"DoraHacks AEZ Quadratic Funding Program","type":"Text","status":"REJECTED","yes":26.0,"no":57.0,"veto":0.0,"abstain":23.0,"no_vote":23.0,"count":129.0,"most_vote":"no","most_vote_ratio":0.4418604651},{"id":912,"title":"DCF  Agoric Community Spend Proposal","type":"CommunityPoolSpend","status":"PASSED","yes":81.0,"no":11.0,"veto":0.0,"abstain":23.0,"no_vote":19.0,"count":134.0,"most_vote":"yes","most_vote_ratio":0.6044776119},{"id":899,"title":"DCF   Agoric Cosmos Hub Proposal","type":"Text","status":"PASSED","yes":73.0,"no":12.0,"veto":1.0,"abstain":25.0,"no_vote":22.0,"count":133.0,"most_vote":"yes","most_vote_ratio":0.5488721805},{"id":895,"title":"Signaling Proposal Permissioned CosmWasm","type":"Text","status":"PASSED","yes":55.0,"no":27.0,"veto":0.0,"abstain":41.0,"no_vote":15.0,"count":138.0,"most_vote":"yes","most_vote_ratio":0.3985507246},{"id":868,"title":"Decrease InflationMin parameter to 0","type":"ParameterChange","status":"REJECTED","yes":46.0,"no":72.0,"veto":0.0,"abstain":23.0,"no_vote":10.0,"count":151.0,"most_vote":"no","most_vote_ratio":0.4768211921},{"id":867,"title":"Validator incentivization","type":"CommunityPoolSpend","status":"PASSED","yes":129.0,"no":0.0,"veto":0.0,"abstain":11.0,"no_vote":10.0,"count":150.0,"most_vote":"yes","most_vote_ratio":0.86},{"id":865,"title":"Funding ATOM Accelerator DAO AADAO renewal proposal","type":"CommunityPoolSpend","status":"PASSED","yes":106.0,"no":5.0,"veto":1.0,"abstain":22.0,"no_vote":11.0,"count":145.0,"most_vote":"yes","most_vote_ratio":0.7310344828},{"id":862,"title":"Cosmos Hub IBC relayer gas cost restitution using FeeGrants","type":"CommunityPoolSpend","status":"PASSED","yes":128.0,"no":0.0,"veto":0.0,"abstain":7.0,"no_vote":11.0,"count":146.0,"most_vote":"yes","most_vote_ratio":0.8767123288},{"id":861,"title":"Increase Active Set of Validators from 180 to 190","type":"ParameterChange","status":"REJECTED","yes":31.0,"no":76.0,"veto":0.0,"abstain":34.0,"no_vote":9.0,"count":150.0,"most_vote":"no","most_vote_ratio":0.5066666667},{"id":858,"title":"Allocate 900k ATOM as Cosmos Hub Protocol Owned Liquidity in the Osmosis stATOMATOM pool","type":"CommunityPoolSpend","status":"PASSED","yes":103.0,"no":14.0,"veto":0.0,"abstain":20.0,"no_vote":10.0,"count":147.0,"most_vote":"yes","most_vote_ratio":0.7006802721},{"id":856,"title":"Funding the first inscription COSS on Cosmos","type":"CommunityPoolSpend","status":"REJECTED","yes":2.0,"no":116.0,"veto":14.0,"abstain":6.0,"no_vote":10.0,"count":148.0,"most_vote":"no","most_vote_ratio":0.7837837838},{"id":853,"title":"Allocate 600k ATOM for liquid staking growth to pSTAKE","type":"CommunityPoolSpend","status":"PASSED","yes":64.0,"no":35.0,"veto":0.0,"abstain":42.0,"no_vote":9.0,"count":150.0,"most_vote":"yes","most_vote_ratio":0.4266666667},{"id":851,"title":"Resolution of Proposal 72 Funding Distribution","type":"CommunityPoolSpend","status":"PASSED","yes":117.0,"no":2.0,"veto":0.0,"abstain":27.0,"no_vote":7.0,"count":153.0,"most_vote":"yes","most_vote_ratio":0.7647058824},{"id":848,"title":"ATOM Halving Set the max Inflation Rate to 10","type":"ParameterChange","status":"PASSED","yes":92.0,"no":41.0,"veto":2.0,"abstain":23.0,"no_vote":2.0,"count":160.0,"most_vote":"yes","most_vote_ratio":0.575},{"id":839,"title":"Fund 2024 Hub development by Informal Systems and Hypha Worker Coop","type":"CommunityPoolSpend","status":"PASSED","yes":64.0,"no":32.0,"veto":4.0,"abstain":40.0,"no_vote":9.0,"count":149.0,"most_vote":"yes","most_vote_ratio":0.4295302013},{"id":836,"title":"Vitwits Funding Proposal Support Resolute","type":"CommunityPoolSpend","status":"REJECTED","yes":42.0,"no":52.0,"veto":2.0,"abstain":37.0,"no_vote":13.0,"count":146.0,"most_vote":"no","most_vote_ratio":0.3561643836},{"id":827,"title":"Reduce Maximum Block Size","type":"ParameterChange","status":"REJECTED","yes":38.0,"no":70.0,"veto":0.0,"abstain":28.0,"no_vote":10.0,"count":146.0,"most_vote":"no","most_vote_ratio":0.4794520548},{"id":826,"title":"Set Minimum Commission to 5","type":"Text","status":"PASSED","yes":107.0,"no":15.0,"veto":0.0,"abstain":17.0,"no_vote":9.0,"count":148.0,"most_vote":"yes","most_vote_ratio":0.722972973},{"id":818,"title":"Punish Equivocation on Neutron by Pupmos and Citizen Cosmos","type":"Equivocation","status":"REJECTED","yes":33.0,"no":85.0,"veto":5.0,"abstain":16.0,"no_vote":10.0,"count":149.0,"most_vote":"no","most_vote_ratio":0.5704697987},{"id":814,"title":"Funding Proposal Supporting Public Goods  Ping Dashboard","type":"CommunityPoolSpend","status":"PASSED","yes":125.0,"no":0.0,"veto":1.0,"abstain":12.0,"no_vote":10.0,"count":148.0,"most_vote":"yes","most_vote_ratio":0.8445945946},{"id":811,"title":"Enable permissioned WASM applications on the Cosmos Hub","type":"Text","status":"REJECTED","yes":25.0,"no":96.0,"veto":11.0,"abstain":8.0,"no_vote":9.0,"count":149.0,"most_vote":"no","most_vote_ratio":0.644295302},{"id":800,"title":"Provide 450K ATOM to Strides stATOM liquidity pool","type":"CommunityPoolSpend","status":"PASSED","yes":106.0,"no":3.0,"veto":0.0,"abstain":16.0,"no_vote":14.0,"count":139.0,"most_vote":"yes","most_vote_ratio":0.7625899281},{"id":796,"title":"Nullify proposal 75","type":"Text","status":"REJECTED","yes":37.0,"no":28.0,"veto":0.0,"abstain":44.0,"no_vote":22.0,"count":131.0,"most_vote":"abstain","most_vote_ratio":0.3358778626},{"id":793,"title":"Request to Drop the Lawsuit All in Bits Inc vs Grace Yu","type":"Text","status":"PASSED","yes":71.0,"no":3.0,"veto":9.0,"abstain":41.0,"no_vote":15.0,"count":139.0,"most_vote":"yes","most_vote_ratio":0.5107913669},{"id":791,"title":"Legal Defense Fund Proposal","type":"CommunityPoolSpend","status":"REJECTED","yes":15.0,"no":66.0,"veto":20.0,"abstain":25.0,"no_vote":14.0,"count":140.0,"most_vote":"no","most_vote_ratio":0.4714285714},{"id":787,"title":"Formally request full financial transparency from the Interchain Foundation","type":"Text","status":"PASSED","yes":52.0,"no":7.0,"veto":0.0,"abstain":61.0,"no_vote":17.0,"count":137.0,"most_vote":"abstain","most_vote_ratio":0.4452554745},{"id":717,"title":"Make Cosmos Hub the Sponsor of Game of NFTs Phase 2 Hackathon","type":"CommunityPoolSpend","status":"PASSED","yes":104.0,"no":6.0,"veto":0.0,"abstain":16.0,"no_vote":14.0,"count":140.0,"most_vote":"yes","most_vote_ratio":0.7428571429},{"id":687,"title":"Replicated Security Third Party Audit","type":"CommunityPoolSpend","status":"PASSED","yes":120.0,"no":1.0,"veto":0.0,"abstain":3.0,"no_vote":14.0,"count":138.0,"most_vote":"yes","most_vote_ratio":0.8695652174},{"id":202,"title":"Interchain Info Funding","type":"CommunityPoolSpend","status":"PASSED","yes":60.0,"no":26.0,"veto":0.0,"abstain":33.0,"no_vote":15.0,"count":134.0,"most_vote":"yes","most_vote_ratio":0.447761194},{"id":155,"title":"Spacebox  Tool for chain Indexation and Storage in the Cosmos Hub","type":"CommunityPoolSpend","status":"PASSED","yes":33.0,"no":34.0,"veto":0.0,"abstain":47.0,"no_vote":17.0,"count":131.0,"most_vote":"abstain","most_vote_ratio":0.358778626},{"id":104,"title":"Fund notional to work on the Cosmos Hub","type":"CommunityPoolSpend","status":"PASSED","yes":67.0,"no":22.0,"veto":0.0,"abstain":35.0,"no_vote":14.0,"count":138.0,"most_vote":"yes","most_vote_ratio":0.4855072464},{"id":103,"title":"Confio Public Goods Funding  Tranche One","type":"CommunityPoolSpend","status":"PASSED","yes":118.0,"no":4.0,"veto":0.0,"abstain":6.0,"no_vote":12.0,"count":140.0,"most_vote":"yes","most_vote_ratio":0.8428571429},{"id":101,"title":"Aid Proposal for Earthquake Survivors in Trkiye","type":"CommunityPoolSpend","status":"PASSED","yes":29.0,"no":37.0,"veto":0.0,"abstain":53.0,"no_vote":15.0,"count":134.0,"most_vote":"abstain","most_vote_ratio":0.3955223881},{"id":99,"title":"Censure allnodes for insecure VaaS practices","type":"Text","status":"PASSED","yes":35.0,"no":15.0,"veto":0.0,"abstain":62.0,"no_vote":17.0,"count":129.0,"most_vote":"abstain","most_vote_ratio":0.480620155},{"id":98,"title":"ATOM GROWTH DAO Growth  Developer Acquisition 2023","type":"CommunityPoolSpend","status":"REJECTED","yes":3.0,"no":93.0,"veto":0.0,"abstain":25.0,"no_vote":13.0,"count":134.0,"most_vote":"no","most_vote_ratio":0.6940298507},{"id":95,"title":"A Grant Program for the Cosmos Hub Funding the ATOM Accelerator DAO","type":"CommunityPoolSpend","status":"PASSED","yes":91.0,"no":18.0,"veto":0.0,"abstain":22.0,"no_vote":9.0,"count":140.0,"most_vote":"yes","most_vote_ratio":0.65},{"id":94,"title":"Fund Incentives for the Interchain NFTs Public Incentivized Testnets of Game of NFTs","type":"CommunityPoolSpend","status":"PASSED","yes":116.0,"no":3.0,"veto":0.0,"abstain":12.0,"no_vote":11.0,"count":142.0,"most_vote":"yes","most_vote_ratio":0.8169014085},{"id":93,"title":"Cosmos Hub Open Source Funding Policy","type":"Text","status":"PASSED","yes":90.0,"no":10.0,"veto":1.0,"abstain":19.0,"no_vote":15.0,"count":135.0,"most_vote":"yes","most_vote_ratio":0.6666666667},{"id":90,"title":"Community Health research analytics and benchmarking","type":"CommunityPoolSpend","status":"REJECTED","yes":17.0,"no":66.0,"veto":0.0,"abstain":27.0,"no_vote":18.0,"count":128.0,"most_vote":"no","most_vote_ratio":0.515625},{"id":89,"title":"Cosmos Ecosystem News Videos","type":"CommunityPoolSpend","status":"PASSED","yes":25.0,"no":58.0,"veto":0.0,"abstain":40.0,"no_vote":14.0,"count":137.0,"most_vote":"no","most_vote_ratio":0.4233576642},{"id":86,"title":"ATOM20 will split the community in half","type":"Text","status":"REJECTED","yes":5.0,"no":30.0,"veto":25.0,"abstain":46.0,"no_vote":18.0,"count":124.0,"most_vote":"abstain","most_vote_ratio":0.3709677419},{"id":83,"title":"Atom One Constitution sentiment proposal","type":"Text","status":"REJECTED","yes":7.0,"no":104.0,"veto":9.0,"abstain":29.0,"no_vote":6.0,"count":155.0,"most_vote":"no","most_vote_ratio":0.6709677419},{"id":82,"title":"ATOM 20 A new vision for Cosmos Hub","type":"Text","status":"REJECTED","yes":88.0,"no":12.0,"veto":46.0,"abstain":15.0,"no_vote":2.0,"count":163.0,"most_vote":"yes","most_vote_ratio":0.5398773006},{"id":81,"title":"Atom Zero Constitution","type":"Text","status":"REJECTED","yes":8.0,"no":104.0,"veto":16.0,"abstain":16.0,"no_vote":6.0,"count":150.0,"most_vote":"no","most_vote_ratio":0.6933333333},{"id":80,"title":"Risk and financial analysis of ATOM20","type":"Text","status":"REJECTED","yes":8.0,"no":79.0,"veto":12.0,"abstain":40.0,"no_vote":7.0,"count":146.0,"most_vote":"no","most_vote_ratio":0.5410958904},{"id":79,"title":"Adan nonprofit fighting for sound crypto regulation","type":"CommunityPoolSpend","status":"PASSED","yes":95.0,"no":18.0,"veto":0.0,"abstain":28.0,"no_vote":6.0,"count":147.0,"most_vote":"yes","most_vote_ratio":0.6462585034},{"id":78,"title":"Letter from many Cosmos maximalists to the hub","type":"Text","status":"REJECTED","yes":4.0,"no":50.0,"veto":18.0,"abstain":35.0,"no_vote":19.0,"count":126.0,"most_vote":"no","most_vote_ratio":0.3968253968},{"id":77,"title":"Fund incentives for the Interchain Security Incentivized testnet  Game of Chains  from the Community Pool","type":"CommunityPoolSpend","status":"PASSED","yes":119.0,"no":0.0,"veto":0.0,"abstain":1.0,"no_vote":16.0,"count":136.0,"most_vote":"yes","most_vote_ratio":0.875},{"id":76,"title":" Require a minimum 5 commission for all validator nodes","type":"Text","status":"REJECTED","yes":44.0,"no":45.0,"veto":0.0,"abstain":14.0,"no_vote":20.0,"count":123.0,"most_vote":"no","most_vote_ratio":0.3658536585},{"id":75,"title":"Establishing a definition of NoWithVeto","type":"Text","status":"PASSED","yes":45.0,"no":24.0,"veto":1.0,"abstain":33.0,"no_vote":22.0,"count":125.0,"most_vote":"yes","most_vote_ratio":0.36},{"id":74,"title":"Make the Cosmos Hub the main sponsor of HackATOM Seoul 2022","type":"CommunityPoolSpend","status":"PASSED","yes":96.0,"no":0.0,"veto":0.0,"abstain":5.0,"no_vote":22.0,"count":123.0,"most_vote":"yes","most_vote_ratio":0.7804878049},{"id":73,"title":"Gift to Cosmos stakeholders","type":"Text","status":"REJECTED","yes":1.0,"no":22.0,"veto":61.0,"abstain":13.0,"no_vote":24.0,"count":121.0,"most_vote":"veto","most_vote_ratio":0.5041322314},{"id":72,"title":"Bringing Liquid Staking and DeFi to the Cosmos Hub with Interchain Security","type":"CommunityPoolSpend","status":"PASSED","yes":80.0,"no":14.0,"veto":1.0,"abstain":13.0,"no_vote":19.0,"count":127.0,"most_vote":"yes","most_vote_ratio":0.6299212598},{"id":69,"title":"Include CosmWasm in Rho Upgrade","type":"Text","status":"REJECTED","yes":27.0,"no":62.0,"veto":8.0,"abstain":14.0,"no_vote":18.0,"count":129.0,"most_vote":"no","most_vote_ratio":0.480620155},{"id":68,"title":"Make Cosmos Hub the Lead Sponsor of Cosmoverse 2022","type":"CommunityPoolSpend","status":"PASSED","yes":90.0,"no":0.0,"veto":0.0,"abstain":12.0,"no_vote":22.0,"count":124.0,"most_vote":"yes","most_vote_ratio":0.7258064516},{"id":63,"title":"Activate governance discussions on the Discourse forum using community pool funds","type":"CommunityPoolSpend","status":"PASSED","yes":57.0,"no":4.0,"veto":0.0,"abstain":27.0,"no_vote":24.0,"count":112.0,"most_vote":"yes","most_vote_ratio":0.5089285714},{"id":60,"title":"Use EVM instead of EVMOS as the symbol for Evmos native coin","type":"Text","status":"REJECTED","yes":24.0,"no":4.0,"veto":0.0,"abstain":28.0,"no_vote":40.0,"count":96.0,"most_vote":"no_vote","most_vote_ratio":0.4166666667},{"id":52,"title":"ATOM  Osmosis  Allocate Community Pool to ATOM Liquidity Incentives","type":"CommunityPoolSpend","status":"REJECTED","yes":15.0,"no":18.0,"veto":0.0,"abstain":4.0,"no_vote":50.0,"count":87.0,"most_vote":"no_vote","most_vote_ratio":0.5747126437},{"id":45,"title":"Community Fund Governance Proposal For Gravity DEX Incentivized Testnet Prize Pool","type":"CommunityPoolSpend","status":"PASSED","yes":44.0,"no":0.0,"veto":0.0,"abstain":0.0,"no_vote":47.0,"count":91.0,"most_vote":"no_vote","most_vote_ratio":0.5164835165},{"id":44,"title":"Advancing Ethermint GTM and Engineering Plan for the Ethermint Chain","type":"CommunityPoolSpend","status":"PASSED","yes":43.0,"no":2.0,"veto":0.0,"abstain":1.0,"no_vote":44.0,"count":90.0,"most_vote":"no_vote","most_vote_ratio":0.4888888889},{"id":42,"title":"ZKValidator Community Spend Proposal","type":"CommunityPoolSpend","status":"PASSED","yes":33.0,"no":8.0,"veto":0.0,"abstain":2.0,"no_vote":45.0,"count":88.0,"most_vote":"no_vote","most_vote_ratio":0.5113636364}]