[{"id":850,"title":"Whitelist Ark Protocol Developer Wallets for InterChain NFT Contracts","type":"ParameterChange","status":"PASSED","yes":36.0,"no":2.0,"veto":0.0,"abstain":39.0,"no_vote":40.0,"count":117.0,"most_vote":"no_vote","most_vote_ratio":0.3418803419},{"id":841,"title":"Osmosis Representation at Crypto Summit del Caribe II","type":"CommunityPoolSpend","status":"PASSED","yes":27.0,"no":21.0,"veto":0.0,"abstain":37.0,"no_vote":33.0,"count":118.0,"most_vote":"abstain","most_vote_ratio":0.313559322},{"id":834,"title":"Update Incentives in line with inflation reduction","type":"UpdatePoolIncentives","status":"REJECTED","yes":17.0,"no":51.0,"veto":1.0,"abstain":24.0,"no_vote":26.0,"count":119.0,"most_vote":"no","most_vote_ratio":0.4285714286},{"id":833,"title":"Osmosis Inflation Reduction proposal","type":"ParameterChange","status":"REJECTED","yes":17.0,"no":49.0,"veto":1.0,"abstain":26.0,"no_vote":26.0,"count":119.0,"most_vote":"no","most_vote_ratio":0.4117647059},{"id":812,"title":"Claw Back SAIL DAO Funding","type":"unknown","status":"PASSED","yes":57.0,"no":10.0,"veto":2.0,"abstain":27.0,"no_vote":26.0,"count":122.0,"most_vote":"yes","most_vote_ratio":0.4672131148},{"id":801,"title":"Whitelist OBridge Deployments Address to Upload Contract","type":"ParameterChange","status":"PASSED","yes":68.0,"no":5.0,"veto":0.0,"abstain":13.0,"no_vote":32.0,"count":118.0,"most_vote":"yes","most_vote_ratio":0.5762711864},{"id":798,"title":"Deployment of stOSMO liquidity from stableswap into Locust vault","type":"CommunityPoolSpend","status":"PASSED","yes":45.0,"no":1.0,"veto":0.0,"abstain":38.0,"no_vote":34.0,"count":118.0,"most_vote":"yes","most_vote_ratio":0.3813559322},{"id":789,"title":"Whitelist Lion DAO Deployment Address to Upload Contracts","type":"ParameterChange","status":"PASSED","yes":61.0,"no":9.0,"veto":0.0,"abstain":19.0,"no_vote":30.0,"count":119.0,"most_vote":"yes","most_vote_ratio":0.512605042},{"id":788,"title":"Whitelist Gelotto Address for PampIT  Games","type":"ParameterChange","status":"PASSED","yes":63.0,"no":6.0,"veto":0.0,"abstain":13.0,"no_vote":36.0,"count":118.0,"most_vote":"yes","most_vote_ratio":0.5338983051},{"id":786,"title":"Matching incentives for Frax assets on Osmosis with Picasso","type":"CommunityPoolSpend","status":"PASSED","yes":25.0,"no":13.0,"veto":0.0,"abstain":53.0,"no_vote":29.0,"count":120.0,"most_vote":"abstain","most_vote_ratio":0.4416666667},{"id":785,"title":"Whitelist Address for Mad Pots Game Deployment","type":"ParameterChange","status":"PASSED","yes":54.0,"no":2.0,"veto":0.0,"abstain":38.0,"no_vote":26.0,"count":120.0,"most_vote":"yes","most_vote_ratio":0.45},{"id":784,"title":"Review Downtime Jailing Parameters","type":"ParameterChange","status":"PASSED","yes":60.0,"no":11.0,"veto":0.0,"abstain":17.0,"no_vote":31.0,"count":119.0,"most_vote":"yes","most_vote_ratio":0.5042016807},{"id":780,"title":"Implement CopyStaking for Strides Osmosis Delegations","type":"unknown","status":"PASSED","yes":59.0,"no":7.0,"veto":0.0,"abstain":17.0,"no_vote":35.0,"count":118.0,"most_vote":"yes","most_vote_ratio":0.5},{"id":772,"title":"Demand return of IonDAO funding","type":"unknown","status":"PASSED","yes":48.0,"no":0.0,"veto":0.0,"abstain":40.0,"no_vote":31.0,"count":119.0,"most_vote":"yes","most_vote_ratio":0.4033613445},{"id":771,"title":"Reevaluation of Liquid Staked OSMO held by the Community Pool stkOSMO Liquidity","type":"Text","status":"PASSED","yes":62.0,"no":5.0,"veto":0.0,"abstain":28.0,"no_vote":26.0,"count":121.0,"most_vote":"yes","most_vote_ratio":0.5123966942},{"id":770,"title":"Reevaluation of Liquid Staked OSMO held by the Community Pool qOSMO Liquidity","type":"Text","status":"PASSED","yes":58.0,"no":5.0,"veto":0.0,"abstain":33.0,"no_vote":26.0,"count":122.0,"most_vote":"yes","most_vote_ratio":0.4754098361},{"id":769,"title":"Reevaluation of Liquid Staked OSMO held by the Community Pool stOSMO concentration","type":"CommunityPoolSpend","status":"PASSED","yes":67.0,"no":2.0,"veto":0.0,"abstain":28.0,"no_vote":26.0,"count":123.0,"most_vote":"yes","most_vote_ratio":0.5447154472},{"id":767,"title":"Reduce Pool Creation Fee to 20 USDC","type":"ParameterChange","status":"PASSED","yes":75.0,"no":7.0,"veto":1.0,"abstain":15.0,"no_vote":26.0,"count":124.0,"most_vote":"yes","most_vote_ratio":0.6048387097},{"id":764,"title":"proposal 0","type":"SoftwareUpgrade","status":"REJECTED","yes":2.0,"no":38.0,"veto":50.0,"abstain":2.0,"no_vote":28.0,"count":120.0,"most_vote":"veto","most_vote_ratio":0.4166666667},{"id":755,"title":"Add authz as ICA host allowed message","type":"ParameterChange","status":"PASSED","yes":73.0,"no":5.0,"veto":0.0,"abstain":15.0,"no_vote":28.0,"count":121.0,"most_vote":"yes","most_vote_ratio":0.6033057851},{"id":742,"title":"Fix whitewhaleosmosis cosmwasm pool interface","type":"ParameterChange","status":"PASSED","yes":66.0,"no":15.0,"veto":0.0,"abstain":13.0,"no_vote":26.0,"count":120.0,"most_vote":"yes","most_vote_ratio":0.55},{"id":741,"title":"Whitelist Address for Banana Vaults Deployment","type":"ParameterChange","status":"PASSED","yes":60.0,"no":13.0,"veto":0.0,"abstain":22.0,"no_vote":25.0,"count":120.0,"most_vote":"yes","most_vote_ratio":0.5},{"id":712,"title":"Allocate 7m OSMO to the OGP Multisig to Fund Market Making Operations for 12 Months","type":"CommunityPoolSpend","status":"PASSED","yes":51.0,"no":18.0,"veto":0.0,"abstain":28.0,"no_vote":24.0,"count":121.0,"most_vote":"yes","most_vote_ratio":0.4214876033},{"id":707,"title":"Allocate 7m OSMO to the OGP Multisig to Fund Market Making Operations for 12 Months","type":"CommunityPoolSpend","status":"FAILED","yes":19.0,"no":20.0,"veto":1.0,"abstain":36.0,"no_vote":40.0,"count":116.0,"most_vote":"no_vote","most_vote_ratio":0.3448275862},{"id":706,"title":"Osmosis Grants Program v3 Renewal","type":"CommunityPoolSpend","status":"FAILED","yes":43.0,"no":4.0,"veto":0.0,"abstain":30.0,"no_vote":41.0,"count":118.0,"most_vote":"yes","most_vote_ratio":0.3644067797},{"id":702,"title":"Sail DAO","type":"CommunityPoolSpend","status":"FAILED","yes":70.0,"no":1.0,"veto":0.0,"abstain":20.0,"no_vote":27.0,"count":118.0,"most_vote":"yes","most_vote_ratio":0.593220339},{"id":700,"title":"Neutron  Osmosis Alignment","type":"CommunityPoolSpend","status":"PASSED","yes":32.0,"no":14.0,"veto":0.0,"abstain":30.0,"no_vote":40.0,"count":116.0,"most_vote":"no_vote","most_vote_ratio":0.3448275862},{"id":694,"title":"Sail with the Whale","type":"CommunityPoolSpend","status":"REJECTED","yes":45.0,"no":36.0,"veto":0.0,"abstain":30.0,"no_vote":19.0,"count":130.0,"most_vote":"yes","most_vote_ratio":0.3461538462},{"id":688,"title":"Signaling Proposal Verify TORI Token as a Verified Asset on Osmosis","type":"Text","status":"PASSED","yes":65.0,"no":11.0,"veto":0.0,"abstain":18.0,"no_vote":26.0,"count":120.0,"most_vote":"yes","most_vote_ratio":0.5416666667},{"id":666,"title":"Margined Protocol Whitelisted Address for Deployment of Power Perpetuals Contracts","type":"ParameterChange","status":"PASSED","yes":63.0,"no":0.0,"veto":0.0,"abstain":27.0,"no_vote":29.0,"count":119.0,"most_vote":"yes","most_vote_ratio":0.5294117647},{"id":655,"title":"Deposit 350K OSMO to the Levana Osmo Liquidity Pool","type":"CommunityPoolSpend","status":"PASSED","yes":42.0,"no":10.0,"veto":0.0,"abstain":47.0,"no_vote":23.0,"count":122.0,"most_vote":"abstain","most_vote_ratio":0.3852459016},{"id":652,"title":"Update medasdigital1 07tendermint2372 client","type":"ClientUpdate","status":"PASSED","yes":64.0,"no":0.0,"veto":1.0,"abstain":32.0,"no_vote":23.0,"count":120.0,"most_vote":"yes","most_vote_ratio":0.5333333333},{"id":650,"title":"Deploy 2M OSMO to an ampOSMO Supercharged Pool","type":"CommunityPoolSpend","status":"REJECTED","yes":9.0,"no":43.0,"veto":0.0,"abstain":44.0,"no_vote":24.0,"count":120.0,"most_vote":"abstain","most_vote_ratio":0.3666666667},{"id":645,"title":"Reduce Maximum Block Size","type":"ParameterChange","status":"REJECTED","yes":56.0,"no":29.0,"veto":0.0,"abstain":16.0,"no_vote":20.0,"count":121.0,"most_vote":"yes","most_vote_ratio":0.4628099174},{"id":641,"title":"Deploy 20M OSMO to the stOSMO Pool","type":"CommunityPoolSpend","status":"PASSED","yes":55.0,"no":26.0,"veto":0.0,"abstain":15.0,"no_vote":24.0,"count":120.0,"most_vote":"yes","most_vote_ratio":0.4583333333},{"id":640,"title":"Allow Genie contracts to be uploaded","type":"ParameterChange","status":"PASSED","yes":47.0,"no":12.0,"veto":2.0,"abstain":32.0,"no_vote":26.0,"count":119.0,"most_vote":"yes","most_vote_ratio":0.3949579832},{"id":639,"title":"Mutual token swap between Osmosis and MantaDAO","type":"CommunityPoolSpend","status":"PASSED","yes":29.0,"no":12.0,"veto":0.0,"abstain":54.0,"no_vote":25.0,"count":120.0,"most_vote":"abstain","most_vote_ratio":0.45},{"id":638,"title":"Remove Incentives from NonStrategic Pools","type":"Text","status":"PASSED","yes":75.0,"no":12.0,"veto":1.0,"abstain":15.0,"no_vote":22.0,"count":125.0,"most_vote":"yes","most_vote_ratio":0.6},{"id":635,"title":"Signaling proposal to match external XPLA incentives to XPLAOSMO pool 1173 on Osmosis AMM","type":"Text","status":"REJECTED","yes":14.0,"no":55.0,"veto":1.0,"abstain":31.0,"no_vote":23.0,"count":124.0,"most_vote":"no","most_vote_ratio":0.4435483871},{"id":620,"title":"Upload Alpine Pay Core contract","type":"StoreCode","status":"REJECTED","yes":6.0,"no":40.0,"veto":2.0,"abstain":37.0,"no_vote":33.0,"count":118.0,"most_vote":"no","most_vote_ratio":0.3389830508},{"id":610,"title":"Expedited Repair migration for already approved CL pools","type":"unknown","status":"PASSED","yes":44.0,"no":47.0,"veto":0.0,"abstain":11.0,"no_vote":24.0,"count":126.0,"most_vote":"no","most_vote_ratio":0.373015873},{"id":605,"title":"Signaling Proposal Remove Unverified Status from Gelotto GLTO Token","type":"Text","status":"PASSED","yes":41.0,"no":13.0,"veto":0.0,"abstain":41.0,"no_vote":27.0,"count":122.0,"most_vote":"yes","most_vote_ratio":0.3360655738},{"id":593,"title":"Community Spend Match Kava Rise Rewards for three months","type":"CommunityPoolSpend","status":"PASSED","yes":65.0,"no":6.0,"veto":0.0,"abstain":21.0,"no_vote":28.0,"count":120.0,"most_vote":"yes","most_vote_ratio":0.5416666667},{"id":577,"title":"Signaling Proposal for WHALEOSMO External Incentive Match Extension","type":"Text","status":"REJECTED","yes":4.0,"no":58.0,"veto":0.0,"abstain":24.0,"no_vote":32.0,"count":118.0,"most_vote":"no","most_vote_ratio":0.4915254237},{"id":576,"title":"Add NOMOSMO 882 to External Incentive Matching program","type":"Text","status":"PASSED","yes":19.0,"no":37.0,"veto":0.0,"abstain":35.0,"no_vote":27.0,"count":118.0,"most_vote":"no","most_vote_ratio":0.313559322},{"id":572,"title":"Signaling Proposal Matching External QSR incentives to QSROSMO pool 1060 on Osmosis AMM","type":"Text","status":"PASSED","yes":71.0,"no":4.0,"veto":0.0,"abstain":16.0,"no_vote":28.0,"count":119.0,"most_vote":"yes","most_vote_ratio":0.5966386555},{"id":569,"title":"Signaling Proposal for WHALEOSMO into Regular Incentive Program on Osmosis","type":"Text","status":"REJECTED","yes":19.0,"no":40.0,"veto":0.0,"abstain":31.0,"no_vote":30.0,"count":120.0,"most_vote":"no","most_vote_ratio":0.3333333333},{"id":568,"title":"Create Supercharged Pools for CRO MATIC and BNB","type":"unknown","status":"REJECTED","yes":26.0,"no":45.0,"veto":0.0,"abstain":14.0,"no_vote":33.0,"count":118.0,"most_vote":"no","most_vote_ratio":0.3813559322},{"id":567,"title":"Disposition of ProtoRev Collected Revenues","type":"Text","status":"REJECTED","yes":24.0,"no":31.0,"veto":0.0,"abstain":32.0,"no_vote":31.0,"count":118.0,"most_vote":"abstain","most_vote_ratio":0.2711864407},{"id":564,"title":"Add PICAOSMO to External Incentive Matching Program","type":"Text","status":"PASSED","yes":36.0,"no":6.0,"veto":0.0,"abstain":48.0,"no_vote":29.0,"count":119.0,"most_vote":"abstain","most_vote_ratio":0.4033613445},{"id":561,"title":"Signalling proposal for adding LOREOSMO to External Incentive Matching program","type":"Text","status":"PASSED","yes":63.0,"no":3.0,"veto":0.0,"abstain":28.0,"no_vote":27.0,"count":121.0,"most_vote":"yes","most_vote_ratio":0.520661157},{"id":553,"title":"Launching ERIS Protocol on Osmosis","type":"ParameterChange","status":"PASSED","yes":67.0,"no":1.0,"veto":0.0,"abstain":21.0,"no_vote":30.0,"count":119.0,"most_vote":"yes","most_vote_ratio":0.5630252101},{"id":548,"title":"Allow Levana Contracts upload","type":"ParameterChange","status":"PASSED","yes":48.0,"no":11.0,"veto":0.0,"abstain":20.0,"no_vote":37.0,"count":116.0,"most_vote":"yes","most_vote_ratio":0.4137931034},{"id":544,"title":"Community Enabled Analytics Program Renewal July 2023  June 2024","type":"CommunityPoolSpend","status":"REJECTED","yes":4.0,"no":50.0,"veto":0.0,"abstain":31.0,"no_vote":33.0,"count":118.0,"most_vote":"no","most_vote_ratio":0.4237288136},{"id":530,"title":"Introduce a Protocol Taker Fee for Osmosis swaps","type":"Text","status":"PASSED","yes":64.0,"no":17.0,"veto":0.0,"abstain":13.0,"no_vote":26.0,"count":120.0,"most_vote":"yes","most_vote_ratio":0.5333333333},{"id":528,"title":"Decide Whats Shown on the Main Osmosis Website","type":"Text","status":"REJECTED","yes":10.0,"no":46.0,"veto":0.0,"abstain":36.0,"no_vote":27.0,"count":119.0,"most_vote":"no","most_vote_ratio":0.3865546218},{"id":527,"title":"Upload Suitdrop Redeem Contract","type":"StoreCode","status":"PASSED","yes":53.0,"no":2.0,"veto":0.0,"abstain":26.0,"no_vote":36.0,"count":117.0,"most_vote":"yes","most_vote_ratio":0.452991453},{"id":526,"title":"Allow Squid contracts to be uploaded","type":"ParameterChange","status":"PASSED","yes":57.0,"no":1.0,"veto":0.0,"abstain":14.0,"no_vote":42.0,"count":114.0,"most_vote":"yes","most_vote_ratio":0.5},{"id":523,"title":"Signaling Proposal for WHALEOSMO External Incentive Match Extension ","type":"Text","status":"PASSED","yes":31.0,"no":15.0,"veto":0.0,"abstain":39.0,"no_vote":33.0,"count":118.0,"most_vote":"abstain","most_vote_ratio":0.3305084746},{"id":520,"title":"Upload Alpine Pay Core Contract","type":"Text","status":"REJECTED","yes":9.0,"no":40.0,"veto":1.0,"abstain":43.0,"no_vote":26.0,"count":119.0,"most_vote":"abstain","most_vote_ratio":0.3613445378},{"id":519,"title":"Alternative Signalling Proposal for use of ProtoRev Funds","type":"Text","status":"REJECTED","yes":15.0,"no":43.0,"veto":1.0,"abstain":31.0,"no_vote":29.0,"count":119.0,"most_vote":"no","most_vote_ratio":0.3613445378},{"id":518,"title":"Match External Incentives for qOSMOOSMO pool 956","type":"Text","status":"PASSED","yes":71.0,"no":4.0,"veto":0.0,"abstain":20.0,"no_vote":25.0,"count":120.0,"most_vote":"yes","most_vote_ratio":0.5916666667},{"id":516,"title":"Signaling Proposal for use of ProtoRev Funds","type":"Text","status":"REJECTED","yes":7.0,"no":67.0,"veto":0.0,"abstain":16.0,"no_vote":29.0,"count":119.0,"most_vote":"no","most_vote_ratio":0.5630252101},{"id":512,"title":"Suitdrop Commonwealth Proposal","type":"StoreCode","status":"PASSED","yes":55.0,"no":4.0,"veto":0.0,"abstain":26.0,"no_vote":33.0,"count":118.0,"most_vote":"yes","most_vote_ratio":0.4661016949},{"id":505,"title":"ARB Bootstrapping liquidity incentives","type":"UpdatePoolIncentives","status":"PASSED","yes":64.0,"no":1.0,"veto":0.0,"abstain":18.0,"no_vote":35.0,"count":118.0,"most_vote":"yes","most_vote_ratio":0.5423728814},{"id":500,"title":"ShapeShift Bounty Completion","type":"CommunityPoolSpend","status":"PASSED","yes":58.0,"no":6.0,"veto":0.0,"abstain":25.0,"no_vote":29.0,"count":118.0,"most_vote":"yes","most_vote_ratio":0.4915254237},{"id":498,"title":"Signalling Proposal for OSMOFIL incentivised pool","type":"Text","status":"PASSED","yes":52.0,"no":1.0,"veto":0.0,"abstain":32.0,"no_vote":33.0,"count":118.0,"most_vote":"yes","most_vote_ratio":0.4406779661},{"id":497,"title":"Signalling Proposal for LIKEOSMO External Incentive Match Renewal","type":"Text","status":"REJECTED","yes":17.0,"no":24.0,"veto":0.0,"abstain":40.0,"no_vote":36.0,"count":117.0,"most_vote":"abstain","most_vote_ratio":0.3418803419},{"id":492,"title":"Signalling Proposal for JKLOSMO Incentivized Liquidity Pool ","type":"Text","status":"PASSED","yes":32.0,"no":21.0,"veto":0.0,"abstain":39.0,"no_vote":28.0,"count":120.0,"most_vote":"abstain","most_vote_ratio":0.325},{"id":482,"title":"Signalling Proposal for OSMONCT incentives","type":"Text","status":"PASSED","yes":54.0,"no":0.0,"veto":0.0,"abstain":26.0,"no_vote":37.0,"count":117.0,"most_vote":"yes","most_vote_ratio":0.4615384615},{"id":480,"title":"Signaling Proposal for WHALEOSMO External Incentive Match","type":"Text","status":"PASSED","yes":62.0,"no":3.0,"veto":0.0,"abstain":25.0,"no_vote":29.0,"count":119.0,"most_vote":"yes","most_vote_ratio":0.5210084034},{"id":475,"title":"Upload Autonomy Network LimitsStops Wrapper Contract","type":"StoreCode","status":"PASSED","yes":53.0,"no":0.0,"veto":2.0,"abstain":27.0,"no_vote":36.0,"count":118.0,"most_vote":"yes","most_vote_ratio":0.4491525424},{"id":474,"title":"Upload Autonomy Network Registry Stake Contract V2","type":"StoreCode","status":"PASSED","yes":50.0,"no":0.0,"veto":2.0,"abstain":28.0,"no_vote":38.0,"count":118.0,"most_vote":"yes","most_vote_ratio":0.4237288136},{"id":473,"title":"Allow Kado Router Contracts to be Uploaded","type":"ParameterChange","status":"PASSED","yes":58.0,"no":1.0,"veto":0.0,"abstain":30.0,"no_vote":30.0,"count":119.0,"most_vote":"yes","most_vote_ratio":0.487394958},{"id":464,"title":"Match External Incentives to extended STARSOSMO pair","type":"Text","status":"PASSED","yes":63.0,"no":7.0,"veto":0.0,"abstain":33.0,"no_vote":21.0,"count":124.0,"most_vote":"yes","most_vote_ratio":0.5080645161},{"id":461,"title":"Osmosis Support Lab Funding Round March  August 2023","type":"CommunityPoolSpend","status":"PASSED","yes":69.0,"no":4.0,"veto":0.0,"abstain":16.0,"no_vote":30.0,"count":119.0,"most_vote":"yes","most_vote_ratio":0.5798319328},{"id":457,"title":"Signalling Proposal for OSMOCMST incentives","type":"Text","status":"PASSED","yes":42.0,"no":3.0,"veto":0.0,"abstain":44.0,"no_vote":29.0,"count":118.0,"most_vote":"abstain","most_vote_ratio":0.3728813559},{"id":451,"title":"Whitelist Apollo Vaults for stATOMATOM","type":"ParameterChange","status":"PASSED","yes":65.0,"no":0.0,"veto":1.0,"abstain":25.0,"no_vote":28.0,"count":119.0,"most_vote":"yes","most_vote_ratio":0.5462184874},{"id":449,"title":"Reevaluation of NGMOSMO Incentives","type":"Text","status":"PASSED","yes":60.0,"no":1.0,"veto":0.0,"abstain":25.0,"no_vote":33.0,"count":119.0,"most_vote":"yes","most_vote_ratio":0.5042016807},{"id":447,"title":"Upload CW721 Base Contract","type":"StoreCode","status":"PASSED","yes":49.0,"no":6.0,"veto":0.0,"abstain":32.0,"no_vote":31.0,"count":118.0,"most_vote":"yes","most_vote_ratio":0.4152542373},{"id":444,"title":"Composability Incentives Category","type":"UpdatePoolIncentives","status":"PASSED","yes":49.0,"no":1.0,"veto":0.0,"abstain":32.0,"no_vote":36.0,"count":118.0,"most_vote":"yes","most_vote_ratio":0.4152542373},{"id":442,"title":"Signaling Proposal  Recognise CMST as a Stablecoin asset","type":"Text","status":"PASSED","yes":53.0,"no":1.0,"veto":0.0,"abstain":29.0,"no_vote":35.0,"count":118.0,"most_vote":"yes","most_vote_ratio":0.4491525424},{"id":436,"title":"Whitelist Apollo Vaults for USDC and ATOM","type":"ParameterChange","status":"PASSED","yes":65.0,"no":0.0,"veto":0.0,"abstain":19.0,"no_vote":34.0,"count":118.0,"most_vote":"yes","most_vote_ratio":0.5508474576},{"id":431,"title":"Signaling Proposal  Define New Stable Asset IST and incentivize stable swap pool DAI  CMST  IST with OSMO rewards","type":"Text","status":"PASSED","yes":34.0,"no":10.0,"veto":2.0,"abstain":30.0,"no_vote":40.0,"count":116.0,"most_vote":"no_vote","most_vote_ratio":0.3448275862},{"id":430,"title":"Signaling Proposal for ISTOSMO External Incentive Match","type":"Text","status":"PASSED","yes":40.0,"no":11.0,"veto":2.0,"abstain":28.0,"no_vote":36.0,"count":117.0,"most_vote":"yes","most_vote_ratio":0.3418803419},{"id":426,"title":"BUSD bootstrapping liquidity incentives","type":"UpdatePoolIncentives","status":"PASSED","yes":70.0,"no":1.0,"veto":0.0,"abstain":17.0,"no_vote":30.0,"count":118.0,"most_vote":"yes","most_vote_ratio":0.593220339},{"id":424,"title":"Signaling Proposal for ATOMstkATOM Stableswap Pool External Incentive Match","type":"Text","status":"PASSED","yes":32.0,"no":17.0,"veto":0.0,"abstain":38.0,"no_vote":31.0,"count":118.0,"most_vote":"abstain","most_vote_ratio":0.3220338983},{"id":421,"title":"ProtoRev Revenue Allocation","type":"Text","status":"PASSED","yes":57.0,"no":2.0,"veto":0.0,"abstain":25.0,"no_vote":34.0,"count":118.0,"most_vote":"yes","most_vote_ratio":0.4830508475},{"id":420,"title":"OSMOWYND Token Swap for Protocol Liquidity","type":"CommunityPoolSpend","status":"PASSED","yes":49.0,"no":7.0,"veto":0.0,"abstain":37.0,"no_vote":26.0,"count":119.0,"most_vote":"yes","most_vote_ratio":0.4117647059},{"id":419,"title":"Enable Superfluid Staking on OSMOSTRD","type":"SuperfluidAssets","status":"PASSED","yes":66.0,"no":0.0,"veto":0.0,"abstain":23.0,"no_vote":29.0,"count":118.0,"most_vote":"yes","most_vote_ratio":0.5593220339},{"id":417,"title":"Allow Apollo DAO LP Vault Contracts to be Uploaded","type":"ParameterChange","status":"PASSED","yes":69.0,"no":9.0,"veto":0.0,"abstain":14.0,"no_vote":27.0,"count":119.0,"most_vote":"yes","most_vote_ratio":0.5798319328},{"id":406,"title":"Regular Incentive adjustment for 20230123","type":"UpdatePoolIncentives","status":"REJECTED","yes":24.0,"no":16.0,"veto":1.0,"abstain":47.0,"no_vote":31.0,"count":119.0,"most_vote":"abstain","most_vote_ratio":0.3949579832},{"id":403,"title":"Recognise BUSD as a Stablecoin asset","type":"Text","status":"PASSED","yes":82.0,"no":1.0,"veto":0.0,"abstain":21.0,"no_vote":22.0,"count":126.0,"most_vote":"yes","most_vote_ratio":0.6507936508},{"id":402,"title":"Recognise USDT as a Stablecoin asset","type":"Text","status":"PASSED","yes":82.0,"no":3.0,"veto":0.0,"abstain":19.0,"no_vote":22.0,"count":126.0,"most_vote":"yes","most_vote_ratio":0.6507936508},{"id":400,"title":"Phase out 1 and 7 day liquidity bonds","type":"Text","status":"PASSED","yes":56.0,"no":10.0,"veto":1.0,"abstain":32.0,"no_vote":24.0,"count":123.0,"most_vote":"yes","most_vote_ratio":0.4552845528},{"id":394,"title":"Enable Superfluid Staking on OSMOHUAHUA","type":"SuperfluidAssets","status":"PASSED","yes":58.0,"no":4.0,"veto":0.0,"abstain":16.0,"no_vote":38.0,"count":116.0,"most_vote":"yes","most_vote_ratio":0.5},{"id":390,"title":"Reduce incentives on established Major and Stable category pools","type":"UpdatePoolIncentives","status":"PASSED","yes":60.0,"no":1.0,"veto":2.0,"abstain":21.0,"no_vote":34.0,"count":118.0,"most_vote":"yes","most_vote_ratio":0.5084745763},{"id":389,"title":"Remove NonOSMO pool incentives","type":"Text","status":"PASSED","yes":52.0,"no":3.0,"veto":1.0,"abstain":28.0,"no_vote":34.0,"count":118.0,"most_vote":"yes","most_vote_ratio":0.4406779661},{"id":388,"title":"Community consent Cosmos Pay supporting OSMO","type":"Text","status":"REJECTED","yes":23.0,"no":27.0,"veto":2.0,"abstain":31.0,"no_vote":35.0,"count":118.0,"most_vote":"no_vote","most_vote_ratio":0.2966101695},{"id":386,"title":"WMATIC bootstrapping liquidity incentives","type":"UpdatePoolIncentives","status":"PASSED","yes":65.0,"no":5.0,"veto":0.0,"abstain":16.0,"no_vote":32.0,"count":118.0,"most_vote":"yes","most_vote_ratio":0.5508474576},{"id":378,"title":"Osmosis Support Lab Funding Round December 2022  February 2023","type":"CommunityPoolSpend","status":"PASSED","yes":67.0,"no":4.0,"veto":1.0,"abstain":17.0,"no_vote":28.0,"count":117.0,"most_vote":"yes","most_vote_ratio":0.5726495726},{"id":376,"title":"Phase out Incentives on Low Revenue Pools","type":"Text","status":"PASSED","yes":61.0,"no":9.0,"veto":0.0,"abstain":16.0,"no_vote":33.0,"count":119.0,"most_vote":"yes","most_vote_ratio":0.512605042},{"id":375,"title":"Proposal on Transferring ION to ION DAO Treasury","type":"CommunityPoolSpend","status":"PASSED","yes":53.0,"no":4.0,"veto":0.0,"abstain":31.0,"no_vote":30.0,"count":118.0,"most_vote":"yes","most_vote_ratio":0.4491525424},{"id":372,"title":"Match External Incentives to extended STARSOSMO and ATOMSTARS pairs","type":"Text","status":"PASSED","yes":65.0,"no":9.0,"veto":3.0,"abstain":21.0,"no_vote":22.0,"count":120.0,"most_vote":"yes","most_vote_ratio":0.5416666667},{"id":367,"title":"Revive IBC Client to Dig","type":"ClientUpdate","status":"PASSED","yes":49.0,"no":1.0,"veto":0.0,"abstain":27.0,"no_vote":39.0,"count":116.0,"most_vote":"yes","most_vote_ratio":0.4224137931},{"id":365,"title":"Signaling Proposal for ISTOSMO External Incentive Match","type":"Text","status":"PASSED","yes":71.0,"no":6.0,"veto":0.0,"abstain":17.0,"no_vote":24.0,"count":118.0,"most_vote":"yes","most_vote_ratio":0.6016949153},{"id":362,"title":"Osmosis Grants Program OGP Renewal","type":"Text","status":"PASSED","yes":36.0,"no":24.0,"veto":7.0,"abstain":27.0,"no_vote":25.0,"count":119.0,"most_vote":"yes","most_vote_ratio":0.3025210084},{"id":352,"title":"Signalling Proposal for LIKEOSMO External Incentive Match","type":"Text","status":"PASSED","yes":34.0,"no":21.0,"veto":0.0,"abstain":27.0,"no_vote":35.0,"count":117.0,"most_vote":"no_vote","most_vote_ratio":0.2991452991},{"id":350,"title":"Match External Incentives for GRAV incentivised pairs","type":"Text","status":"PASSED","yes":26.0,"no":26.0,"veto":0.0,"abstain":34.0,"no_vote":31.0,"count":117.0,"most_vote":"abstain","most_vote_ratio":0.2905982906},{"id":349,"title":"Remove Incentives from OSMOROWAN 629","type":"UpdatePoolIncentives","status":"PASSED","yes":51.0,"no":2.0,"veto":0.0,"abstain":38.0,"no_vote":27.0,"count":118.0,"most_vote":"yes","most_vote_ratio":0.4322033898},{"id":343,"title":"Upload Autonomy Network StopsLimits Wrapper Contract","type":"StoreCode","status":"REJECTED","yes":30.0,"no":48.0,"veto":1.0,"abstain":15.0,"no_vote":24.0,"count":118.0,"most_vote":"no","most_vote_ratio":0.406779661},{"id":342,"title":"Upload Autonomy Network Regsitry Stake Contract","type":"StoreCode","status":"REJECTED","yes":29.0,"no":48.0,"veto":1.0,"abstain":15.0,"no_vote":25.0,"count":118.0,"most_vote":"no","most_vote_ratio":0.406779661},{"id":339,"title":"Upload Apollo Liquid Staking Contract","type":"StoreCode","status":"PASSED","yes":19.0,"no":14.0,"veto":4.0,"abstain":34.0,"no_vote":42.0,"count":113.0,"most_vote":"no_vote","most_vote_ratio":0.3716814159},{"id":326,"title":"Signalling Proposal for OSMOBLD pool 795 incentivised pool","type":"Text","status":"PASSED","yes":53.0,"no":7.0,"veto":0.0,"abstain":22.0,"no_vote":35.0,"count":117.0,"most_vote":"yes","most_vote_ratio":0.452991453},{"id":323,"title":"Signalling Proposal Removal of incentives from pool 690 MNTLOSMO","type":"Text","status":"PASSED","yes":48.0,"no":2.0,"veto":0.0,"abstain":20.0,"no_vote":43.0,"count":113.0,"most_vote":"yes","most_vote_ratio":0.4247787611},{"id":320,"title":"Remove blockedgo from Osmosis","type":"Text","status":"REJECTED","yes":7.0,"no":31.0,"veto":3.0,"abstain":39.0,"no_vote":34.0,"count":114.0,"most_vote":"abstain","most_vote_ratio":0.3421052632},{"id":317,"title":"Signalling Proposal Removal of incentives on pools 600 ATOMCMDX  601 CMDXOSMO","type":"SuperfluidAssets","status":"PASSED","yes":37.0,"no":4.0,"veto":0.0,"abstain":39.0,"no_vote":33.0,"count":113.0,"most_vote":"abstain","most_vote_ratio":0.3451327434},{"id":316,"title":"ION DAO Store DAO contracts code","type":"StoreCode","status":"PASSED","yes":59.0,"no":1.0,"veto":0.0,"abstain":18.0,"no_vote":36.0,"count":114.0,"most_vote":"yes","most_vote_ratio":0.5175438596},{"id":315,"title":"ION DAO Store staking contracts code","type":"StoreCode","status":"PASSED","yes":64.0,"no":1.0,"veto":0.0,"abstain":19.0,"no_vote":32.0,"count":116.0,"most_vote":"yes","most_vote_ratio":0.5517241379},{"id":309,"title":"Signaling Proposal for GLTOOSMO 778 incentivized pool","type":"Text","status":"REJECTED","yes":3.0,"no":59.0,"veto":3.0,"abstain":12.0,"no_vote":38.0,"count":115.0,"most_vote":"no","most_vote_ratio":0.5130434783},{"id":307,"title":"Match external ECH incentives on ECHOSMO 747","type":"Text","status":"REJECTED","yes":1.0,"no":24.0,"veto":48.0,"abstain":14.0,"no_vote":31.0,"count":118.0,"most_vote":"veto","most_vote_ratio":0.406779661},{"id":306,"title":"ION DAO Store DAO contracts code","type":"StoreCode","status":"REJECTED","yes":8.0,"no":44.0,"veto":0.0,"abstain":11.0,"no_vote":49.0,"count":112.0,"most_vote":"no_vote","most_vote_ratio":0.4375},{"id":305,"title":"ION DAO Store staking contracts code","type":"StoreCode","status":"REJECTED","yes":8.0,"no":51.0,"veto":0.0,"abstain":12.0,"no_vote":42.0,"count":113.0,"most_vote":"no","most_vote_ratio":0.4513274336},{"id":295,"title":"Signalling Proposal for OSMOLINK731 incentivised pool","type":"Text","status":"PASSED","yes":57.0,"no":4.0,"veto":0.0,"abstain":22.0,"no_vote":35.0,"count":118.0,"most_vote":"yes","most_vote_ratio":0.4830508475},{"id":294,"title":"Signalling Proposal for OSMOINJ 725 incentivised pool","type":"Text","status":"PASSED","yes":36.0,"no":22.0,"veto":0.0,"abstain":27.0,"no_vote":33.0,"count":118.0,"most_vote":"yes","most_vote_ratio":0.3050847458},{"id":281,"title":"Signalling Proposal for OSMOKAVA730 incentivised pools","type":"Text","status":"PASSED","yes":43.0,"no":5.0,"veto":0.0,"abstain":21.0,"no_vote":44.0,"count":113.0,"most_vote":"no_vote","most_vote_ratio":0.389380531},{"id":277,"title":"Gift to Osmosis stakeholders","type":"Text","status":"REJECTED","yes":5.0,"no":16.0,"veto":57.0,"abstain":5.0,"no_vote":33.0,"count":116.0,"most_vote":"veto","most_vote_ratio":0.4913793103},{"id":276,"title":" Match XPRT External Incentives for Pools XPRTUSDC719  XPRTOSMO15","type":"Text","status":"PASSED","yes":35.0,"no":18.0,"veto":0.0,"abstain":24.0,"no_vote":37.0,"count":114.0,"most_vote":"no_vote","most_vote_ratio":0.3245614035},{"id":273,"title":"Phase out Incentives on smaller Other Category pools","type":"Text","status":"PASSED","yes":45.0,"no":5.0,"veto":0.0,"abstain":26.0,"no_vote":38.0,"count":114.0,"most_vote":"yes","most_vote_ratio":0.3947368421},{"id":271,"title":"Manual Incentive Adjustment  resubmission","type":"UpdatePoolIncentives","status":"PASSED","yes":37.0,"no":18.0,"veto":1.0,"abstain":25.0,"no_vote":35.0,"count":116.0,"most_vote":"yes","most_vote_ratio":0.3189655172},{"id":270,"title":"Match External Incentives on OSMOMNTL 690","type":"Text","status":"PASSED","yes":21.0,"no":25.0,"veto":0.0,"abstain":35.0,"no_vote":34.0,"count":115.0,"most_vote":"abstain","most_vote_ratio":0.3043478261},{"id":267,"title":"Manual Incentive Adjustment  Completely remove incentives for various pools","type":"UpdatePoolIncentives","status":"REJECTED","yes":8.0,"no":57.0,"veto":0.0,"abstain":22.0,"no_vote":31.0,"count":118.0,"most_vote":"no","most_vote_ratio":0.4830508475},{"id":262,"title":"Match external incentives on OSMO LIKE Pool 553","type":"Text","status":"REJECTED","yes":10.0,"no":29.0,"veto":0.0,"abstain":39.0,"no_vote":38.0,"count":116.0,"most_vote":"abstain","most_vote_ratio":0.3362068966},{"id":261,"title":"Signalling proposal for MEME incentivized pools","type":"Text","status":"REJECTED","yes":7.0,"no":49.0,"veto":0.0,"abstain":19.0,"no_vote":38.0,"count":113.0,"most_vote":"no","most_vote_ratio":0.4336283186},{"id":256,"title":"Fix IBC transfers between Lum Network and Osmosis","type":"ClientUpdate","status":"FAILED","yes":46.0,"no":31.0,"veto":0.0,"abstain":4.0,"no_vote":35.0,"count":116.0,"most_vote":"yes","most_vote_ratio":0.3965517241},{"id":251,"title":"Osmosis Ministry of Marketing Funding Round June  November 2022","type":"CommunityPoolSpend","status":"PASSED","yes":52.0,"no":7.0,"veto":0.0,"abstain":28.0,"no_vote":31.0,"count":118.0,"most_vote":"yes","most_vote_ratio":0.4406779661},{"id":243,"title":"Enable Superfluid for XPRTOSMO pool 15","type":"SuperfluidAssets","status":"PASSED","yes":51.0,"no":5.0,"veto":2.0,"abstain":19.0,"no_vote":37.0,"count":114.0,"most_vote":"yes","most_vote_ratio":0.4473684211},{"id":242,"title":" Match XPRT External Incentives for XPRTUSDC pool 719","type":"Text","status":"PASSED","yes":38.0,"no":16.0,"veto":2.0,"abstain":20.0,"no_vote":37.0,"count":113.0,"most_vote":"yes","most_vote_ratio":0.3362831858},{"id":241,"title":"Enable Superfluid for XPRTOSMO pool 15","type":"Text","status":"PASSED","yes":47.0,"no":9.0,"veto":2.0,"abstain":19.0,"no_vote":37.0,"count":114.0,"most_vote":"yes","most_vote_ratio":0.4122807018},{"id":237,"title":"Signalling proposal for incentivized osmoglx pool","type":"Text","status":"REJECTED","yes":3.0,"no":28.0,"veto":0.0,"abstain":48.0,"no_vote":36.0,"count":115.0,"most_vote":"abstain","most_vote_ratio":0.4173913043},{"id":232,"title":"Reduction of Voting Period to 2 Days","type":"ParameterChange","status":"REJECTED","yes":9.0,"no":57.0,"veto":0.0,"abstain":10.0,"no_vote":37.0,"count":113.0,"most_vote":"no","most_vote_ratio":0.5044247788},{"id":220,"title":" Match PSTAKE External Incentives for Pools 648","type":"Text","status":"PASSED","yes":36.0,"no":12.0,"veto":0.0,"abstain":22.0,"no_vote":42.0,"count":112.0,"most_vote":"no_vote","most_vote_ratio":0.375},{"id":216,"title":"Signalling Proposal for AssetMantle Incentivised pool","type":"Text","status":"PASSED","yes":51.0,"no":20.0,"veto":0.0,"abstain":23.0,"no_vote":24.0,"count":118.0,"most_vote":"yes","most_vote_ratio":0.4322033898},{"id":211,"title":"Signalling Proposal for Fetchai Incentivised pool","type":"Text","status":"PASSED","yes":63.0,"no":10.0,"veto":0.0,"abstain":18.0,"no_vote":27.0,"count":118.0,"most_vote":"yes","most_vote_ratio":0.5338983051},{"id":209,"title":"Adopt Wormhole as the Canonical Ethereum Bridge Service Provider","type":"Text","status":"REJECTED","yes":13.0,"no":61.0,"veto":0.0,"abstain":29.0,"no_vote":19.0,"count":122.0,"most_vote":"no","most_vote_ratio":0.5},{"id":208,"title":"Adopt Nomad as the Canonical Ethereum Bridge Service Provider","type":"Text","status":"PASSED","yes":21.0,"no":42.0,"veto":0.0,"abstain":38.0,"no_vote":20.0,"count":121.0,"most_vote":"no","most_vote_ratio":0.347107438},{"id":207,"title":"Adopt Gravity as the Canonical Ethereum Bridge Service Provider","type":"Text","status":"PASSED","yes":33.0,"no":39.0,"veto":0.0,"abstain":31.0,"no_vote":19.0,"count":122.0,"most_vote":"no","most_vote_ratio":0.3196721311},{"id":206,"title":"Adopt Axelar as the Canonical Ethereum Bridge Service Provider","type":"Text","status":"PASSED","yes":71.0,"no":10.0,"veto":0.0,"abstain":21.0,"no_vote":21.0,"count":123.0,"most_vote":"yes","most_vote_ratio":0.5772357724},{"id":204,"title":"Signaling proposal to add Cerberus CRBRUS pool 662 to the Osmosis incentives program","type":"Text","status":"PASSED","yes":45.0,"no":20.0,"veto":0.0,"abstain":31.0,"no_vote":22.0,"count":118.0,"most_vote":"yes","most_vote_ratio":0.3813559322},{"id":200,"title":"Onboard HOPEOSMO 653 for Osmosis Incentives","type":"Text","status":"REJECTED","yes":5.0,"no":38.0,"veto":0.0,"abstain":41.0,"no_vote":34.0,"count":118.0,"most_vote":"abstain","most_vote_ratio":0.3474576271},{"id":199,"title":"Formalize usage of commonwealth for governance","type":"Text","status":"PASSED","yes":67.0,"no":6.0,"veto":0.0,"abstain":17.0,"no_vote":28.0,"count":118.0,"most_vote":"yes","most_vote_ratio":0.5677966102},{"id":195,"title":"Match External Incentives for PSTAKEOSMO 648","type":"Text","status":"PASSED","yes":43.0,"no":8.0,"veto":0.0,"abstain":19.0,"no_vote":43.0,"count":113.0,"most_vote":"yes","most_vote_ratio":0.3805309735},{"id":194,"title":"Match External Incentives for UMEEOSMO and ATOMUMEE","type":"Text","status":"PASSED","yes":52.0,"no":3.0,"veto":0.0,"abstain":17.0,"no_vote":41.0,"count":113.0,"most_vote":"yes","most_vote_ratio":0.4601769912},{"id":191,"title":"Allocate a flat portion of staking rewards per validator","type":"Text","status":"REJECTED","yes":17.0,"no":41.0,"veto":0.0,"abstain":22.0,"no_vote":36.0,"count":116.0,"most_vote":"no","most_vote_ratio":0.3534482759},{"id":190,"title":"Signalling Proposal for SWTHOSMO651 Incentivized Pools","type":"Text","status":"PASSED","yes":23.0,"no":14.0,"veto":0.0,"abstain":42.0,"no_vote":37.0,"count":116.0,"most_vote":"abstain","most_vote_ratio":0.3620689655},{"id":188,"title":"Remove incentives from all xki pools","type":"Text","status":"REJECTED","yes":15.0,"no":47.0,"veto":3.0,"abstain":19.0,"no_vote":33.0,"count":117.0,"most_vote":"no","most_vote_ratio":0.4017094017},{"id":180,"title":"Signalling proposal for MARBLEOSMO649 incentivized pool","type":"Text","status":"PASSED","yes":11.0,"no":19.0,"veto":0.0,"abstain":41.0,"no_vote":42.0,"count":113.0,"most_vote":"no_vote","most_vote_ratio":0.3716814159},{"id":178,"title":"Match External Incentives for SWTHOSMO","type":"Text","status":"PASSED","yes":16.0,"no":11.0,"veto":0.0,"abstain":38.0,"no_vote":47.0,"count":112.0,"most_vote":"no_vote","most_vote_ratio":0.4196428571},{"id":173,"title":"Match External Incentives for PSTAKEOSMO 648","type":"Text","status":"PASSED","yes":47.0,"no":3.0,"veto":0.0,"abstain":17.0,"no_vote":45.0,"count":112.0,"most_vote":"yes","most_vote_ratio":0.4196428571},{"id":171,"title":"Signalling proposal for PSTAKEOSMO648 incentivized pool","type":"Text","status":"PASSED","yes":33.0,"no":4.0,"veto":0.0,"abstain":16.0,"no_vote":56.0,"count":109.0,"most_vote":"no_vote","most_vote_ratio":0.5137614679},{"id":170,"title":"Signaling Proposal for GRAV Incentivized Pools","type":"Text","status":"PASSED","yes":47.0,"no":5.0,"veto":0.0,"abstain":12.0,"no_vote":48.0,"count":112.0,"most_vote":"no_vote","most_vote_ratio":0.4285714286},{"id":169,"title":"Match External Incentives for CMDXOSMO and CMDXATOM pairs","type":"Text","status":"PASSED","yes":55.0,"no":3.0,"veto":0.0,"abstain":15.0,"no_vote":40.0,"count":113.0,"most_vote":"yes","most_vote_ratio":0.4867256637},{"id":166,"title":"Signaling proposal to match DARC external incentives","type":"Text","status":"PASSED","yes":45.0,"no":3.0,"veto":0.0,"abstain":23.0,"no_vote":42.0,"count":113.0,"most_vote":"yes","most_vote_ratio":0.3982300885},{"id":165,"title":"Signaling Proposal Add BAND Incentivized Pool","type":"Text","status":"PASSED","yes":51.0,"no":7.0,"veto":0.0,"abstain":16.0,"no_vote":39.0,"count":113.0,"most_vote":"yes","most_vote_ratio":0.4513274336},{"id":163,"title":"Signalling proposal Match External Incentives to LIKEOSMO and ATOMLIKE pools","type":"Text","status":"PASSED","yes":39.0,"no":6.0,"veto":0.0,"abstain":20.0,"no_vote":47.0,"count":112.0,"most_vote":"no_vote","most_vote_ratio":0.4196428571},{"id":162,"title":"Allocate 125k Osmo from the OCP to give SupportMarketing access to guidance on business matters related to Defi DAOs and structuring","type":"CommunityPoolSpend","status":"REJECTED","yes":12.0,"no":49.0,"veto":3.0,"abstain":9.0,"no_vote":40.0,"count":113.0,"most_vote":"no","most_vote_ratio":0.4336283186},{"id":159,"title":"Signaling Proposal Add DEC Incentivized Pools ATOM  OSMO","type":"Text","status":"PASSED","yes":20.0,"no":13.0,"veto":0.0,"abstain":38.0,"no_vote":42.0,"count":113.0,"most_vote":"no_vote","most_vote_ratio":0.3716814159},{"id":156,"title":"Signaling proposal UMEE incentivized pools UMEEUST and ATOMUMEE pairs","type":"Text","status":"PASSED","yes":45.0,"no":5.0,"veto":0.0,"abstain":11.0,"no_vote":50.0,"count":111.0,"most_vote":"no_vote","most_vote_ratio":0.4504504505},{"id":153,"title":"Match XPRT External Incentives for Pool 612","type":"Text","status":"PASSED","yes":40.0,"no":6.0,"veto":0.0,"abstain":10.0,"no_vote":54.0,"count":110.0,"most_vote":"no_vote","most_vote_ratio":0.4909090909},{"id":152,"title":"Reducing the Impact of Volume Manipulation","type":"Text","status":"PASSED","yes":22.0,"no":2.0,"veto":0.0,"abstain":27.0,"no_vote":58.0,"count":109.0,"most_vote":"no_vote","most_vote_ratio":0.5321100917},{"id":151,"title":"Signaling proposal Add OSMO incentives to ATOMCHEQ pool 617","type":"Text","status":"PASSED","yes":11.0,"no":8.0,"veto":0.0,"abstain":35.0,"no_vote":56.0,"count":110.0,"most_vote":"no_vote","most_vote_ratio":0.5090909091},{"id":149,"title":"Signaling proposal for XPRTUST612 incentivized pool","type":"Text","status":"PASSED","yes":37.0,"no":8.0,"veto":1.0,"abstain":21.0,"no_vote":45.0,"count":112.0,"most_vote":"no_vote","most_vote_ratio":0.4017857143},{"id":148,"title":"Signaling proposal for DARC incentivized pools","type":"Text","status":"PASSED","yes":36.0,"no":1.0,"veto":1.0,"abstain":17.0,"no_vote":54.0,"count":109.0,"most_vote":"no_vote","most_vote_ratio":0.495412844},{"id":146,"title":"Signaling Proposal to match external incentives for the XKIOSMO and XKIUST pools","type":"Text","status":"PASSED","yes":34.0,"no":5.0,"veto":0.0,"abstain":12.0,"no_vote":57.0,"count":108.0,"most_vote":"no_vote","most_vote_ratio":0.5277777778},{"id":144,"title":"Signaling proposal Match external incentives on ATOMCHEQ pool","type":"Text","status":"REJECTED","yes":5.0,"no":16.0,"veto":1.0,"abstain":35.0,"no_vote":53.0,"count":110.0,"most_vote":"no_vote","most_vote_ratio":0.4818181818},{"id":141,"title":"Signaling Proposal Add VDL Incentivized Pool","type":"Text","status":"PASSED","yes":40.0,"no":1.0,"veto":0.0,"abstain":14.0,"no_vote":54.0,"count":109.0,"most_vote":"no_vote","most_vote_ratio":0.495412844},{"id":140,"title":"Signaling proposal for NETA incentivized pools","type":"Text","status":"PASSED","yes":41.0,"no":3.0,"veto":0.0,"abstain":17.0,"no_vote":50.0,"count":111.0,"most_vote":"no_vote","most_vote_ratio":0.4504504505},{"id":135,"title":"Signalling Proposal ROWANOSMO Incentivized Pool","type":"Text","status":"PASSED","yes":52.0,"no":4.0,"veto":0.0,"abstain":11.0,"no_vote":45.0,"count":112.0,"most_vote":"yes","most_vote_ratio":0.4642857143},{"id":134,"title":"Development and Marketing Expansion to the Russian Community","type":"CommunityPoolSpend","status":"REJECTED","yes":8.0,"no":42.0,"veto":5.0,"abstain":7.0,"no_vote":49.0,"count":111.0,"most_vote":"no_vote","most_vote_ratio":0.4414414414},{"id":133,"title":"Incentive Matching Fee Based and 11 Caps","type":"Text","status":"PASSED","yes":36.0,"no":0.0,"veto":0.0,"abstain":27.0,"no_vote":48.0,"count":111.0,"most_vote":"no_vote","most_vote_ratio":0.4324324324},{"id":132,"title":"Signalling Proposal ROWAN Incentivized Pools and Matched Incentives","type":"Text","status":"REJECTED","yes":21.0,"no":35.0,"veto":0.0,"abstain":13.0,"no_vote":43.0,"count":112.0,"most_vote":"no_vote","most_vote_ratio":0.3839285714},{"id":130,"title":"Signaling proposal for DIG incentivized pools","type":"Text","status":"PASSED","yes":30.0,"no":6.0,"veto":0.0,"abstain":22.0,"no_vote":52.0,"count":110.0,"most_vote":"no_vote","most_vote_ratio":0.4727272727},{"id":123,"title":"Signaling proposal for DIG incentivized pools","type":"Text","status":"REJECTED","yes":8.0,"no":15.0,"veto":0.0,"abstain":18.0,"no_vote":67.0,"count":108.0,"most_vote":"no_vote","most_vote_ratio":0.6203703704},{"id":120,"title":"Signaling Proposal Ion DAO  Treasury","type":"Text","status":"PASSED","yes":44.0,"no":9.0,"veto":0.0,"abstain":19.0,"no_vote":41.0,"count":113.0,"most_vote":"yes","most_vote_ratio":0.389380531},{"id":114,"title":"Increase Max Validator Set Size to 118","type":"ParameterChange","status":"PASSED","yes":28.0,"no":15.0,"veto":1.0,"abstain":4.0,"no_vote":60.0,"count":108.0,"most_vote":"no_vote","most_vote_ratio":0.5555555556},{"id":111,"title":"Enable IBC transfers between Lum Network and Osmosis","type":"ClientUpdate","status":"REJECTED","yes":9.0,"no":34.0,"veto":0.0,"abstain":8.0,"no_vote":57.0,"count":108.0,"most_vote":"no_vote","most_vote_ratio":0.5277777778},{"id":109,"title":"Signaling proposal for HUAHUA incentivized pools","type":"Text","status":"PASSED","yes":26.0,"no":5.0,"veto":0.0,"abstain":7.0,"no_vote":70.0,"count":108.0,"most_vote":"no_vote","most_vote_ratio":0.6481481481},{"id":96,"title":"Distribution of Clawback IONOSMO to OSMO stakers","type":"Text","status":"REJECTED","yes":4.0,"no":18.0,"veto":24.0,"abstain":5.0,"no_vote":58.0,"count":109.0,"most_vote":"no_vote","most_vote_ratio":0.5321100917},{"id":84,"title":"Incentives for CHEQOSMO","type":"Text","status":"PASSED","yes":11.0,"no":3.0,"veto":0.0,"abstain":10.0,"no_vote":81.0,"count":105.0,"most_vote":"no_vote","most_vote_ratio":0.7714285714},{"id":82,"title":"Signaling proposal for BOOT incentivized pools","type":"Text","status":"PASSED","yes":19.0,"no":3.0,"veto":0.0,"abstain":4.0,"no_vote":79.0,"count":105.0,"most_vote":"no_vote","most_vote_ratio":0.7523809524},{"id":81,"title":"Signaling Proposal BTSG Incentivized Pools","type":"Text","status":"PASSED","yes":30.0,"no":1.0,"veto":0.0,"abstain":5.0,"no_vote":70.0,"count":106.0,"most_vote":"no_vote","most_vote_ratio":0.6603773585},{"id":76,"title":"Signaling Proposal for XKIJUNO incentivized pool","type":"Text","status":"PASSED","yes":11.0,"no":5.0,"veto":0.0,"abstain":7.0,"no_vote":80.0,"count":103.0,"most_vote":"no_vote","most_vote_ratio":0.7766990291},{"id":74,"title":"Space Pussy Demands Incentivization","type":"Text","status":"REJECTED","yes":10.0,"no":10.0,"veto":1.0,"abstain":8.0,"no_vote":77.0,"count":106.0,"most_vote":"no_vote","most_vote_ratio":0.7264150943},{"id":72,"title":"Set Max validators to 150","type":"ParameterChange","status":"REJECTED","yes":10.0,"no":16.0,"veto":0.0,"abstain":12.0,"no_vote":68.0,"count":106.0,"most_vote":"no_vote","most_vote_ratio":0.641509434},{"id":62,"title":"Match external incentives to BCNAOSMO and ATOMBCNA pairs","type":"Text","status":"PASSED","yes":17.0,"no":1.0,"veto":0.0,"abstain":5.0,"no_vote":81.0,"count":104.0,"most_vote":"no_vote","most_vote_ratio":0.7788461538},{"id":58,"title":"Add more Luna Ust and Eeur pools to incentives","type":"Text","status":"PASSED","yes":17.0,"no":3.0,"veto":0.0,"abstain":4.0,"no_vote":81.0,"count":105.0,"most_vote":"no_vote","most_vote_ratio":0.7714285714},{"id":57,"title":"Osmosis Community Support DAO","type":"CommunityPoolSpend","status":"PASSED","yes":19.0,"no":1.0,"veto":0.0,"abstain":5.0,"no_vote":80.0,"count":105.0,"most_vote":"no_vote","most_vote_ratio":0.7619047619},{"id":55,"title":"Incentivising UST and Luna on Osmosis exposes the ecosystem and stakeholders to significant regulatory and stability risk","type":"UpdatePoolIncentives","status":"REJECTED","yes":2.0,"no":29.0,"veto":7.0,"abstain":7.0,"no_vote":63.0,"count":108.0,"most_vote":"no_vote","most_vote_ratio":0.5833333333},{"id":51,"title":"Signaling proposal for LIKE incentivized pools","type":"Text","status":"PASSED","yes":20.0,"no":1.0,"veto":0.0,"abstain":7.0,"no_vote":78.0,"count":106.0,"most_vote":"no_vote","most_vote_ratio":0.7358490566},{"id":50,"title":"Signaling proposal for IXO incentivized pools","type":"Text","status":"PASSED","yes":24.0,"no":2.0,"veto":0.0,"abstain":6.0,"no_vote":74.0,"count":106.0,"most_vote":"no_vote","most_vote_ratio":0.6981132075},{"id":39,"title":"Community Support DAO","type":"CommunityPoolSpend","status":"REJECTED","yes":13.0,"no":12.0,"veto":1.0,"abstain":6.0,"no_vote":74.0,"count":106.0,"most_vote":"no_vote","most_vote_ratio":0.6981132075},{"id":29,"title":"Would you be open to a clawback of unclaimed ION","type":"Text","status":"PASSED","yes":22.0,"no":2.0,"veto":0.0,"abstain":5.0,"no_vote":75.0,"count":104.0,"most_vote":"no_vote","most_vote_ratio":0.7211538462},{"id":24,"title":"Should we add incentives to IOV pools 183 and 197","type":"Text","status":"PASSED","yes":31.0,"no":2.0,"veto":0.0,"abstain":6.0,"no_vote":67.0,"count":106.0,"most_vote":"no_vote","most_vote_ratio":0.6320754717},{"id":22,"title":"SemiAutomatic Incentive Adjustments for 08162021","type":"UpdatePoolIncentives","status":"REJECTED","yes":20.0,"no":15.0,"veto":0.0,"abstain":7.0,"no_vote":66.0,"count":108.0,"most_vote":"no_vote","most_vote_ratio":0.6111111111},{"id":7,"title":"Osmosis Inflation Dynamics Adjustment","type":"ParameterChange","status":"REJECTED","yes":6.0,"no":22.0,"veto":3.0,"abstain":2.0,"no_vote":72.0,"count":105.0,"most_vote":"no_vote","most_vote_ratio":0.6857142857},{"id":5,"title":"Italian Educational Content","type":"CommunityPoolSpend","status":"REJECTED","yes":6.0,"no":17.0,"veto":1.0,"abstain":3.0,"no_vote":77.0,"count":104.0,"most_vote":"no_vote","most_vote_ratio":0.7403846154},{"id":3,"title":"Were on the side of the little girl","type":"Text","status":"PASSED","yes":8.0,"no":0.0,"veto":2.0,"abstain":9.0,"no_vote":84.0,"count":103.0,"most_vote":"no_vote","most_vote_ratio":0.8155339806},{"id":1,"title":"We want to claim rewards completely","type":"Text","status":"PASSED","yes":28.0,"no":2.0,"veto":2.0,"abstain":10.0,"no_vote":66.0,"count":108.0,"most_vote":"no_vote","most_vote_ratio":0.6111111111}]