[{"id":227,"title":"Recover user funds stuck in community pool","type":"CommunityPoolSpend","status":"PASSED","yes":63.0,"no":0.0,"veto":0.0,"abstain":2.0,"no_vote":31.0,"count":96.0,"most_vote":"yes","most_vote_ratio":0.65625},{"id":226,"title":"Round2 Gravity Growth and Sustainability Grant","type":"CommunityPoolSpend","status":"PASSED","yes":64.0,"no":0.0,"veto":0.0,"abstain":7.0,"no_vote":26.0,"count":97.0,"most_vote":"yes","most_vote_ratio":0.6597938144},{"id":217,"title":"COMMUNITY SPEND BOUNTY and INCENTIVES","type":"CommunityPoolSpend","status":"PASSED","yes":63.0,"no":0.0,"veto":0.0,"abstain":5.0,"no_vote":28.0,"count":96.0,"most_vote":"yes","most_vote_ratio":0.65625},{"id":214,"title":"Add ARCH token to Gravity Bridge","type":"IBC","status":"REJECTED","yes":27.0,"no":42.0,"veto":0.0,"abstain":3.0,"no_vote":25.0,"count":97.0,"most_vote":"no","most_vote_ratio":0.4329896907},{"id":210,"title":"Gravity Bridge Bug Bounty 1","type":"CommunityPoolSpend","status":"PASSED","yes":72.0,"no":2.0,"veto":0.0,"abstain":5.0,"no_vote":21.0,"count":100.0,"most_vote":"yes","most_vote_ratio":0.72},{"id":193,"title":"Enhancing Gravity Bridge through AlphaGrowth BD","type":"CommunityPoolSpend","status":"PASSED","yes":31.0,"no":39.0,"veto":0.0,"abstain":19.0,"no_vote":11.0,"count":100.0,"most_vote":"no","most_vote_ratio":0.39},{"id":180,"title":"Fund development of auction module","type":"CommunityPoolSpend","status":"PASSED","yes":87.0,"no":1.0,"veto":0.0,"abstain":8.0,"no_vote":6.0,"count":102.0,"most_vote":"yes","most_vote_ratio":0.8529411765},{"id":173,"title":"Bug Bounty Vault Proposal by Hats Finance","type":"Text","status":"PASSED","yes":64.0,"no":0.0,"veto":0.0,"abstain":27.0,"no_vote":9.0,"count":100.0,"most_vote":"yes","most_vote_ratio":0.64},{"id":170,"title":"Gravity Growth and Sustainability Grant","type":"CommunityPoolSpend","status":"PASSED","yes":79.0,"no":3.0,"veto":0.0,"abstain":8.0,"no_vote":11.0,"count":101.0,"most_vote":"yes","most_vote_ratio":0.7821782178},{"id":157,"title":"Proposal for external incentives to Cresecent DEX new LP SHIBgrvbCRE","type":"CommunityPoolSpend","status":"PASSED","yes":66.0,"no":5.0,"veto":0.0,"abstain":20.0,"no_vote":10.0,"count":101.0,"most_vote":"yes","most_vote_ratio":0.6534653465},{"id":156,"title":"Proposal for external incentives to Cresecent DEX LP bCREGRAV","type":"CommunityPoolSpend","status":"PASSED","yes":78.0,"no":0.0,"veto":0.0,"abstain":14.0,"no_vote":9.0,"count":101.0,"most_vote":"yes","most_vote_ratio":0.7722772277},{"id":153,"title":"Gravity Bridge to go Carbon Neutral CosmosZERO Followon to Proposal 108","type":"Text","status":"PASSED","yes":48.0,"no":23.0,"veto":2.0,"abstain":22.0,"no_vote":7.0,"count":102.0,"most_vote":"yes","most_vote_ratio":0.4705882353},{"id":126,"title":"Pool Incentives for GRAVUSK on Kujira","type":"CommunityPoolSpend","status":"PASSED","yes":76.0,"no":11.0,"veto":1.0,"abstain":19.0,"no_vote":1.0,"count":108.0,"most_vote":"yes","most_vote_ratio":0.7037037037},{"id":121,"title":"Recover user funds stuck in community pool","type":"CommunityPoolSpend","status":"PASSED","yes":102.0,"no":0.0,"veto":0.0,"abstain":2.0,"no_vote":1.0,"count":105.0,"most_vote":"yes","most_vote_ratio":0.9714285714},{"id":120,"title":"Setup Comdex IBC AutoForwarding","type":"IBC","status":"REJECTED","yes":30.0,"no":78.0,"veto":0.0,"abstain":0.0,"no_vote":0.0,"count":108.0,"most_vote":"no","most_vote_ratio":0.7222222222},{"id":119,"title":"Add CMST Metadata to Gravity Bridge","type":"IBC","status":"REJECTED","yes":28.0,"no":80.0,"veto":0.0,"abstain":0.0,"no_vote":0.0,"count":108.0,"most_vote":"no","most_vote_ratio":0.7407407407},{"id":118,"title":"Add CMDX Metadata to Gravity Bridge","type":"IBC","status":"REJECTED","yes":28.0,"no":80.0,"veto":0.0,"abstain":0.0,"no_vote":0.0,"count":108.0,"most_vote":"no","most_vote_ratio":0.7407407407},{"id":108,"title":"Gravity Bridge to go Carbon Neutral","type":"CommunityPoolSpend","status":"PASSED","yes":39.0,"no":29.0,"veto":0.0,"abstain":36.0,"no_vote":2.0,"count":106.0,"most_vote":"yes","most_vote_ratio":0.3679245283},{"id":107,"title":"Reduce Inflation","type":"ParameterChange","status":"PASSED","yes":80.0,"no":4.0,"veto":0.0,"abstain":21.0,"no_vote":2.0,"count":107.0,"most_vote":"yes","most_vote_ratio":0.7476635514},{"id":106,"title":"Increase minimum commission to 10","type":"Text","status":"PASSED","yes":76.0,"no":12.0,"veto":0.0,"abstain":17.0,"no_vote":2.0,"count":107.0,"most_vote":"yes","most_vote_ratio":0.7102803738},{"id":102,"title":"Add USTC Metadata to Gravity Bridge","type":"IBC","status":"PASSED","yes":77.0,"no":4.0,"veto":0.0,"abstain":19.0,"no_vote":2.0,"count":102.0,"most_vote":"yes","most_vote_ratio":0.7549019608},{"id":98,"title":"Setup LUNC IBC AutoForwarding","type":"IBC","status":"REJECTED","yes":28.0,"no":75.0,"veto":0.0,"abstain":5.0,"no_vote":0.0,"count":108.0,"most_vote":"no","most_vote_ratio":0.6944444444},{"id":97,"title":"Setup USTC IBC AutoForwarding","type":"IBC","status":"REJECTED","yes":28.0,"no":74.0,"veto":0.0,"abstain":6.0,"no_vote":0.0,"count":108.0,"most_vote":"no","most_vote_ratio":0.6851851852},{"id":94,"title":"Setup ISLM IBC AutoForwarding","type":"IBC","status":"REJECTED","yes":25.0,"no":82.0,"veto":0.0,"abstain":1.0,"no_vote":0.0,"count":108.0,"most_vote":"no","most_vote_ratio":0.7592592593},{"id":80,"title":"HAQQ testnet token ISLMT  metadata","type":"IBC","status":"PASSED","yes":73.0,"no":16.0,"veto":0.0,"abstain":19.0,"no_vote":0.0,"count":108.0,"most_vote":"yes","most_vote_ratio":0.6759259259},{"id":78,"title":"Proposal for external incentives to Cresecent DEX LPs bCREGRAV and AtomUSDCgrv","type":"CommunityPoolSpend","status":"PASSED","yes":101.0,"no":2.0,"veto":0.0,"abstain":5.0,"no_vote":0.0,"count":108.0,"most_vote":"yes","most_vote_ratio":0.9351851852},{"id":67,"title":"Gravity Growth Grant 3 Cross Dex Yield Finder","type":"CommunityPoolSpend","status":"PASSED","yes":104.0,"no":0.0,"veto":0.0,"abstain":1.0,"no_vote":1.0,"count":106.0,"most_vote":"yes","most_vote_ratio":0.9811320755},{"id":64,"title":"Advancing Ethermint GTM and Engineering Plan for the Ethermint Chain","type":"CommunityPoolSpend","status":"PASSED","yes":105.0,"no":1.0,"veto":0.0,"abstain":2.0,"no_vote":0.0,"count":108.0,"most_vote":"yes","most_vote_ratio":0.9722222222},{"id":54,"title":"5M Grav spend for GRAVbCRE LP incentives","type":"CommunityPoolSpend","status":"PASSED","yes":87.0,"no":1.0,"veto":0.0,"abstain":3.0,"no_vote":10.0,"count":101.0,"most_vote":"yes","most_vote_ratio":0.8613861386},{"id":53,"title":"Formation of ICS 721  NFT workgroup","type":"CommunityPoolSpend","status":"PASSED","yes":92.0,"no":0.0,"veto":0.0,"abstain":1.0,"no_vote":8.0,"count":101.0,"most_vote":"yes","most_vote_ratio":0.9108910891},{"id":52,"title":"GRAV incentives for ATOM and OSMO gUSDC liquidity pools","type":"CommunityPoolSpend","status":"PASSED","yes":106.0,"no":1.0,"veto":0.0,"abstain":0.0,"no_vote":1.0,"count":108.0,"most_vote":"yes","most_vote_ratio":0.9814814815},{"id":47,"title":"Kinesis AMM shared incentivesCommunity Spend to provide liquidity incentives","type":"CommunityPoolSpend","status":"PASSED","yes":104.0,"no":1.0,"veto":0.0,"abstain":3.0,"no_vote":0.0,"count":108.0,"most_vote":"yes","most_vote_ratio":0.962962963},{"id":39,"title":"PROPOSAL to fund Gravity Group 1 Community Management","type":"CommunityPoolSpend","status":"PASSED","yes":100.0,"no":1.0,"veto":0.0,"abstain":3.0,"no_vote":2.0,"count":106.0,"most_vote":"yes","most_vote_ratio":0.9433962264},{"id":38,"title":"Renew Gravity liquidity incentives to GRAVOSMO Osmosis pool 625","type":"CommunityPoolSpend","status":"PASSED","yes":107.0,"no":0.0,"veto":0.0,"abstain":1.0,"no_vote":0.0,"count":108.0,"most_vote":"yes","most_vote_ratio":0.9907407407},{"id":35,"title":"GRAV incentives for ATOM and OSMO gUSDC liquidity pools","type":"CommunityPoolSpend","status":"PASSED","yes":107.0,"no":0.0,"veto":0.0,"abstain":1.0,"no_vote":0.0,"count":108.0,"most_vote":"yes","most_vote_ratio":0.9907407407},{"id":33,"title":"Matching GRAVIRIS incentives for Liquidity Pools on Coinswap","type":"CommunityPoolSpend","status":"PASSED","yes":95.0,"no":6.0,"veto":0.0,"abstain":4.0,"no_vote":1.0,"count":106.0,"most_vote":"yes","most_vote_ratio":0.8962264151},{"id":32,"title":"Proposal for Gravity Grant RFP 1 UIGUI","type":"CommunityPoolSpend","status":"PASSED","yes":85.0,"no":2.0,"veto":0.0,"abstain":2.0,"no_vote":11.0,"count":100.0,"most_vote":"yes","most_vote_ratio":0.85},{"id":29,"title":"Proposal for Gravity Grant RFP 1 UIGUI","type":"CommunityPoolSpend","status":"PASSED","yes":86.0,"no":1.0,"veto":0.0,"abstain":0.0,"no_vote":13.0,"count":100.0,"most_vote":"yes","most_vote_ratio":0.86},{"id":28,"title":"Proposal for Gravity Grant RFP 1 UIGUI","type":"CommunityPoolSpend","status":"PASSED","yes":96.0,"no":0.0,"veto":0.0,"abstain":0.0,"no_vote":6.0,"count":102.0,"most_vote":"yes","most_vote_ratio":0.9411764706},{"id":25,"title":"Proposal for external incentives for GRAV liquidity providers","type":"CommunityPoolSpend","status":"PASSED","yes":105.0,"no":2.0,"veto":0.0,"abstain":0.0,"no_vote":0.0,"count":107.0,"most_vote":"yes","most_vote_ratio":0.9813084112},{"id":23,"title":"Provide Liqudity","type":"Text","status":"REJECTED","yes":12.0,"no":40.0,"veto":19.0,"abstain":4.0,"no_vote":22.0,"count":97.0,"most_vote":"no","most_vote_ratio":0.412371134},{"id":22,"title":"Balance out new validators helping the network","type":"Airdrop","status":"REJECTED","yes":13.0,"no":43.0,"veto":23.0,"abstain":1.0,"no_vote":19.0,"count":99.0,"most_vote":"no","most_vote_ratio":0.4343434343},{"id":20,"title":"register HUAHUA token metadata","type":"IBC","status":"REJECTED","yes":39.0,"no":54.0,"veto":0.0,"abstain":4.0,"no_vote":4.0,"count":101.0,"most_vote":"no","most_vote_ratio":0.5346534653}]