[{"voter":"Imperatorco","cluster_label":3,"tsne_x":14.1599750519,"tsne_y":3.8162047863,"participation_rate":0.975},{"voter":" AutoStake  Slash Protected","cluster_label":3,"tsne_x":11.1164522171,"tsne_y":3.5937068462,"participation_rate":0.925},{"voter":"BHarvest","cluster_label":3,"tsne_x":10.7145433426,"tsne_y":-8.1084451675,"participation_rate":0.875},{"voter":"Provalidator","cluster_label":3,"tsne_x":16.1302509308,"tsne_y":-5.4272632599,"participation_rate":0.775},{"voter":"Simply Staking","cluster_label":3,"tsne_x":18.9563274384,"tsne_y":-1.0847973824,"participation_rate":0.1},{"voter":"StakeLabzone","cluster_label":3,"tsne_x":14.2246370316,"tsne_y":-8.4530439377,"participation_rate":0.225},{"voter":"Crosnest","cluster_label":3,"tsne_x":15.7371826172,"tsne_y":5.1147298813,"participation_rate":0.8},{"voter":"KalpaTech","cluster_label":3,"tsne_x":19.5653095245,"tsne_y":-5.1516661644,"participation_rate":0.275},{"voter":"Chorus One","cluster_label":3,"tsne_x":9.2555074692,"tsne_y":1.1516838074,"participation_rate":0.925},{"voter":"Forbole","cluster_label":3,"tsne_x":13.1046476364,"tsne_y":-10.4312419891,"participation_rate":0.425},{"voter":"Swiss Staking","cluster_label":3,"tsne_x":18.3718700409,"tsne_y":-3.6895632744,"participation_rate":0.0},{"voter":"POSTHUMAN  StakeDrop","cluster_label":3,"tsne_x":13.3040246964,"tsne_y":-3.7936449051,"participation_rate":0.5},{"voter":"0basevc","cluster_label":3,"tsne_x":15.8898544312,"tsne_y":-0.1854235977,"participation_rate":0.925},{"voter":"Node Guardians","cluster_label":3,"tsne_x":15.0507764816,"tsne_y":-3.7494018078,"participation_rate":0.925},{"voter":"Figment","cluster_label":3,"tsne_x":8.2949037552,"tsne_y":-7.7804918289,"participation_rate":0.1},{"voter":"Tessellated","cluster_label":3,"tsne_x":17.0605869293,"tsne_y":-3.1417691708,"participation_rate":0.6},{"voter":"Citadelone","cluster_label":3,"tsne_x":9.2218532562,"tsne_y":3.578471899,"participation_rate":0.65},{"voter":"Informal Systems","cluster_label":3,"tsne_x":4.7569966316,"tsne_y":4.0606174469,"participation_rate":0.4},{"voter":"Cosmostation","cluster_label":3,"tsne_x":13.7891817093,"tsne_y":5.3800311089,"participation_rate":0.925},{"voter":"BlockHunters ","cluster_label":7,"tsne_x":3.3006904125,"tsne_y":-14.7773838043,"participation_rate":0.55},{"voter":"polkachucom","cluster_label":3,"tsne_x":7.3064622879,"tsne_y":-7.9343137741,"participation_rate":1.0},{"voter":"Meria","cluster_label":7,"tsne_x":2.3234302998,"tsne_y":-0.6819406152,"participation_rate":0.825},{"voter":"DSRV","cluster_label":3,"tsne_x":15.5190525055,"tsne_y":8.6544809341,"participation_rate":0.625},{"voter":"ChainLayer","cluster_label":3,"tsne_x":5.783613205,"tsne_y":-9.1897478104,"participation_rate":0.775},{"voter":"ushakov","cluster_label":5,"tsne_x":-19.8138942719,"tsne_y":-1.2236838341,"participation_rate":0.85},{"voter":"Staketab","cluster_label":2,"tsne_x":-17.836271286,"tsne_y":2.5493474007,"participation_rate":0.25},{"voter":"Everstake","cluster_label":6,"tsne_x":3.9234137535,"tsne_y":8.6950683594,"participation_rate":0.45},{"voter":"Coinbase","cluster_label":3,"tsne_x":-17.9937801361,"tsne_y":5.0793561935,"participation_rate":0.0},{"voter":"Stakin","cluster_label":7,"tsne_x":26.6543445587,"tsne_y":3.9071452618,"participation_rate":0.975},{"voter":"Enigma","cluster_label":7,"tsne_x":-0.9336266518,"tsne_y":-3.8416149616,"participation_rate":0.55},{"voter":"Stakewollecom  Autocompound","cluster_label":6,"tsne_x":6.4627671242,"tsne_y":15.5935382843,"participation_rate":0.875},{"voter":"Validatriumcom","cluster_label":2,"tsne_x":-14.3447580338,"tsne_y":-0.5485388041,"participation_rate":0.95},{"voter":"NodeMonster","cluster_label":2,"tsne_x":-3.9969096184,"tsne_y":2.3610150814,"participation_rate":0.975},{"voter":"DO NOT DELEGATE","cluster_label":2,"tsne_x":-5.6516885757,"tsne_y":6.8973388672,"participation_rate":0.0},{"voter":"MantiCore","cluster_label":2,"tsne_x":-8.0472517014,"tsne_y":6.3574533463,"participation_rate":0.0},{"voter":"Inter Blockchain Services","cluster_label":5,"tsne_x":-13.2620944977,"tsne_y":7.5391054153,"participation_rate":0.725},{"voter":"3venturesio  autocompound via reStake","cluster_label":2,"tsne_x":-9.8381099701,"tsne_y":5.4184484482,"participation_rate":0.0},{"voter":"ValiDAO","cluster_label":2,"tsne_x":-4.5854172707,"tsne_y":-7.6140704155,"participation_rate":0.3},{"voter":"ChainodeTech","cluster_label":5,"tsne_x":-13.5646724701,"tsne_y":-4.0463590622,"participation_rate":0.625},{"voter":"Anonstake","cluster_label":2,"tsne_x":-12.9195995331,"tsne_y":4.30656147,"participation_rate":0.0},{"voter":"50 Validator  Airdrop","cluster_label":4,"tsne_x":21.6689128876,"tsne_y":6.043885231,"participation_rate":0.025},{"voter":"bitszn","cluster_label":7,"tsne_x":-1.4312106371,"tsne_y":18.6395568848,"participation_rate":0.975},{"voter":"Nodiums","cluster_label":7,"tsne_x":-14.4165277481,"tsne_y":16.0352478027,"participation_rate":0.975},{"voter":"Kiln","cluster_label":6,"tsne_x":4.6179976463,"tsne_y":12.0423574448,"participation_rate":0.0},{"voter":"Flipside","cluster_label":7,"tsne_x":-1.6718680859,"tsne_y":-10.3175792694,"participation_rate":0.55},{"voter":"Crypto Lion","cluster_label":7,"tsne_x":-2.8099815845,"tsne_y":20.4225654602,"participation_rate":0.05},{"voter":"Validation Cloud","cluster_label":2,"tsne_x":-0.0914368704,"tsne_y":-0.907379508,"participation_rate":0.0},{"voter":"BwareLabs","cluster_label":6,"tsne_x":-0.6515361071,"tsne_y":2.7233271599,"participation_rate":0.65},{"voter":" CryptoCrew Validators IBCgang","cluster_label":0,"tsne_x":-17.9665908813,"tsne_y":-4.6225886345,"participation_rate":0.575},{"voter":"Synergy Nodes","cluster_label":6,"tsne_x":-2.9295613766,"tsne_y":14.6669559479,"participation_rate":0.8},{"voter":"QuantNode","cluster_label":2,"tsne_x":-10.170545578,"tsne_y":8.6553916931,"participation_rate":0.7},{"voter":"Lets Node  1package","cluster_label":2,"tsne_x":-9.1624250412,"tsne_y":10.3028345108,"participation_rate":0.95},{"voter":"P2PORG Validator","cluster_label":2,"tsne_x":-15.0905332565,"tsne_y":11.1680612564,"participation_rate":0.6},{"voter":"LunaNova","cluster_label":2,"tsne_x":-8.6787185669,"tsne_y":-0.5003710985,"participation_rate":0.725},{"voter":"CoinHippo","cluster_label":2,"tsne_x":-9.2370290756,"tsne_y":1.2796803713,"participation_rate":0.5},{"voter":"Contribution DAO","cluster_label":6,"tsne_x":-22.053401947,"tsne_y":20.7334957123,"participation_rate":0.875},{"voter":"Brightlystake","cluster_label":2,"tsne_x":-7.6956868172,"tsne_y":9.0111751556,"participation_rate":0.825},{"voter":"Redbooker","cluster_label":2,"tsne_x":-10.5547351837,"tsne_y":-2.9619755745,"participation_rate":0.95},{"voter":"POPS Team","cluster_label":2,"tsne_x":-7.1199450493,"tsne_y":1.8753302097,"participation_rate":0.975},{"voter":"CryptoSailors","cluster_label":2,"tsne_x":-7.6027774811,"tsne_y":-2.0793464184,"participation_rate":0.825},{"voter":"4SV","cluster_label":2,"tsne_x":-10.3166275024,"tsne_y":-5.6062293053,"participation_rate":0.575},{"voter":"CoinMetrika","cluster_label":2,"tsne_x":-7.3194231987,"tsne_y":-7.3957953453,"participation_rate":0.65},{"voter":"Qubelabs","cluster_label":2,"tsne_x":-6.7702412605,"tsne_y":0.4220423102,"participation_rate":0.975},{"voter":"axelarcore0","cluster_label":2,"tsne_x":-9.2862653732,"tsne_y":3.8510169983,"participation_rate":0.05},{"voter":"rodion","cluster_label":2,"tsne_x":-10.2887029648,"tsne_y":2.8483235836,"participation_rate":0.075},{"voter":"Squid","cluster_label":2,"tsne_x":-6.2913031578,"tsne_y":3.4352884293,"participation_rate":0.775},{"voter":"Ledger by Chorus One","cluster_label":6,"tsne_x":4.8789014816,"tsne_y":13.9289169312,"participation_rate":0.0},{"voter":"HoodRun","cluster_label":2,"tsne_x":-12.0110788345,"tsne_y":1.4072673321,"participation_rate":0.65},{"voter":"Terminet","cluster_label":5,"tsne_x":9.1995325089,"tsne_y":11.0662298203,"participation_rate":0.0},{"voter":"FinoaConsensusServices","cluster_label":6,"tsne_x":0.4669389427,"tsne_y":16.2125320435,"participation_rate":0.0},{"voter":"AlexZ","cluster_label":2,"tsne_x":-11.4045629501,"tsne_y":-1.6984500885,"participation_rate":0.925},{"voter":"RockawayX Infra","cluster_label":6,"tsne_x":-7.2775888443,"tsne_y":11.78698349,"participation_rate":0.7},{"voter":" carbonZERO","cluster_label":2,"tsne_x":-6.4680953026,"tsne_y":-9.1861248016,"participation_rate":0.075},{"voter":"Rekt","cluster_label":2,"tsne_x":-6.4646453857,"tsne_y":-10.9406461716,"participation_rate":0.025},{"voter":"ForestStaking","cluster_label":2,"tsne_x":-4.8372774124,"tsne_y":-9.7181787491,"participation_rate":0.075},{"voter":"JuliF0x","cluster_label":2,"tsne_x":-8.0475187302,"tsne_y":-10.1905012131,"participation_rate":0.05},{"voter":"Softhouse","cluster_label":2,"tsne_x":-5.3616056442,"tsne_y":-3.0670247078,"participation_rate":0.575},{"voter":"SwigsStaking","cluster_label":2,"tsne_x":-7.3603639603,"tsne_y":-12.9362621307,"participation_rate":0.15},{"voter":"anvel","cluster_label":2,"tsne_x":-5.0544419289,"tsne_y":-11.5896463394,"participation_rate":0.075}]