[{"voter":"Chainflow","cluster_label":3,"tsne_x":-1.8455392122,"tsne_y":16.5222511292,"participation_rate":0.5},{"voter":"Imperatorco","cluster_label":3,"tsne_x":-10.9385995865,"tsne_y":13.6137056351,"participation_rate":0.98},{"voter":" AutoStake  Slash Protected","cluster_label":3,"tsne_x":-13.2772989273,"tsne_y":12.6032743454,"participation_rate":1.0},{"voter":"Simply Staking","cluster_label":3,"tsne_x":-3.0343694687,"tsne_y":14.4355669022,"participation_rate":0.74},{"voter":"StakeLabzone","cluster_label":3,"tsne_x":-4.3296175003,"tsne_y":11.1159973145,"participation_rate":0.34},{"voter":"SpacePotato","cluster_label":3,"tsne_x":-4.5930695534,"tsne_y":8.2586431503,"participation_rate":0.58},{"voter":"Vitwit Previously Witval","cluster_label":3,"tsne_x":-0.1977010369,"tsne_y":13.56179142,"participation_rate":0.76},{"voter":"SG1","cluster_label":3,"tsne_x":-8.7076759338,"tsne_y":2.6440017223,"participation_rate":0.28},{"voter":"Chorus One","cluster_label":3,"tsne_x":-8.6247787476,"tsne_y":12.4799175262,"participation_rate":0.94},{"voter":"Forbole","cluster_label":3,"tsne_x":-3.8674573898,"tsne_y":11.8072090149,"participation_rate":0.64},{"voter":"POSTHUMAN  StakeDrop","cluster_label":3,"tsne_x":-6.3793168068,"tsne_y":11.6891851425,"participation_rate":0.68},{"voter":"Ping","cluster_label":3,"tsne_x":-2.4028606415,"tsne_y":9.3860654831,"participation_rate":0.16},{"voter":"0basevc","cluster_label":3,"tsne_x":-8.509226799,"tsne_y":8.6829175949,"participation_rate":1.0},{"voter":"Smart Stake ","cluster_label":3,"tsne_x":-10.7664890289,"tsne_y":14.0520687103,"participation_rate":0.94},{"voter":" block pane ","cluster_label":3,"tsne_x":-3.1519911289,"tsne_y":7.8734455109,"participation_rate":0.14},{"voter":"WhisperNode ","cluster_label":3,"tsne_x":-12.8840484619,"tsne_y":11.477022171,"participation_rate":0.46},{"voter":"Stakyio","cluster_label":3,"tsne_x":-3.2206959724,"tsne_y":9.1887235641,"participation_rate":0.02},{"voter":"Kahuna","cluster_label":7,"tsne_x":3.4567914009,"tsne_y":-3.1901357174,"participation_rate":0.24},{"voter":"16psyche","cluster_label":7,"tsne_x":4.9312949181,"tsne_y":1.1196154356,"participation_rate":0.68},{"voter":"Nocturnal Labs","cluster_label":7,"tsne_x":0.5723526478,"tsne_y":5.0519170761,"participation_rate":0.76},{"voter":"decentralizehk  DHK dao","cluster_label":3,"tsne_x":-9.5116825104,"tsne_y":6.6584768295,"participation_rate":0.8},{"voter":"Kalia Network","cluster_label":1,"tsne_x":-2.5880608559,"tsne_y":3.6241297722,"participation_rate":0.86},{"voter":"ECO Stake ","cluster_label":3,"tsne_x":-12.4189910889,"tsne_y":8.7554702759,"participation_rate":1.0},{"voter":"NosNode","cluster_label":3,"tsne_x":-3.5655851364,"tsne_y":16.1918392181,"participation_rate":0.74},{"voter":"Citadelone","cluster_label":3,"tsne_x":-12.9534673691,"tsne_y":13.3071680069,"participation_rate":0.92},{"voter":"Informal Systems","cluster_label":3,"tsne_x":-12.1719083786,"tsne_y":8.3532886505,"participation_rate":0.62},{"voter":" LavenderFive Nodes ","cluster_label":3,"tsne_x":-13.5135612488,"tsne_y":9.2103557587,"participation_rate":0.74},{"voter":"Frens ","cluster_label":3,"tsne_x":-10.7989406586,"tsne_y":10.5539808273,"participation_rate":0.24},{"voter":"Cosmostation","cluster_label":3,"tsne_x":-11.1706142426,"tsne_y":12.7375774384,"participation_rate":0.98},{"voter":"Kleomedes","cluster_label":1,"tsne_x":-14.0303659439,"tsne_y":-0.8151580691,"participation_rate":0.66},{"voter":"OmniFlix Network","cluster_label":3,"tsne_x":-14.3591814041,"tsne_y":-5.017996788,"participation_rate":0.64},{"voter":"GATA HUB","cluster_label":3,"tsne_x":-10.2668924332,"tsne_y":5.3681941032,"participation_rate":0.6},{"voter":"hydrogen18","cluster_label":7,"tsne_x":8.6672306061,"tsne_y":-8.9804506302,"participation_rate":0.08},{"voter":"Coinage x DAIC","cluster_label":3,"tsne_x":-14.1448717117,"tsne_y":10.7826490402,"participation_rate":0.3},{"voter":"Stakecito","cluster_label":3,"tsne_x":-11.4047574997,"tsne_y":10.8654222488,"participation_rate":0.86},{"voter":"Meria","cluster_label":7,"tsne_x":0.457793802,"tsne_y":4.7788434029,"participation_rate":0.76},{"voter":"BronBro","cluster_label":3,"tsne_x":-7.3025517464,"tsne_y":11.7057590485,"participation_rate":0.0},{"voter":"Cypher Core","cluster_label":3,"tsne_x":-9.1785993576,"tsne_y":7.2464914322,"participation_rate":0.68},{"voter":"ChainLayer","cluster_label":3,"tsne_x":0.0126119778,"tsne_y":6.5003886223,"participation_rate":0.82},{"voter":"Active Nodes","cluster_label":3,"tsne_x":-1.1032893658,"tsne_y":9.9115447998,"participation_rate":0.98},{"voter":"DACM","cluster_label":4,"tsne_x":6.5803256035,"tsne_y":-5.7166104317,"participation_rate":0.52},{"voter":"strangelove","cluster_label":1,"tsne_x":1.011654973,"tsne_y":13.4513053894,"participation_rate":0.48},{"voter":"ushakov","cluster_label":5,"tsne_x":-5.024204731,"tsne_y":-8.432425499,"participation_rate":0.1},{"voter":"c29r3","cluster_label":4,"tsne_x":10.0376176834,"tsne_y":5.8249025345,"participation_rate":0.74},{"voter":"Allnodes","cluster_label":3,"tsne_x":-12.3951158524,"tsne_y":7.2428355217,"participation_rate":0.72},{"voter":"PoS Node","cluster_label":1,"tsne_x":-2.020162344,"tsne_y":3.1108193398,"participation_rate":0.82},{"voter":"Tedcryptoio   TedLotto","cluster_label":1,"tsne_x":-11.6529741287,"tsne_y":2.6455898285,"participation_rate":0.58},{"voter":"kooltek68","cluster_label":2,"tsne_x":1.3979291916,"tsne_y":-6.3084001541,"participation_rate":0.42},{"voter":"CroutonDigital","cluster_label":7,"tsne_x":2.5747306347,"tsne_y":-3.8236560822,"participation_rate":0.16},{"voter":"coaction","cluster_label":5,"tsne_x":4.068253994,"tsne_y":-8.7962217331,"participation_rate":0.04},{"voter":"EZ Staking","cluster_label":7,"tsne_x":10.5478286743,"tsne_y":11.9989233017,"participation_rate":0.54},{"voter":"Stakin","cluster_label":7,"tsne_x":-7.7641501427,"tsne_y":0.5464003682,"participation_rate":0.94},{"voter":"notional","cluster_label":1,"tsne_x":-11.1175632477,"tsne_y":-0.4843598902,"participation_rate":0.48},{"voter":"WeStaking","cluster_label":3,"tsne_x":-9.7635593414,"tsne_y":1.2818500996,"participation_rate":0.74},{"voter":"SmartNodes  Slash Protected","cluster_label":1,"tsne_x":-11.5384302139,"tsne_y":0.5896109939,"participation_rate":0.02},{"voter":"Yurbason","cluster_label":1,"tsne_x":-13.2771244049,"tsne_y":1.0139881372,"participation_rate":0.0},{"voter":"Neta DAO","cluster_label":1,"tsne_x":-12.158823967,"tsne_y":0.1138795316,"participation_rate":0.82},{"voter":"Chandra Station","cluster_label":1,"tsne_x":-11.8025798798,"tsne_y":0.5497464538,"participation_rate":0.42},{"voter":"Stake Frites  ","cluster_label":0,"tsne_x":10.2204790115,"tsne_y":1.3447608948,"participation_rate":0.88},{"voter":"Decloud Nodes Lab","cluster_label":4,"tsne_x":7.8217978477,"tsne_y":0.8105046749,"participation_rate":0.72},{"voter":"HashKey Cloud","cluster_label":7,"tsne_x":-2.1814246178,"tsne_y":-0.690593183,"participation_rate":0.06},{"voter":"chainvibes","cluster_label":1,"tsne_x":-12.3919525146,"tsne_y":-1.0250664949,"participation_rate":0.96},{"voter":"Consensus One","cluster_label":1,"tsne_x":3.8088891506,"tsne_y":-12.7133321762,"participation_rate":0.04},{"voter":"Stakewollecom  Autocompound","cluster_label":6,"tsne_x":-1.6680784225,"tsne_y":-3.2919986248,"participation_rate":0.96},{"voter":"Wetez","cluster_label":5,"tsne_x":-3.5812296867,"tsne_y":-11.083111763,"participation_rate":0.3},{"voter":"Architect Nodes","cluster_label":7,"tsne_x":-10.2728567123,"tsne_y":-5.5056037903,"participation_rate":0.08},{"voter":"HEXXAGON","cluster_label":2,"tsne_x":2.4781153202,"tsne_y":-11.0077552795,"participation_rate":0.0},{"voter":"DECOMISSIONED AUDITone","cluster_label":0,"tsne_x":-1.7195818424,"tsne_y":-10.9118442535,"participation_rate":0.08},{"voter":"Army IDs","cluster_label":1,"tsne_x":11.8488416672,"tsne_y":4.0653209686,"participation_rate":0.94},{"voter":"Bit Cat","cluster_label":1,"tsne_x":-7.8938550949,"tsne_y":-13.3246450424,"participation_rate":0.28},{"voter":"Easy 2 Stake","cluster_label":6,"tsne_x":-6.8324899673,"tsne_y":-2.9507110119,"participation_rate":0.78},{"voter":"Nodeasycom","cluster_label":5,"tsne_x":14.1568088531,"tsne_y":-4.0945453644,"participation_rate":0.58},{"voter":"jetlife","cluster_label":4,"tsne_x":7.2234458923,"tsne_y":-11.9674806595,"participation_rate":0.24},{"voter":"Sikka","cluster_label":5,"tsne_x":-3.6113958359,"tsne_y":-6.1220312119,"participation_rate":0.04},{"voter":"PLEASE REDELEGATECLOSED","cluster_label":2,"tsne_x":6.7168703079,"tsne_y":-10.385351181,"participation_rate":0.14},{"voter":"SNZPool","cluster_label":7,"tsne_x":-2.9974851608,"tsne_y":-14.5855531693,"participation_rate":0.04},{"voter":"Autonomy  Formerly PrithviDevs ","cluster_label":4,"tsne_x":7.2814388275,"tsne_y":6.9149847031,"participation_rate":0.72},{"voter":"Baset","cluster_label":5,"tsne_x":-0.7325361967,"tsne_y":-14.1303768158,"participation_rate":0.02},{"voter":"Huobi","cluster_label":7,"tsne_x":9.9105377197,"tsne_y":-10.8167715073,"participation_rate":0.12},{"voter":"ChainodeTech","cluster_label":5,"tsne_x":14.9607019424,"tsne_y":-2.9494447708,"participation_rate":0.58},{"voter":"kano","cluster_label":5,"tsne_x":-0.9034658074,"tsne_y":-14.3355922699,"participation_rate":0.02},{"voter":"Cosmic Validator  Auto Compound","cluster_label":4,"tsne_x":9.492729187,"tsne_y":8.4501314163,"participation_rate":0.98},{"voter":"ValidatorNode","cluster_label":4,"tsne_x":10.0399503708,"tsne_y":2.3377394676,"participation_rate":0.94},{"voter":"UNDELEGATE FROM HERE","cluster_label":2,"tsne_x":-1.8240921497,"tsne_y":-7.9897499084,"participation_rate":0.06},{"voter":"stakezone","cluster_label":5,"tsne_x":-0.3663797677,"tsne_y":-11.024438858,"participation_rate":0.18},{"voter":"gunray","cluster_label":5,"tsne_x":-2.2836790085,"tsne_y":-9.1369199753,"participation_rate":0.02},{"voter":"Bi23","cluster_label":4,"tsne_x":10.9275827408,"tsne_y":5.3870220184,"participation_rate":0.66},{"voter":"Psycho Node","cluster_label":4,"tsne_x":13.7442989349,"tsne_y":7.8812580109,"participation_rate":0.18},{"voter":"Bitoven","cluster_label":4,"tsne_x":15.933634758,"tsne_y":6.2221164703,"participation_rate":0.92},{"voter":"Komichaincom","cluster_label":4,"tsne_x":10.4672813416,"tsne_y":4.8994441032,"participation_rate":0.8},{"voter":"BoxedCloudnet","cluster_label":4,"tsne_x":13.3514108658,"tsne_y":7.1889953613,"participation_rate":0.16},{"voter":"MANTRA","cluster_label":4,"tsne_x":12.5196561813,"tsne_y":9.2305727005,"participation_rate":0.0},{"voter":"eol","cluster_label":4,"tsne_x":13.0883893967,"tsne_y":7.0338740349,"participation_rate":0.08},{"voter":"cosmosrescue","cluster_label":4,"tsne_x":14.8156023026,"tsne_y":9.1230077744,"participation_rate":0.24},{"voter":"SkyNet  Validators","cluster_label":4,"tsne_x":13.5809926987,"tsne_y":5.462597847,"participation_rate":0.14},{"voter":"Dwebnet","cluster_label":4,"tsne_x":14.293718338,"tsne_y":6.9258985519,"participation_rate":0.02},{"voter":"DLINODESCOM","cluster_label":4,"tsne_x":12.6892347336,"tsne_y":7.5085449219,"participation_rate":0.02},{"voter":"GlacierLuo","cluster_label":4,"tsne_x":11.6983222961,"tsne_y":7.3743338585,"participation_rate":0.02},{"voter":"Domination Finance","cluster_label":4,"tsne_x":11.5350189209,"tsne_y":7.3315839767,"participation_rate":0.02},{"voter":"Arcturian Tech","cluster_label":4,"tsne_x":4.1010150909,"tsne_y":5.0691189766,"participation_rate":0.24},{"voter":"Akash Af","cluster_label":4,"tsne_x":4.0166993141,"tsne_y":4.9835000038,"participation_rate":0.24},{"voter":"ALTER  pathrocknetwork","cluster_label":5,"tsne_x":-2.0217363834,"tsne_y":-14.3538599014,"participation_rate":0.26},{"voter":"decommissioned","cluster_label":2,"tsne_x":-1.1814507246,"tsne_y":-15.8350248337,"participation_rate":0.0},{"voter":"BridgeTower","cluster_label":0,"tsne_x":0.560317874,"tsne_y":-15.292432785,"participation_rate":0.58},{"voter":"MedasDigital","cluster_label":0,"tsne_x":-6.7176218033,"tsne_y":-13.011507988,"participation_rate":0.0},{"voter":"STAKINOLD","cluster_label":5,"tsne_x":0.1226866245,"tsne_y":-10.2867507935,"participation_rate":0.14},{"voter":"Cloudmos","cluster_label":4,"tsne_x":8.6135778427,"tsne_y":5.8476719856,"participation_rate":0.92},{"voter":"Former Moultrie Audits Inactive","cluster_label":5,"tsne_x":0.0314237997,"tsne_y":-13.1525878906,"participation_rate":0.12},{"voter":"MOVING TO NAKANODOXYZ","cluster_label":5,"tsne_x":-0.2402602434,"tsne_y":-9.840880394,"participation_rate":0.1},{"voter":"VaultStaking","cluster_label":2,"tsne_x":8.133808136,"tsne_y":-11.145980835,"participation_rate":0.14},{"voter":"TRGC By Liquify","cluster_label":5,"tsne_x":14.3225231171,"tsne_y":-3.9024446011,"participation_rate":0.38},{"voter":"astravoyage","cluster_label":2,"tsne_x":0.7658191919,"tsne_y":-8.8378477097,"participation_rate":0.02},{"voter":"Anonstake","cluster_label":2,"tsne_x":13.0353965759,"tsne_y":2.730079174,"participation_rate":0.8},{"voter":" polkachucom","cluster_label":7,"tsne_x":3.5920124054,"tsne_y":10.623708725,"participation_rate":0.96},{"voter":"kavalabs","cluster_label":2,"tsne_x":4.1009054184,"tsne_y":-6.2161207199,"participation_rate":0.18},{"voter":"AGE Network","cluster_label":5,"tsne_x":-4.2398133278,"tsne_y":-8.1568832397,"participation_rate":0.14},{"voter":"acheron","cluster_label":2,"tsne_x":0.746417284,"tsne_y":-7.4255928993,"participation_rate":0.02},{"voter":"Octopos","cluster_label":2,"tsne_x":0.9662008286,"tsne_y":-8.0101499557,"participation_rate":0.02},{"voter":"shepaintedfireacrossthesky","cluster_label":2,"tsne_x":-1.1961491108,"tsne_y":-6.8875322342,"participation_rate":0.02},{"voter":"monolith","cluster_label":2,"tsne_x":-1.2909339666,"tsne_y":-8.4411964417,"participation_rate":0.04},{"voter":"SHEA Staking","cluster_label":2,"tsne_x":0.519880116,"tsne_y":-7.8040566444,"participation_rate":0.02},{"voter":"Dorminik","cluster_label":4,"tsne_x":6.1905059814,"tsne_y":-2.8949463367,"participation_rate":0.28},{"voter":"UNBONDING","cluster_label":0,"tsne_x":-6.9359893799,"tsne_y":-13.0581636429,"participation_rate":0.02},{"voter":"Inactive pls undelegate","cluster_label":2,"tsne_x":8.6442251205,"tsne_y":-12.8682861328,"participation_rate":0.4},{"voter":"GreenStake One","cluster_label":2,"tsne_x":0.1405551732,"tsne_y":-8.6081228256,"participation_rate":0.02},{"voter":"inactive","cluster_label":6,"tsne_x":-0.8253421783,"tsne_y":-4.8765268326,"participation_rate":0.02},{"voter":"Oni   Stake for BoostDrop ","cluster_label":7,"tsne_x":-1.5263028145,"tsne_y":12.6510972977,"participation_rate":0.34},{"voter":"Praetor App","cluster_label":4,"tsne_x":9.5399875641,"tsne_y":4.5074753761,"participation_rate":0.84},{"voter":"0xDEADBEEF","cluster_label":6,"tsne_x":-6.5346889496,"tsne_y":-4.1985397339,"participation_rate":0.02},{"voter":"w3coins","cluster_label":4,"tsne_x":0.9986640811,"tsne_y":0.2453075647,"participation_rate":0.72},{"voter":"Vixello","cluster_label":6,"tsne_x":-6.3743934631,"tsne_y":-4.5100021362,"participation_rate":0.24},{"voter":"Aurora Staking ","cluster_label":4,"tsne_x":2.9943366051,"tsne_y":-0.5890182853,"participation_rate":0.46},{"voter":"50 Validator  Airdrop","cluster_label":4,"tsne_x":8.8616962433,"tsne_y":2.5554504395,"participation_rate":0.7},{"voter":"Passage","cluster_label":2,"tsne_x":8.2385368347,"tsne_y":-10.501036644,"participation_rate":0.04},{"voter":"NoDumpNode","cluster_label":4,"tsne_x":7.7294569016,"tsne_y":3.0786323547,"participation_rate":0.78},{"voter":"Jormungand  0y","cluster_label":4,"tsne_x":7.7941789627,"tsne_y":-2.6656093597,"participation_rate":0.52},{"voter":"INACTIVE Please Redelegate  Trivium  TriviumNetwork","cluster_label":2,"tsne_x":8.2700805664,"tsne_y":-10.4021940231,"participation_rate":0.02},{"voter":"StakeSeeker by BTCS","cluster_label":7,"tsne_x":-4.0089969635,"tsne_y":-0.2370602489,"participation_rate":0.32},{"voter":"Crypto Lab Tech","cluster_label":4,"tsne_x":5.6932477951,"tsne_y":-2.482506752,"participation_rate":0.3},{"voter":"europlots","cluster_label":4,"tsne_x":5.7782053947,"tsne_y":-0.8179519176,"participation_rate":0.64},{"voter":" CryptoCrew Validators","cluster_label":6,"tsne_x":-1.2091716528,"tsne_y":-4.0369853973,"participation_rate":0.1},{"voter":"Quasarch","cluster_label":4,"tsne_x":6.7382216454,"tsne_y":0.8838873506,"participation_rate":0.64},{"voter":"Ariel Akash Insider  Powered by NextNetWorks","cluster_label":2,"tsne_x":2.6305351257,"tsne_y":-6.3123540878,"participation_rate":0.12},{"voter":"Atomstaking","cluster_label":4,"tsne_x":5.5958614349,"tsne_y":-0.3068278432,"participation_rate":0.6},{"voter":"black lodge","cluster_label":5,"tsne_x":2.2185931206,"tsne_y":-9.4727687836,"participation_rate":0.08},{"voter":"SHUTTING DOWN","cluster_label":2,"tsne_x":3.3973634243,"tsne_y":-7.8779616356,"participation_rate":0.02},{"voter":"Crypto and Coffee","cluster_label":4,"tsne_x":2.3289694786,"tsne_y":-1.0686893463,"participation_rate":0.3},{"voter":"FoundryUSA","cluster_label":4,"tsne_x":3.375950098,"tsne_y":-0.9944031835,"participation_rate":0.34},{"voter":"OGnome","cluster_label":2,"tsne_x":1.5459976196,"tsne_y":-8.2097501755,"participation_rate":0.02},{"voter":"Defi Dojo Validation","cluster_label":2,"tsne_x":2.2311720848,"tsne_y":-4.5253629684,"participation_rate":0.14}]