[{"voter":"Imperatorco","cluster_label":3,"tsne_x":-6.2255678177,"tsne_y":-8.7674436569,"participation_rate":0.7913669065},{"voter":" AutoStake  Slash Protected","cluster_label":3,"tsne_x":-13.2039384842,"tsne_y":-7.628174305,"participation_rate":0.8848920863},{"voter":"BHarvest","cluster_label":3,"tsne_x":-8.4924860001,"tsne_y":-2.0274708271,"participation_rate":0.5971223022},{"voter":"StakeLabzone","cluster_label":3,"tsne_x":-6.3666901588,"tsne_y":-2.5776152611,"participation_rate":0.345323741},{"voter":"Crosnest","cluster_label":3,"tsne_x":-7.0929279327,"tsne_y":-7.5339741707,"participation_rate":0.7913669065},{"voter":"Chorus One","cluster_label":3,"tsne_x":-7.0175065994,"tsne_y":-5.6299166679,"participation_rate":0.8057553957},{"voter":"Forbole","cluster_label":3,"tsne_x":-7.361802578,"tsne_y":-2.3242435455,"participation_rate":0.3597122302},{"voter":"Bi23 Labs","cluster_label":3,"tsne_x":-7.9439282417,"tsne_y":3.2763535976,"participation_rate":0.1294964029},{"voter":"POSTHUMAN  StakeDrop","cluster_label":3,"tsne_x":-7.478638649,"tsne_y":-4.3719139099,"participation_rate":0.5971223022},{"voter":"Notional","cluster_label":3,"tsne_x":-8.7830696106,"tsne_y":-0.837435782,"participation_rate":0.0431654676},{"voter":"jabbey","cluster_label":3,"tsne_x":-9.5195684433,"tsne_y":-0.469745636,"participation_rate":0.0071942446},{"voter":"Smart Stake ","cluster_label":3,"tsne_x":-5.8069844246,"tsne_y":-9.2313489914,"participation_rate":0.9208633094},{"voter":"WhisperNode ","cluster_label":3,"tsne_x":-11.681230545,"tsne_y":-8.2793035507,"participation_rate":0.6690647482},{"voter":"Figment","cluster_label":3,"tsne_x":-8.4298505783,"tsne_y":2.8970108032,"participation_rate":0.0215827338},{"voter":"Golden Ratio Staking","cluster_label":3,"tsne_x":-8.9359235764,"tsne_y":-7.395611763,"participation_rate":0.6258992806},{"voter":"Ubik Capital","cluster_label":6,"tsne_x":12.9777097702,"tsne_y":-2.5816919804,"participation_rate":0.7050359712},{"voter":"Stakelyio","cluster_label":3,"tsne_x":-11.7988300323,"tsne_y":-8.4001464844,"participation_rate":0.6762589928},{"voter":"ECO Stake ","cluster_label":3,"tsne_x":-8.6268396378,"tsne_y":-8.7677583694,"participation_rate":0.7769784173},{"voter":"Citadelone","cluster_label":3,"tsne_x":-13.1406116486,"tsne_y":-6.4842376709,"participation_rate":0.8920863309},{"voter":"Informal Systems","cluster_label":3,"tsne_x":-8.4964456558,"tsne_y":-9.0421171188,"participation_rate":0.7122302158},{"voter":" LavenderFive Nodes ","cluster_label":3,"tsne_x":-11.2202587128,"tsne_y":-6.3187661171,"participation_rate":0.6474820144},{"voter":"Frens ","cluster_label":3,"tsne_x":-9.9770278931,"tsne_y":-8.5329704285,"participation_rate":0.6474820144},{"voter":"Cosmostation","cluster_label":3,"tsne_x":-7.1728982925,"tsne_y":-8.2071685791,"participation_rate":0.9568345324},{"voter":"DOUBLETOP","cluster_label":1,"tsne_x":-3.0937922001,"tsne_y":0.2243617177,"participation_rate":0.1798561151},{"voter":"White Whale","cluster_label":6,"tsne_x":8.8708486557,"tsne_y":-2.0511598587,"participation_rate":0.7769784173},{"voter":"BlockHunters ","cluster_label":7,"tsne_x":-4.7006468773,"tsne_y":-1.0582479239,"participation_rate":0.0},{"voter":"Coinage x DAIC","cluster_label":3,"tsne_x":-12.1192808151,"tsne_y":-9.5900306702,"participation_rate":0.654676259},{"voter":"Dora Factory","cluster_label":6,"tsne_x":8.7011547089,"tsne_y":6.9132661819,"participation_rate":0.4964028777},{"voter":"Keplr","cluster_label":0,"tsne_x":-6.281001091,"tsne_y":5.1159143448,"participation_rate":0.1870503597},{"voter":"Stakecito","cluster_label":3,"tsne_x":-9.3469028473,"tsne_y":-8.5564775467,"participation_rate":0.8129496403},{"voter":"DSRV","cluster_label":3,"tsne_x":-8.9434614182,"tsne_y":-5.2445101738,"participation_rate":0.4028776978},{"voter":"BronBro","cluster_label":3,"tsne_x":-8.7160596848,"tsne_y":-5.5485134125,"participation_rate":0.3165467626},{"voter":"Allnodes","cluster_label":3,"tsne_x":-8.6626710892,"tsne_y":-10.2652511597,"participation_rate":0.7482014388},{"voter":"Trust Nodes","cluster_label":6,"tsne_x":13.5659294128,"tsne_y":2.6400997639,"participation_rate":0.7625899281},{"voter":"Everstake","cluster_label":6,"tsne_x":-0.2758047581,"tsne_y":12.7086801529,"participation_rate":0.7553956835},{"voter":"PRYZM  StakeDrop","cluster_label":7,"tsne_x":-1.6047731638,"tsne_y":-0.8116253614,"participation_rate":0.1510791367},{"voter":"SCVSecurity","cluster_label":6,"tsne_x":11.3790035248,"tsne_y":4.2992830276,"participation_rate":0.7769784173},{"voter":"Please Redelegate","cluster_label":1,"tsne_x":-1.916734457,"tsne_y":-11.3151273727,"participation_rate":0.0143884892},{"voter":"redelegateplease","cluster_label":1,"tsne_x":2.8134901524,"tsne_y":7.3130331039,"participation_rate":0.035971223},{"voter":"nysanetwork","cluster_label":7,"tsne_x":-6.2245473862,"tsne_y":1.5526037216,"participation_rate":0.0071942446},{"voter":"Stakewollecom  Autocompound","cluster_label":6,"tsne_x":9.3141365051,"tsne_y":1.8510147333,"participation_rate":0.8417266187},{"voter":"Architect Nodes","cluster_label":7,"tsne_x":-1.1246412992,"tsne_y":-11.3604221344,"participation_rate":0.0071942446},{"voter":"Huobi","cluster_label":7,"tsne_x":-4.8340110779,"tsne_y":0.743730247,"participation_rate":0.0071942446},{"voter":"cosmosrescue","cluster_label":4,"tsne_x":3.4516327381,"tsne_y":0.3096368313,"participation_rate":0.4388489209},{"voter":" polkachucom","cluster_label":7,"tsne_x":-3.7141871452,"tsne_y":-2.8727383614,"participation_rate":0.8992805755},{"voter":"inactive","cluster_label":6,"tsne_x":2.5381252766,"tsne_y":8.3540792465,"participation_rate":0.0071942446},{"voter":"w3coins","cluster_label":4,"tsne_x":-1.1216408014,"tsne_y":2.9300670624,"participation_rate":0.0863309353},{"voter":" CryptoCrew Validators","cluster_label":6,"tsne_x":10.8919467926,"tsne_y":1.1307487488,"participation_rate":0.7769784173},{"voter":"coinhallorg ","cluster_label":6,"tsne_x":9.2568397522,"tsne_y":0.0534289181,"participation_rate":0.6618705036},{"voter":"Twinstake","cluster_label":6,"tsne_x":12.6048755646,"tsne_y":0.9036502838,"participation_rate":0.654676259},{"voter":"Kiln","cluster_label":6,"tsne_x":-13.3218584061,"tsne_y":2.3324167728,"participation_rate":0.7697841727},{"voter":"InfStones","cluster_label":6,"tsne_x":-3.5677690506,"tsne_y":-12.8652992249,"participation_rate":0.0},{"voter":"BwareLabs","cluster_label":6,"tsne_x":1.5047771931,"tsne_y":0.8994398713,"participation_rate":0.6762589928},{"voter":"AUDITone","cluster_label":6,"tsne_x":6.4344816208,"tsne_y":0.6019846201,"participation_rate":0.4964028777},{"voter":"Synergy Nodes","cluster_label":6,"tsne_x":3.3539755344,"tsne_y":9.6348829269,"participation_rate":0.0},{"voter":"Contribution DAO","cluster_label":6,"tsne_x":7.0036168098,"tsne_y":5.2203536034,"participation_rate":0.3237410072},{"voter":"Ledger by Chorus One","cluster_label":6,"tsne_x":12.0524682999,"tsne_y":1.6015191078,"participation_rate":0.7697841727},{"voter":"FinoaConsensusServices","cluster_label":6,"tsne_x":2.8013675213,"tsne_y":8.1892242432,"participation_rate":0.1654676259},{"voter":"undelegate","cluster_label":6,"tsne_x":-2.2679715157,"tsne_y":8.8240327835,"participation_rate":0.0071942446},{"voter":"POSTCAPITALIST","cluster_label":6,"tsne_x":-1.8683767319,"tsne_y":8.0030660629,"participation_rate":0.0287769784},{"voter":"Black Panther  Delegate for Claimdrop","cluster_label":6,"tsne_x":8.3203573227,"tsne_y":5.4119729996,"participation_rate":0.273381295},{"voter":"Innovating Capital","cluster_label":6,"tsne_x":8.1331958771,"tsne_y":4.9536499977,"participation_rate":0.0935251799},{"voter":"Open DeFi","cluster_label":6,"tsne_x":8.0391979218,"tsne_y":4.8417520523,"participation_rate":0.0143884892},{"voter":"Injective Node 0","cluster_label":6,"tsne_x":0.9599756598,"tsne_y":8.1634540558,"participation_rate":0.0071942446},{"voter":" Crypteloid","cluster_label":6,"tsne_x":-1.3542388678,"tsne_y":7.7583041191,"participation_rate":0.0071942446},{"voter":"50 Validator  Airdrop ","cluster_label":6,"tsne_x":-1.3870388269,"tsne_y":7.1976380348,"participation_rate":0.0431654676},{"voter":"please redelegate  shutting down","cluster_label":6,"tsne_x":-2.0158622265,"tsne_y":7.1963152885,"participation_rate":0.0071942446},{"voter":"Ready Block","cluster_label":6,"tsne_x":-2.7653355598,"tsne_y":7.6971731186,"participation_rate":0.0071942446},{"voter":"redelegate to StakeLab","cluster_label":6,"tsne_x":-3.009169817,"tsne_y":5.6363105774,"participation_rate":0.071942446},{"voter":"Liquify","cluster_label":6,"tsne_x":-3.3415193558,"tsne_y":4.3587946892,"participation_rate":0.0},{"voter":"Helios Staking","cluster_label":6,"tsne_x":6.9854679108,"tsne_y":6.7393960953,"participation_rate":0.4100719424},{"voter":"HashQuark","cluster_label":6,"tsne_x":-2.4674873352,"tsne_y":7.102704525,"participation_rate":0.0143884892},{"voter":"Talis Protocol","cluster_label":6,"tsne_x":10.1713085175,"tsne_y":5.4366588593,"participation_rate":0.6834532374},{"voter":"Injective Finance","cluster_label":6,"tsne_x":-3.1827113628,"tsne_y":4.5309128761,"participation_rate":0.0143884892},{"voter":"Ormanxyz","cluster_label":6,"tsne_x":-3.4989221096,"tsne_y":2.5739879608,"participation_rate":0.0287769784},{"voter":"Swiss Staking  Bare Metal  Bunker","cluster_label":6,"tsne_x":-1.552739501,"tsne_y":1.1628026962,"participation_rate":0.1798561151},{"voter":"Injective Node 3","cluster_label":2,"tsne_x":-2.7429449558,"tsne_y":2.446397543,"participation_rate":0.0071942446},{"voter":"Injective Node 1","cluster_label":2,"tsne_x":-2.7429449558,"tsne_y":2.446397543,"participation_rate":0.0071942446},{"voter":"Do Not Delegate","cluster_label":0,"tsne_x":-3.0265350342,"tsne_y":1.657510519,"participation_rate":0.0071942446},{"voter":"Hoss Army by 01node","cluster_label":6,"tsne_x":3.1384441853,"tsne_y":2.3627171516,"participation_rate":0.5899280576},{"voter":"Oni  Stake for BoostDrop ","cluster_label":6,"tsne_x":2.6698555946,"tsne_y":1.4091768265,"participation_rate":0.6258992806},{"voter":"PartnerStaking  Timeworxio Airdrop","cluster_label":6,"tsne_x":-0.4331660271,"tsne_y":0.850913465,"participation_rate":0.3309352518},{"voter":"Cosmic Validator  Top Uptime  Autocompound","cluster_label":6,"tsne_x":10.6734962463,"tsne_y":0.8785449862,"participation_rate":0.7697841727},{"voter":"kingnodes ","cluster_label":6,"tsne_x":10.4410991669,"tsne_y":-0.294465065,"participation_rate":0.6474820144},{"voter":"Daily ExtraRewards  Nodeof Cosmonauts","cluster_label":6,"tsne_x":-2.0727243423,"tsne_y":1.745931983,"participation_rate":0.0215827338},{"voter":"Decentrio","cluster_label":6,"tsne_x":10.2079963684,"tsne_y":-0.7282007337,"participation_rate":0.5395683453},{"voter":"NODEJUMPER","cluster_label":6,"tsne_x":-3.3256547451,"tsne_y":1.9159200191,"participation_rate":0.0287769784},{"voter":"Hex Technologies","cluster_label":6,"tsne_x":11.0203676224,"tsne_y":1.8978506327,"participation_rate":0.6258992806},{"voter":"A41","cluster_label":6,"tsne_x":4.6444015503,"tsne_y":1.8958712816,"participation_rate":0.5467625899},{"voter":"Neptune Foundation","cluster_label":6,"tsne_x":2.4838273525,"tsne_y":3.268239975,"participation_rate":0.3669064748},{"voter":"gumi","cluster_label":6,"tsne_x":1.311435461,"tsne_y":2.50258255,"participation_rate":0.1726618705},{"voter":"Felix","cluster_label":6,"tsne_x":1.2009028196,"tsne_y":3.4617576599,"participation_rate":0.2302158273},{"voter":"NTT Digital","cluster_label":6,"tsne_x":-4.7133798599,"tsne_y":3.5934751034,"participation_rate":0.0647482014}]