[{"voter":" AutoStake  Slash Protected","cluster_label":3,"tsne_x":9.2423381805,"tsne_y":-1.8888392448,"participation_rate":0.9069767442},{"voter":"Crosnest","cluster_label":3,"tsne_x":7.7759513855,"tsne_y":-0.8119792342,"participation_rate":0.8372093023},{"voter":"SG1","cluster_label":3,"tsne_x":0.045753479,"tsne_y":-0.8685087562,"participation_rate":0.2790697674},{"voter":"Chorus One","cluster_label":3,"tsne_x":8.2186965942,"tsne_y":-2.5170035362,"participation_rate":0.9534883721},{"voter":"Bi23 Labs","cluster_label":3,"tsne_x":5.4777832031,"tsne_y":-5.0420498848,"participation_rate":0.3953488372},{"voter":"kytzu","cluster_label":7,"tsne_x":-8.8423843384,"tsne_y":-1.7624175549,"participation_rate":0.0697674419},{"voter":"Notional","cluster_label":3,"tsne_x":7.3587832451,"tsne_y":-5.7516555786,"participation_rate":0.5581395349},{"voter":" block pane ","cluster_label":3,"tsne_x":4.3376383781,"tsne_y":-4.4227862358,"participation_rate":0.511627907},{"voter":"stakefish","cluster_label":3,"tsne_x":5.0428366661,"tsne_y":-3.757024765,"participation_rate":0.0697674419},{"voter":"d3akashcloud","cluster_label":3,"tsne_x":5.8455910683,"tsne_y":-4.8188481331,"participation_rate":0.6046511628},{"voter":"Figment","cluster_label":3,"tsne_x":6.7564377785,"tsne_y":-4.6340165138,"participation_rate":0.0},{"voter":"Oldcat","cluster_label":3,"tsne_x":5.0316534042,"tsne_y":-3.3914530277,"participation_rate":0.5813953488},{"voter":" Stakepile","cluster_label":5,"tsne_x":10.1221017838,"tsne_y":7.9218659401,"participation_rate":0.3023255814},{"voter":"CLOSED","cluster_label":5,"tsne_x":9.0500736237,"tsne_y":7.9296808243,"participation_rate":0.0},{"voter":"Citadelone","cluster_label":3,"tsne_x":8.9011869431,"tsne_y":-1.5722700357,"participation_rate":0.8837209302},{"voter":"Frens ","cluster_label":3,"tsne_x":6.1728258133,"tsne_y":-1.8302066326,"participation_rate":0.3720930233},{"voter":"Cosmostation","cluster_label":3,"tsne_x":8.0701494217,"tsne_y":-1.1154900789,"participation_rate":0.9534883721},{"voter":"Kleomedes","cluster_label":1,"tsne_x":4.5475268364,"tsne_y":11.9059524536,"participation_rate":0.6511627907},{"voter":"Coinage x DAIC","cluster_label":3,"tsne_x":5.9069480896,"tsne_y":-1.1948430538,"participation_rate":0.488372093},{"voter":"polkachucom","cluster_label":3,"tsne_x":7.3524131775,"tsne_y":-4.9505233765,"participation_rate":1.0},{"voter":"Meria","cluster_label":7,"tsne_x":-2.0298230648,"tsne_y":10.5121088028,"participation_rate":0.3488372093},{"voter":"Stakeflow","cluster_label":7,"tsne_x":-0.2161334753,"tsne_y":-4.7033581734,"participation_rate":0.3488372093},{"voter":"ChainLayer","cluster_label":3,"tsne_x":8.4769163132,"tsne_y":-4.8795456886,"participation_rate":0.7441860465},{"voter":"DACM","cluster_label":4,"tsne_x":-7.4056305885,"tsne_y":-9.5456542969,"participation_rate":0.4418604651},{"voter":"Allnodes","cluster_label":3,"tsne_x":5.0636115074,"tsne_y":0.1211892515,"participation_rate":0.7906976744},{"voter":"PoS Node","cluster_label":1,"tsne_x":-1.2212039232,"tsne_y":10.7777910233,"participation_rate":0.7209302326},{"voter":"SmartNodes","cluster_label":7,"tsne_x":-11.8759412766,"tsne_y":-2.3060142994,"participation_rate":0.0930232558},{"voter":"Quebec","cluster_label":1,"tsne_x":-0.7069219947,"tsne_y":10.9852933884,"participation_rate":0.2790697674},{"voter":"MrK","cluster_label":3,"tsne_x":-5.8221611977,"tsne_y":-0.9915780425,"participation_rate":0.2325581395},{"voter":"Redelegate","cluster_label":5,"tsne_x":-5.9645252228,"tsne_y":3.2453451157,"participation_rate":0.6046511628},{"voter":"Trust Nodes","cluster_label":6,"tsne_x":2.6617012024,"tsne_y":0.2482999563,"participation_rate":0.3720930233},{"voter":"Everstake","cluster_label":6,"tsne_x":2.6924216747,"tsne_y":0.7401875854,"participation_rate":0.1860465116},{"voter":"AlphaNodes","cluster_label":2,"tsne_x":-10.3290328979,"tsne_y":-7.1862196922,"participation_rate":0.2790697674},{"voter":"coaction","cluster_label":5,"tsne_x":-4.9544305801,"tsne_y":-7.9358353615,"participation_rate":0.0697674419},{"voter":"Please Redelegate","cluster_label":1,"tsne_x":-0.5237469077,"tsne_y":0.1426764727,"participation_rate":0.0697674419},{"voter":"WeStaking","cluster_label":3,"tsne_x":-0.5069557428,"tsne_y":-0.2164475173,"participation_rate":0.6511627907},{"voter":"offline","cluster_label":1,"tsne_x":-2.5245082378,"tsne_y":-2.6118955612,"participation_rate":0.0465116279},{"voter":"Decloud Nodes Lab","cluster_label":4,"tsne_x":-4.0650701523,"tsne_y":-11.2714195251,"participation_rate":0.0930232558},{"voter":"ChainTools","cluster_label":1,"tsne_x":8.7554721832,"tsne_y":6.2228107452,"participation_rate":0.8604651163},{"voter":"Consensus One","cluster_label":1,"tsne_x":-7.8357534409,"tsne_y":-11.451259613,"participation_rate":0.0465116279},{"voter":" uGaenn ","cluster_label":6,"tsne_x":-9.1474571228,"tsne_y":4.3939652443,"participation_rate":0.2790697674},{"voter":"Wetez","cluster_label":5,"tsne_x":-4.9952993393,"tsne_y":-3.0155329704,"participation_rate":0.3488372093},{"voter":"Inter Blockchain Services","cluster_label":5,"tsne_x":6.2142038345,"tsne_y":11.9522857666,"participation_rate":0.8604651163},{"voter":"Bit Cat","cluster_label":1,"tsne_x":-11.5307769775,"tsne_y":-5.91827631,"participation_rate":0.0697674419},{"voter":"Easy 2 Stake","cluster_label":6,"tsne_x":12.9894237518,"tsne_y":9.4596910477,"participation_rate":0.6744186047},{"voter":"Nodeasycom","cluster_label":5,"tsne_x":5.1998362541,"tsne_y":11.570602417,"participation_rate":0.4651162791},{"voter":"Huobi","cluster_label":7,"tsne_x":-11.2517194748,"tsne_y":-2.4417226315,"participation_rate":0.1627906977},{"voter":"ChainodeTech","cluster_label":5,"tsne_x":5.9269552231,"tsne_y":6.0834083557,"participation_rate":0.2558139535},{"voter":"Psycho Node","cluster_label":4,"tsne_x":-4.436164856,"tsne_y":-12.1767940521,"participation_rate":0.0697674419},{"voter":"TRGC By Liquify","cluster_label":5,"tsne_x":6.8629436493,"tsne_y":7.3055815697,"participation_rate":0.0930232558},{"voter":"StakeSeeker by BTCS","cluster_label":7,"tsne_x":2.5984241962,"tsne_y":3.0677325726,"participation_rate":0.3953488372},{"voter":"europlots","cluster_label":4,"tsne_x":-4.5331025124,"tsne_y":-11.4283838272,"participation_rate":0.1162790698},{"voter":"Colossus","cluster_label":7,"tsne_x":-5.9680867195,"tsne_y":-9.1843652725,"participation_rate":0.1627906977},{"voter":"Kiln","cluster_label":6,"tsne_x":2.7041692734,"tsne_y":0.3492417932,"participation_rate":0.3720930233},{"voter":"Luganodes","cluster_label":7,"tsne_x":-9.4328384399,"tsne_y":-9.0763568878,"participation_rate":0.2790697674},{"voter":"InfStones","cluster_label":6,"tsne_x":3.027374506,"tsne_y":7.0084853172,"participation_rate":0.0},{"voter":"Stir","cluster_label":7,"tsne_x":3.403567791,"tsne_y":3.1822314262,"participation_rate":0.0},{"voter":"Cryptostakecom ","cluster_label":5,"tsne_x":1.9420942068,"tsne_y":7.4447102547,"participation_rate":0.0},{"voter":"CEXIO Validator","cluster_label":7,"tsne_x":-0.3939013481,"tsne_y":-4.4618930817,"participation_rate":0.6046511628},{"voter":"stake2earn","cluster_label":2,"tsne_x":-4.7503299713,"tsne_y":-5.7410273552,"participation_rate":0.0697674419},{"voter":"StakeCraft","cluster_label":5,"tsne_x":-1.7634524107,"tsne_y":-7.8909759521,"participation_rate":0.488372093},{"voter":"Staked","cluster_label":0,"tsne_x":8.0076608658,"tsne_y":10.7201080322,"participation_rate":0.0},{"voter":"Winter Validator","cluster_label":5,"tsne_x":9.5095920563,"tsne_y":10.1475095749,"participation_rate":0.7674418605},{"voter":"StakeLab","cluster_label":6,"tsne_x":-10.2666969299,"tsne_y":3.5393073559,"participation_rate":0.3023255814},{"voter":"Anchor Staking","cluster_label":6,"tsne_x":-9.7616901398,"tsne_y":3.817368269,"participation_rate":0.0465116279},{"voter":"Masternode24de","cluster_label":5,"tsne_x":7.8257770538,"tsne_y":8.866153717,"participation_rate":0.0465116279},{"voter":"KJINCio","cluster_label":2,"tsne_x":-7.0743532181,"tsne_y":-8.4156112671,"participation_rate":0.2093023256},{"voter":" CryptoCrew Validators IBCgang","cluster_label":0,"tsne_x":-2.7968628407,"tsne_y":4.9294314384,"participation_rate":0.3255813953},{"voter":"BitNordic","cluster_label":5,"tsne_x":-1.0798407793,"tsne_y":7.519865036,"participation_rate":0.8372093023},{"voter":"Kiki Finance","cluster_label":5,"tsne_x":8.5723686218,"tsne_y":8.9890136719,"participation_rate":0.0},{"voter":"openstakenet","cluster_label":5,"tsne_x":7.4027395248,"tsne_y":6.2689695358,"participation_rate":0.8604651163},{"voter":"OtterSync","cluster_label":5,"tsne_x":6.596241951,"tsne_y":9.7280664444,"participation_rate":0.7906976744},{"voter":"Bitference","cluster_label":5,"tsne_x":7.4065499306,"tsne_y":8.0767784119,"participation_rate":0.0},{"voter":"clubwfh","cluster_label":5,"tsne_x":-9.7955970764,"tsne_y":-2.9037432671,"participation_rate":0.0930232558},{"voter":"Validator Deprecated and Merged Please redelagate to AtlasStaking","cluster_label":5,"tsne_x":-5.5652823448,"tsne_y":1.6891943216,"participation_rate":0.4651162791},{"voter":" EarnStash","cluster_label":5,"tsne_x":-7.308596611,"tsne_y":0.7098655105,"participation_rate":0.3023255814},{"voter":"DECOMMISSIONED AUDITone","cluster_label":5,"tsne_x":-7.9131779671,"tsne_y":1.4498341084,"participation_rate":0.2093023256},{"voter":"Asteroid","cluster_label":5,"tsne_x":-7.6551251411,"tsne_y":-4.6684412956,"participation_rate":0.1395348837},{"voter":"0 Fee  Stakewollecom","cluster_label":5,"tsne_x":-0.1290571094,"tsne_y":6.773062706,"participation_rate":0.7674418605},{"voter":"cyberp3810","cluster_label":5,"tsne_x":-9.6857004166,"tsne_y":-2.7761828899,"participation_rate":0.0465116279},{"voter":"Stakincom ","cluster_label":5,"tsne_x":5.4629034996,"tsne_y":8.8722343445,"participation_rate":1.0},{"voter":"DeCrypto","cluster_label":5,"tsne_x":-10.25740242,"tsne_y":-3.8885104656,"participation_rate":0.0930232558},{"voter":"MKVone","cluster_label":5,"tsne_x":-5.6369094849,"tsne_y":2.4892802238,"participation_rate":0.9069767442},{"voter":"Redelegate before 10072022","cluster_label":5,"tsne_x":-7.7387218475,"tsne_y":0.3987972736,"participation_rate":0.2093023256},{"voter":"NBG","cluster_label":5,"tsne_x":2.1712665558,"tsne_y":8.4663610458,"participation_rate":0.3255813953},{"voter":"0 Fee MPress","cluster_label":5,"tsne_x":4.4078936577,"tsne_y":9.1767539978,"participation_rate":0.6046511628},{"voter":"funky","cluster_label":5,"tsne_x":7.2769374847,"tsne_y":8.1139640808,"participation_rate":0.0697674419},{"voter":"Inactive  Please Redelegate","cluster_label":5,"tsne_x":7.9661326408,"tsne_y":7.7605986595,"participation_rate":0.2325581395},{"voter":" KysenPool","cluster_label":5,"tsne_x":6.5815324783,"tsne_y":8.4084863663,"participation_rate":0.4418604651},{"voter":"Insight Finance","cluster_label":5,"tsne_x":7.3544435501,"tsne_y":8.0660905838,"participation_rate":0.0465116279},{"voter":"Bitget  0 Fee","cluster_label":5,"tsne_x":1.9726948738,"tsne_y":7.5720348358,"participation_rate":0.3255813953},{"voter":"validator closing  please redelgate","cluster_label":5,"tsne_x":-8.2030973434,"tsne_y":-3.991918087,"participation_rate":0.0697674419},{"voter":"Moonshinecc Validation  CM1","cluster_label":2,"tsne_x":-8.567855835,"tsne_y":-5.5994625092,"participation_rate":0.1395348837},{"voter":"0 Fee to 2023  Avaultocom","cluster_label":5,"tsne_x":-7.3957309723,"tsne_y":-5.4561138153,"participation_rate":0.0465116279},{"voter":"vinividivici","cluster_label":5,"tsne_x":-2.4405870438,"tsne_y":-7.7521119118,"participation_rate":0.3720930233},{"voter":"MANTRA DAO","cluster_label":5,"tsne_x":-7.6588602066,"tsne_y":-3.1585366726,"participation_rate":0.0697674419},{"voter":"Stakebg","cluster_label":5,"tsne_x":10.1257753372,"tsne_y":5.632478714,"participation_rate":0.6976744186},{"voter":"CLOSED decentralizehk  DHK dao","cluster_label":5,"tsne_x":8.9640769958,"tsne_y":3.8494770527,"participation_rate":0.511627907},{"voter":"NQ4NET","cluster_label":5,"tsne_x":-6.714931488,"tsne_y":0.7244158983,"participation_rate":0.3023255814},{"voter":"DEXhybrid","cluster_label":5,"tsne_x":-7.8521442413,"tsne_y":-3.6727166176,"participation_rate":0.0465116279},{"voter":"DelosNode","cluster_label":2,"tsne_x":-6.7901368141,"tsne_y":-5.9558000565,"participation_rate":0.023255814},{"voter":"BNB48Club","cluster_label":2,"tsne_x":-5.909860611,"tsne_y":-3.4039859772,"participation_rate":0.0465116279},{"voter":"0 Fee to TOP 1   meleaxyz ","cluster_label":2,"tsne_x":-6.0783581734,"tsne_y":-3.5465171337,"participation_rate":0.023255814},{"voter":"HbStaking","cluster_label":2,"tsne_x":-5.4219098091,"tsne_y":-1.1142132282,"participation_rate":0.1860465116},{"voter":"JupiterIAM","cluster_label":2,"tsne_x":-6.6719398499,"tsne_y":-6.1927347183,"participation_rate":0.023255814},{"voter":"IvoryTower","cluster_label":2,"tsne_x":-6.6761198044,"tsne_y":-6.1841182709,"participation_rate":0.023255814},{"voter":"Ystad","cluster_label":2,"tsne_x":-3.6906080246,"tsne_y":-5.2666893005,"participation_rate":0.1162790698},{"voter":"Share Staker  Airdrop  Check Web","cluster_label":2,"tsne_x":-6.2345709801,"tsne_y":-6.6107869148,"participation_rate":0.0465116279},{"voter":"101","cluster_label":5,"tsne_x":-5.7078137398,"tsne_y":-5.2705893517,"participation_rate":0.0930232558},{"voter":"BoxedCloudnet  0 until 2024","cluster_label":5,"tsne_x":-5.3902077675,"tsne_y":-7.3618812561,"participation_rate":0.0465116279},{"voter":"REDELEGATEPrometey","cluster_label":2,"tsne_x":-9.9415636063,"tsne_y":-8.950217247,"participation_rate":0.1162790698},{"voter":"0 Fee  NymbusNode","cluster_label":5,"tsne_x":-3.5074737072,"tsne_y":-7.6124486923,"participation_rate":0.1162790698},{"voter":"POSTHUMAN","cluster_label":2,"tsne_x":-9.7585697174,"tsne_y":-7.2896795273,"participation_rate":0.1162790698},{"voter":"Staking4All","cluster_label":2,"tsne_x":-6.9906787872,"tsne_y":-8.4122838974,"participation_rate":0.1860465116},{"voter":"kavamainnetsk","cluster_label":2,"tsne_x":-6.8863039017,"tsne_y":-6.6782507896,"participation_rate":0.023255814}]