[{"voter":"StakeLabzone","cluster_label":3,"tsne_x":-2.610874176,"tsne_y":-1.9406757355,"participation_rate":0.5581395349},{"voter":"Crosnest","cluster_label":3,"tsne_x":2.0574896336,"tsne_y":18.7700309753,"participation_rate":0.8604651163},{"voter":"Vitwit Previously Witval","cluster_label":3,"tsne_x":0.8764680028,"tsne_y":7.9351654053,"participation_rate":0.3720930233},{"voter":"KalpaTech","cluster_label":3,"tsne_x":-1.5647807121,"tsne_y":17.5059585571,"participation_rate":0.7906976744},{"voter":"Bi23 Labs","cluster_label":3,"tsne_x":1.0411744118,"tsne_y":12.0178260803,"participation_rate":0.4186046512},{"voter":"0basevc","cluster_label":3,"tsne_x":0.6768299937,"tsne_y":17.9295749664,"participation_rate":1.0},{"voter":"Figment","cluster_label":3,"tsne_x":1.9788842201,"tsne_y":10.2488765717,"participation_rate":0.023255814},{"voter":"Oldcat","cluster_label":3,"tsne_x":0.7690255046,"tsne_y":13.1458454132,"participation_rate":0.8139534884},{"voter":"Tessellated","cluster_label":3,"tsne_x":-0.7335137725,"tsne_y":16.9716415405,"participation_rate":0.5348837209},{"voter":"Ubik Capital","cluster_label":6,"tsne_x":3.6068332195,"tsne_y":7.4749598503,"participation_rate":0.5813953488},{"voter":"PLEASE REDELEGATE","cluster_label":7,"tsne_x":4.4526758194,"tsne_y":9.313290596,"participation_rate":0.6511627907},{"voter":"Citadelone","cluster_label":3,"tsne_x":1.395763278,"tsne_y":19.3326835632,"participation_rate":0.7441860465},{"voter":"Cosmostation","cluster_label":3,"tsne_x":1.4982726574,"tsne_y":19.0133857727,"participation_rate":1.0},{"voter":"BlockHunters ","cluster_label":7,"tsne_x":-3.8178880215,"tsne_y":-3.0733850002,"participation_rate":0.2790697674},{"voter":"NodesGuru","cluster_label":1,"tsne_x":-0.1788819134,"tsne_y":5.4364905357,"participation_rate":0.3255813953},{"voter":"blockscape","cluster_label":3,"tsne_x":-0.0246360023,"tsne_y":16.833694458,"participation_rate":0.8604651163},{"voter":"Blockdaemon","cluster_label":3,"tsne_x":-1.5930019617,"tsne_y":-3.5756573677,"participation_rate":0.2093023256},{"voter":"MMS","cluster_label":0,"tsne_x":-7.2294254303,"tsne_y":-9.8092718124,"participation_rate":0.5813953488},{"voter":"BronBro","cluster_label":3,"tsne_x":13.8549442291,"tsne_y":-0.6946706176,"participation_rate":0.8604651163},{"voter":"Cypher Core","cluster_label":3,"tsne_x":0.2933502793,"tsne_y":17.0324211121,"participation_rate":0.8139534884},{"voter":"node101","cluster_label":4,"tsne_x":8.5831012726,"tsne_y":-5.0707840919,"participation_rate":0.0465116279},{"voter":"Active Nodes","cluster_label":3,"tsne_x":0.0897388905,"tsne_y":11.4717130661,"participation_rate":1.0},{"voter":"ushakov","cluster_label":5,"tsne_x":-3.0877375603,"tsne_y":3.9763700962,"participation_rate":0.8604651163},{"voter":"Staketab","cluster_label":2,"tsne_x":8.1065177917,"tsne_y":-6.5939216614,"participation_rate":0.023255814},{"voter":"commercionetwork","cluster_label":7,"tsne_x":-1.2400516272,"tsne_y":-6.9557094574,"participation_rate":0.0697674419},{"voter":"SHUTTING DOWN AUDITone","cluster_label":3,"tsne_x":-0.7790455818,"tsne_y":16.0344696045,"participation_rate":0.6744186047},{"voter":"Redelegate","cluster_label":5,"tsne_x":8.5218801498,"tsne_y":8.7338209152,"participation_rate":0.5581395349},{"voter":"Interbloc","cluster_label":1,"tsne_x":2.3924489021,"tsne_y":12.4621944427,"participation_rate":0.1627906977},{"voter":"kooltek68","cluster_label":2,"tsne_x":1.9281184673,"tsne_y":12.0628976822,"participation_rate":0.5348837209},{"voter":"CroutonDigital","cluster_label":7,"tsne_x":6.7544732094,"tsne_y":-3.9038338661,"participation_rate":0.0465116279},{"voter":"Validators United","cluster_label":2,"tsne_x":3.7263607979,"tsne_y":-0.4371277392,"participation_rate":0.1860465116},{"voter":"Wave","cluster_label":1,"tsne_x":-7.9279646873,"tsne_y":-6.3643026352,"participation_rate":0.0465116279},{"voter":"cyberG","cluster_label":1,"tsne_x":2.791891098,"tsne_y":-10.129447937,"participation_rate":0.8139534884},{"voter":"EZ Staking","cluster_label":7,"tsne_x":4.5490775108,"tsne_y":-13.0782499313,"participation_rate":0.488372093},{"voter":"Stakin","cluster_label":7,"tsne_x":-4.2992095947,"tsne_y":-1.8744062185,"participation_rate":0.8139534884},{"voter":"Please Redelegate","cluster_label":1,"tsne_x":15.5151100159,"tsne_y":5.2344241142,"participation_rate":0.6046511628},{"voter":"Yurbason","cluster_label":1,"tsne_x":-3.670343399,"tsne_y":11.9893093109,"participation_rate":0.9534883721},{"voter":"Chandra Station","cluster_label":1,"tsne_x":0.1010888144,"tsne_y":4.961979866,"participation_rate":0.2093023256},{"voter":"redelegateplease","cluster_label":1,"tsne_x":15.1910915375,"tsne_y":2.1102297306,"participation_rate":0.3953488372},{"voter":"web34ever","cluster_label":1,"tsne_x":1.5067675114,"tsne_y":5.328353405,"participation_rate":0.8139534884},{"voter":"Stakers","cluster_label":5,"tsne_x":-4.6308431625,"tsne_y":12.9052944183,"participation_rate":1.0},{"voter":"testovich","cluster_label":1,"tsne_x":-12.0832538605,"tsne_y":-6.3505234718,"participation_rate":0.7209302326},{"voter":" uGaenn ","cluster_label":6,"tsne_x":10.560541153,"tsne_y":-1.6149394512,"participation_rate":0.3953488372},{"voter":"DONOTDELEGATE","cluster_label":5,"tsne_x":-4.7760386467,"tsne_y":12.9017839432,"participation_rate":0.8604651163},{"voter":" 79anvi ","cluster_label":5,"tsne_x":-5.4523692131,"tsne_y":3.6518573761,"participation_rate":0.7674418605},{"voter":"STAVR REStake ON","cluster_label":5,"tsne_x":4.8859128952,"tsne_y":13.4199447632,"participation_rate":0.976744186},{"voter":"Wetez","cluster_label":5,"tsne_x":10.4584913254,"tsne_y":-1.2611227036,"participation_rate":0.7441860465},{"voter":"Architect Nodes","cluster_label":7,"tsne_x":15.4581727982,"tsne_y":4.410806179,"participation_rate":0.6279069767},{"voter":"MEMEFoundation","cluster_label":5,"tsne_x":0.1826924831,"tsne_y":4.0438771248,"participation_rate":0.1860465116},{"voter":"Army IDs","cluster_label":1,"tsne_x":-10.4965419769,"tsne_y":-5.194521904,"participation_rate":0.9534883721},{"voter":"Crypto Plant","cluster_label":6,"tsne_x":-10.1539239883,"tsne_y":6.4873833656,"participation_rate":0.7209302326},{"voter":"azstake","cluster_label":5,"tsne_x":2.1687324047,"tsne_y":-10.5822296143,"participation_rate":0.3488372093},{"voter":"MTnode","cluster_label":5,"tsne_x":-16.2971134186,"tsne_y":-1.2500488758,"participation_rate":0.3255813953},{"voter":"ramuchitech","cluster_label":1,"tsne_x":-11.3698148727,"tsne_y":-5.379597187,"participation_rate":0.9534883721},{"voter":"StakeAngle","cluster_label":1,"tsne_x":-11.2043809891,"tsne_y":-5.4334697723,"participation_rate":0.9534883721},{"voter":"Inter Blockchain Services","cluster_label":5,"tsne_x":-6.7274007797,"tsne_y":9.662065506,"participation_rate":0.6744186047},{"voter":"alkadeta","cluster_label":1,"tsne_x":-11.7033262253,"tsne_y":-5.8737754822,"participation_rate":0.976744186},{"voter":"do not delegate","cluster_label":1,"tsne_x":-8.032119751,"tsne_y":-6.2931027412,"participation_rate":0.4418604651},{"voter":"AVIAONEcom ","cluster_label":5,"tsne_x":7.3177227974,"tsne_y":5.2436943054,"participation_rate":0.6744186047},{"voter":"Psycho Node","cluster_label":4,"tsne_x":3.5251204967,"tsne_y":4.4181966782,"participation_rate":0.0465116279},{"voter":"SkyNet  Validators","cluster_label":4,"tsne_x":3.5011491776,"tsne_y":4.4213600159,"participation_rate":0.6744186047},{"voter":"Anonstake","cluster_label":2,"tsne_x":8.5190620422,"tsne_y":3.783523798,"participation_rate":0.5348837209},{"voter":" polkachucom","cluster_label":7,"tsne_x":3.3330943584,"tsne_y":7.1602878571,"participation_rate":0.7441860465},{"voter":"AGE Network","cluster_label":5,"tsne_x":-2.0343606472,"tsne_y":-14.7593193054,"participation_rate":0.0},{"voter":"bitszn","cluster_label":7,"tsne_x":-3.4385170937,"tsne_y":-2.4075124264,"participation_rate":0.9534883721},{"voter":"Nodiums","cluster_label":7,"tsne_x":-3.4259207249,"tsne_y":-2.4386060238,"participation_rate":0.7441860465},{"voter":"Citizen Web3","cluster_label":7,"tsne_x":-1.7616757154,"tsne_y":-4.1648554802,"participation_rate":0.0465116279},{"voter":" CryptoCrew Validators  Winner GameOfChains","cluster_label":7,"tsne_x":-1.7483814955,"tsne_y":-4.1716742516,"participation_rate":0.3023255814},{"voter":"airdropdao","cluster_label":2,"tsne_x":-0.1701934338,"tsne_y":-9.1723022461,"participation_rate":0.2325581395},{"voter":"Sunsetting please redelegate Forbole","cluster_label":4,"tsne_x":10.9809741974,"tsne_y":5.1868948936,"participation_rate":0.5348837209},{"voter":"REDELEGATEPLEASE","cluster_label":5,"tsne_x":-5.4122824669,"tsne_y":2.0601503849,"participation_rate":0.8139534884},{"voter":"Stakewollecom  100 insurance","cluster_label":4,"tsne_x":-1.0554881096,"tsne_y":8.3302116394,"participation_rate":0.7906976744},{"voter":"Crypto Lion ","cluster_label":4,"tsne_x":-1.4321451187,"tsne_y":8.4182138443,"participation_rate":0.1860465116},{"voter":"Terminet","cluster_label":5,"tsne_x":-16.1192550659,"tsne_y":0.797437489,"participation_rate":0.0930232558},{"voter":"undelegate","cluster_label":6,"tsne_x":15.4310560226,"tsne_y":3.2805147171,"participation_rate":0.4651162791},{"voter":"POSTCAPITALIST","cluster_label":6,"tsne_x":15.4479207993,"tsne_y":3.1375551224,"participation_rate":0.0465116279},{"voter":"ProNodes75","cluster_label":6,"tsne_x":-10.0854501724,"tsne_y":5.9564561844,"participation_rate":0.976744186},{"voter":"RoomIT","cluster_label":5,"tsne_x":4.5685839653,"tsne_y":-6.3780646324,"participation_rate":0.0697674419},{"voter":"SerGo","cluster_label":5,"tsne_x":-17.3115653992,"tsne_y":-0.64642483,"participation_rate":0.0},{"voter":"OtterSync","cluster_label":5,"tsne_x":-5.7884507179,"tsne_y":9.4148616791,"participation_rate":0.5813953488},{"voter":"Bitference","cluster_label":5,"tsne_x":-5.758128643,"tsne_y":9.4015159607,"participation_rate":0.0930232558},{"voter":"Malinavalidator","cluster_label":5,"tsne_x":-6.8825178146,"tsne_y":0.5569429398,"participation_rate":0.6046511628},{"voter":"1ce","cluster_label":5,"tsne_x":-5.5732631683,"tsne_y":5.2631907463,"participation_rate":0.5348837209},{"voter":"wombat","cluster_label":5,"tsne_x":-10.6013650894,"tsne_y":0.5370459557,"participation_rate":1.0},{"voter":"medium","cluster_label":5,"tsne_x":-10.6708898544,"tsne_y":0.2715663314,"participation_rate":1.0},{"voter":"goto5k","cluster_label":5,"tsne_x":2.8362035751,"tsne_y":2.4661641121,"participation_rate":0.9069767442},{"voter":"linak","cluster_label":5,"tsne_x":2.8544104099,"tsne_y":2.4511437416,"participation_rate":0.9069767442},{"voter":"PresidentSelect","cluster_label":5,"tsne_x":-5.8537573814,"tsne_y":0.7078948021,"participation_rate":0.5581395349},{"voter":"SHUTTING DOWN SOON PLEASE REDELEGATE","cluster_label":5,"tsne_x":6.814268589,"tsne_y":1.2478196621,"participation_rate":0.511627907},{"voter":"zakros","cluster_label":5,"tsne_x":-1.0934073925,"tsne_y":-13.640542984,"participation_rate":0.2325581395},{"voter":"thosmos","cluster_label":5,"tsne_x":-2.0607683659,"tsne_y":2.2588083744,"participation_rate":0.4651162791},{"voter":"AlxVoy  ANODETEAM","cluster_label":5,"tsne_x":-5.6813468933,"tsne_y":4.2142515182,"participation_rate":0.9534883721},{"voter":"Spectrum","cluster_label":5,"tsne_x":-9.7963638306,"tsne_y":3.4811441898,"participation_rate":0.7674418605},{"voter":"Arcane Forge","cluster_label":2,"tsne_x":4.4209022522,"tsne_y":-8.4995908737,"participation_rate":0.2325581395},{"voter":"Firstcome","cluster_label":5,"tsne_x":-6.0236458778,"tsne_y":1.0210909843,"participation_rate":0.7674418605},{"voter":"lamps","cluster_label":5,"tsne_x":0.6527447104,"tsne_y":-11.4221611023,"participation_rate":0.1627906977},{"voter":"RandomBits","cluster_label":5,"tsne_x":-10.3233232498,"tsne_y":-1.0602798462,"participation_rate":1.0},{"voter":"axcel42node","cluster_label":5,"tsne_x":3.4489145279,"tsne_y":2.8060674667,"participation_rate":0.9302325581},{"voter":"Weyoun","cluster_label":5,"tsne_x":-8.3496294022,"tsne_y":4.4111423492,"participation_rate":0.8837209302},{"voter":"StingRay","cluster_label":5,"tsne_x":-11.075261116,"tsne_y":-0.082251884,"participation_rate":0.976744186},{"voter":"none","cluster_label":5,"tsne_x":8.3047075272,"tsne_y":7.0318074226,"participation_rate":0.6511627907},{"voter":"unstaked","cluster_label":5,"tsne_x":0.1643736064,"tsne_y":-1.8748574257,"participation_rate":0.3953488372},{"voter":"CLOSING  REDELEGATE","cluster_label":5,"tsne_x":-4.1888532639,"tsne_y":4.0918087959,"participation_rate":0.6744186047},{"voter":"BELLUM","cluster_label":2,"tsne_x":-1.4080512524,"tsne_y":-8.352807045,"participation_rate":0.1395348837},{"voter":"PS350","cluster_label":5,"tsne_x":-8.8673248291,"tsne_y":3.9259421825,"participation_rate":0.7906976744},{"voter":"YAGI","cluster_label":5,"tsne_x":-2.7353396416,"tsne_y":1.1531574726,"participation_rate":0.5581395349},{"voter":"blitmore","cluster_label":5,"tsne_x":5.2023406029,"tsne_y":-16.8097267151,"participation_rate":0.8837209302},{"voter":"pls redelegate","cluster_label":2,"tsne_x":4.5234527588,"tsne_y":-5.2124190331,"participation_rate":0.023255814},{"voter":"Ashbury","cluster_label":2,"tsne_x":5.4461750984,"tsne_y":-10.3806829453,"participation_rate":0.2325581395},{"voter":"vvlovsky","cluster_label":5,"tsne_x":-8.0305118561,"tsne_y":0.5280642509,"participation_rate":0.8372093023},{"voter":"MaxFoton nodes","cluster_label":5,"tsne_x":11.0319309235,"tsne_y":3.9345169067,"participation_rate":0.9302325581},{"voter":"agosabe","cluster_label":5,"tsne_x":9.4733390808,"tsne_y":7.5985927582,"participation_rate":0.5581395349},{"voter":"cyberomanov","cluster_label":5,"tsne_x":-7.0423469543,"tsne_y":2.6651945114,"participation_rate":0.7441860465},{"voter":"Oneplus","cluster_label":5,"tsne_x":9.3346185684,"tsne_y":5.9830451012,"participation_rate":0.4186046512},{"voter":"TAKESHI","cluster_label":5,"tsne_x":-6.3532781601,"tsne_y":4.5928254128,"participation_rate":0.7674418605},{"voter":"x3m","cluster_label":5,"tsne_x":-11.5160980225,"tsne_y":1.4163753986,"participation_rate":0.8139534884},{"voter":"Goooodnes","cluster_label":5,"tsne_x":-2.7377552986,"tsne_y":1.845079422,"participation_rate":0.4186046512},{"voter":"StakeTake  autocompound","cluster_label":5,"tsne_x":-0.9359742403,"tsne_y":-13.0723571777,"participation_rate":0.3023255814},{"voter":"Djo","cluster_label":5,"tsne_x":-12.2304792404,"tsne_y":1.5912365913,"participation_rate":0.8604651163},{"voter":"MZONDER","cluster_label":5,"tsne_x":-6.1147675514,"tsne_y":4.3583312035,"participation_rate":0.976744186},{"voter":"REDELEGATE  CLOSING 011023","cluster_label":5,"tsne_x":-2.9478001595,"tsne_y":1.9427535534,"participation_rate":0.6046511628},{"voter":"badmoon","cluster_label":5,"tsne_x":-15.252076149,"tsne_y":-0.9022121429,"participation_rate":0.3255813953},{"voter":"Archived validator  Please redelegate away","cluster_label":5,"tsne_x":-10.1813030243,"tsne_y":3.314422369,"participation_rate":0.8604651163},{"voter":"Stigga Restake Enabled ","cluster_label":5,"tsne_x":-0.6550080776,"tsne_y":-0.87969172,"participation_rate":0.6511627907},{"voter":"hiretrade","cluster_label":5,"tsne_x":-15.8995952606,"tsne_y":-0.7234736085,"participation_rate":0.1860465116},{"voter":"bramz  CryptoSailors","cluster_label":5,"tsne_x":-9.5703306198,"tsne_y":1.8745269775,"participation_rate":0.8604651163},{"voter":"PosPool","cluster_label":2,"tsne_x":6.0483083725,"tsne_y":-9.8635091782,"participation_rate":0.3720930233},{"voter":"alpine staking","cluster_label":5,"tsne_x":6.8041386604,"tsne_y":8.8522138596,"participation_rate":0.6511627907},{"voter":"coriander","cluster_label":5,"tsne_x":-8.7970504761,"tsne_y":0.2157575786,"participation_rate":0.9302325581},{"voter":"MCB  mcbnode","cluster_label":5,"tsne_x":7.1694507599,"tsne_y":7.8719501495,"participation_rate":0.8372093023},{"voter":"emir","cluster_label":2,"tsne_x":5.6232280731,"tsne_y":-7.9980335236,"participation_rate":0.1627906977},{"voter":"Altheascam","cluster_label":5,"tsne_x":6.6779747009,"tsne_y":5.3172259331,"participation_rate":0.8604651163},{"voter":"ggwp","cluster_label":5,"tsne_x":6.5182070732,"tsne_y":5.3258633614,"participation_rate":0.8604651163},{"voter":"pathrocknetwork","cluster_label":5,"tsne_x":-9.7135438919,"tsne_y":1.5185410976,"participation_rate":0.9302325581},{"voter":"The Pizza Tech","cluster_label":2,"tsne_x":7.8531684875,"tsne_y":-9.0626564026,"participation_rate":0.2325581395},{"voter":"LOALabs","cluster_label":5,"tsne_x":8.1353178024,"tsne_y":7.2535443306,"participation_rate":0.6976744186},{"voter":"TC Network Pls Redelegate","cluster_label":5,"tsne_x":-15.8905353546,"tsne_y":-0.3024577796,"participation_rate":0.3255813953},{"voter":"xional","cluster_label":5,"tsne_x":1.0935125351,"tsne_y":-11.7195463181,"participation_rate":0.1395348837},{"voter":"Atlas Staking","cluster_label":5,"tsne_x":0.1634592265,"tsne_y":-15.9815368652,"participation_rate":0.5581395349},{"voter":"Crypteloid","cluster_label":5,"tsne_x":0.8334382176,"tsne_y":-10.6836528778,"participation_rate":0.1395348837},{"voter":"Cosmos Cats ","cluster_label":5,"tsne_x":7.8973340988,"tsne_y":7.330063343,"participation_rate":0.7209302326},{"voter":"WeakHand","cluster_label":5,"tsne_x":0.9686039686,"tsne_y":-11.0441846848,"participation_rate":0.2325581395},{"voter":"somastaking","cluster_label":5,"tsne_x":-5.8403639793,"tsne_y":-3.8786437511,"participation_rate":0.6046511628},{"voter":"LavenderFive Nodes ","cluster_label":5,"tsne_x":-0.1067672893,"tsne_y":-1.0454241037,"participation_rate":0.511627907},{"voter":"Projecttent","cluster_label":5,"tsne_x":5.7053585052,"tsne_y":4.299530983,"participation_rate":0.511627907},{"voter":"Autocompound  TienThuatToan Capital","cluster_label":2,"tsne_x":7.0015535355,"tsne_y":-10.4189167023,"participation_rate":0.2790697674},{"voter":"elaborate","cluster_label":2,"tsne_x":4.5405397415,"tsne_y":-5.0790143013,"participation_rate":0.023255814},{"voter":"ABitOfSatoshi","cluster_label":5,"tsne_x":-15.6166524887,"tsne_y":-1.0973949432,"participation_rate":0.023255814},{"voter":"CosmoWiz","cluster_label":5,"tsne_x":-14.9092245102,"tsne_y":0.7247182727,"participation_rate":0.4186046512},{"voter":"TuretskiyGrav","cluster_label":5,"tsne_x":-0.4145647287,"tsne_y":-16.2807979584,"participation_rate":0.3255813953},{"voter":"StakeLabz DAO","cluster_label":5,"tsne_x":-1.2763757706,"tsne_y":-14.4641389847,"participation_rate":0.0465116279},{"voter":"Haqq Association","cluster_label":5,"tsne_x":-1.053673625,"tsne_y":-14.6384458542,"participation_rate":0.1395348837},{"voter":"REDELEAGTE BEFORE OCT 20TH 2023","cluster_label":5,"tsne_x":-14.8053894043,"tsne_y":-2.313615799,"participation_rate":0.4186046512},{"voter":"CryptorNode","cluster_label":5,"tsne_x":1.2886091471,"tsne_y":-15.2023687363,"participation_rate":0.2558139535},{"voter":" Mercury","cluster_label":5,"tsne_x":1.1964554787,"tsne_y":-15.2872838974,"participation_rate":0.2325581395},{"voter":"HolyMoon","cluster_label":2,"tsne_x":1.859188199,"tsne_y":-5.5755581856,"participation_rate":0.0697674419},{"voter":"amhostnet","cluster_label":5,"tsne_x":8.1836299896,"tsne_y":1.4207472801,"participation_rate":0.6511627907},{"voter":"Chainnodes","cluster_label":5,"tsne_x":2.1243460178,"tsne_y":1.8719427586,"participation_rate":0.6744186047},{"voter":"bwana","cluster_label":2,"tsne_x":-2.5167877674,"tsne_y":-8.9615039825,"participation_rate":0.0930232558},{"voter":"Bakon Pools","cluster_label":2,"tsne_x":-2.5144679546,"tsne_y":-8.9617424011,"participation_rate":0.0930232558},{"voter":"VALIDARIOS","cluster_label":2,"tsne_x":-3.4577708244,"tsne_y":-7.4704127312,"participation_rate":0.0930232558},{"voter":"Althaea","cluster_label":2,"tsne_x":-2.241838932,"tsne_y":-7.5493416786,"participation_rate":0.0697674419},{"voter":"stargazevalidator1","cluster_label":2,"tsne_x":-2.1903452873,"tsne_y":-7.547039032,"participation_rate":0.0697674419},{"voter":"seattle","cluster_label":2,"tsne_x":-2.7108561993,"tsne_y":-6.7186908722,"participation_rate":0.1627906977},{"voter":"2xStakecom","cluster_label":5,"tsne_x":6.6677093506,"tsne_y":3.6362245083,"participation_rate":0.7674418605},{"voter":"Closed Please redelegate","cluster_label":2,"tsne_x":7.9027338028,"tsne_y":-9.1123142242,"participation_rate":0.1860465116},{"voter":"jonez","cluster_label":2,"tsne_x":4.6029648781,"tsne_y":-4.8433122635,"participation_rate":0.023255814},{"voter":"IRISnet","cluster_label":5,"tsne_x":6.8012294769,"tsne_y":3.3142132759,"participation_rate":0.8372093023},{"voter":"Please REDELEGATE","cluster_label":5,"tsne_x":7.0167059898,"tsne_y":2.011525631,"participation_rate":0.6744186047},{"voter":"Shutdown at 0331Please redelegate","cluster_label":2,"tsne_x":7.4879832268,"tsne_y":-10.2902069092,"participation_rate":0.1860465116},{"voter":"Teku","cluster_label":5,"tsne_x":5.8572072983,"tsne_y":5.6568164825,"participation_rate":0.6976744186},{"voter":"Agaram  Please delegate away","cluster_label":2,"tsne_x":6.2569437027,"tsne_y":-4.5347323418,"participation_rate":0.0465116279},{"voter":"777stakes","cluster_label":2,"tsne_x":6.6006426811,"tsne_y":-5.2843875885,"participation_rate":0.0465116279},{"voter":"Alex845","cluster_label":5,"tsne_x":7.3954229355,"tsne_y":-1.2932302952,"participation_rate":0.3255813953},{"voter":"bytemaster","cluster_label":2,"tsne_x":7.4097819328,"tsne_y":-5.5810413361,"participation_rate":0.0465116279},{"voter":"filder","cluster_label":2,"tsne_x":6.4964251518,"tsne_y":-6.4545788765,"participation_rate":0.0465116279},{"voter":"TLC","cluster_label":2,"tsne_x":6.4892497063,"tsne_y":-6.4575023651,"participation_rate":0.0465116279},{"voter":"Prado077","cluster_label":2,"tsne_x":6.5302724838,"tsne_y":-6.469186306,"participation_rate":0.0465116279},{"voter":"BigBro","cluster_label":5,"tsne_x":6.8806376457,"tsne_y":2.261456728,"participation_rate":0.7209302326},{"voter":"Sunsetting","cluster_label":2,"tsne_x":2.1366274357,"tsne_y":-5.4346041679,"participation_rate":0.0465116279},{"voter":"Shinonome Systems  xxangelfireeth","cluster_label":2,"tsne_x":2.9187130928,"tsne_y":-6.2426304817,"participation_rate":0.0697674419},{"voter":"Degenode","cluster_label":2,"tsne_x":3.5967495441,"tsne_y":-5.8725113869,"participation_rate":0.0465116279},{"voter":"Ayznmentch","cluster_label":5,"tsne_x":7.0633611679,"tsne_y":-0.7096396089,"participation_rate":0.2558139535},{"voter":"Cybernodes High Yield","cluster_label":5,"tsne_x":6.9178242683,"tsne_y":-0.4366479814,"participation_rate":0.3488372093},{"voter":"Agaming","cluster_label":2,"tsne_x":4.250977993,"tsne_y":-1.1904681921,"participation_rate":0.2558139535},{"voter":"andfat","cluster_label":2,"tsne_x":2.2782022953,"tsne_y":-4.4095544815,"participation_rate":0.0697674419},{"voter":"Midora","cluster_label":2,"tsne_x":4.576031208,"tsne_y":-1.2945609093,"participation_rate":0.2325581395},{"voter":"Eclipse Nodes","cluster_label":2,"tsne_x":9.6762332916,"tsne_y":0.4874317348,"participation_rate":0.0465116279},{"voter":"PowerStaking","cluster_label":2,"tsne_x":3.4440171719,"tsne_y":-3.3943896294,"participation_rate":0.0697674419},{"voter":"Ansybl","cluster_label":2,"tsne_x":4.5282921791,"tsne_y":-4.7769827843,"participation_rate":0.023255814},{"voter":"Web3","cluster_label":2,"tsne_x":4.1368746758,"tsne_y":-4.612493515,"participation_rate":0.023255814}]