[{"voter":"Imperatorco","cluster_label":3,"tsne_x":-11.3113603592,"tsne_y":9.408826828,"participation_rate":0.9318181818},{"voter":" AutoStake  Slash Protected","cluster_label":3,"tsne_x":-9.8994941711,"tsne_y":9.403837204,"participation_rate":0.9772727273},{"voter":"Crosnest","cluster_label":3,"tsne_x":-11.2698040009,"tsne_y":8.6815385818,"participation_rate":0.3181818182},{"voter":"Noderunners","cluster_label":3,"tsne_x":-9.684217453,"tsne_y":0.9406131506,"participation_rate":0.6136363636},{"voter":"Forbole","cluster_label":3,"tsne_x":-5.83568573,"tsne_y":2.381944418,"participation_rate":0.0},{"voter":"01node","cluster_label":3,"tsne_x":-8.7065706253,"tsne_y":5.5026688576,"participation_rate":0.75},{"voter":"Inotel","cluster_label":1,"tsne_x":1.1283444166,"tsne_y":7.0021362305,"participation_rate":0.1136363636},{"voter":"kytzu","cluster_label":7,"tsne_x":13.3384542465,"tsne_y":4.126057148,"participation_rate":0.1818181818},{"voter":"Secure Secrets","cluster_label":6,"tsne_x":-6.8920607567,"tsne_y":-4.7748155594,"participation_rate":0.4772727273},{"voter":"0basevc","cluster_label":3,"tsne_x":-10.9347496033,"tsne_y":6.8203659058,"participation_rate":0.8863636364},{"voter":"Smart Stake ","cluster_label":3,"tsne_x":-11.2944164276,"tsne_y":9.8005990982,"participation_rate":1.0},{"voter":"WhisperNode ","cluster_label":3,"tsne_x":-9.0872964859,"tsne_y":8.555973053,"participation_rate":0.6136363636},{"voter":"NFTSwitchxyz  Delegate for SOUL Claim Drop","cluster_label":6,"tsne_x":-4.638381958,"tsne_y":-13.5910253525,"participation_rate":0.7954545455},{"voter":"Stakelyio","cluster_label":3,"tsne_x":-8.4476728439,"tsne_y":8.5605115891,"participation_rate":0.8863636364},{"voter":" LavenderFive Nodes ","cluster_label":3,"tsne_x":-5.6911764145,"tsne_y":4.9694418907,"participation_rate":0.4772727273},{"voter":"Cosmostation","cluster_label":3,"tsne_x":-11.8677835464,"tsne_y":8.7844209671,"participation_rate":0.2045454545},{"voter":"White Whale","cluster_label":6,"tsne_x":4.3489723206,"tsne_y":-3.8165268898,"participation_rate":0.9090909091},{"voter":"NodesGuru","cluster_label":1,"tsne_x":1.5960484743,"tsne_y":2.61977458,"participation_rate":0.0},{"voter":"Coinage x DAIC","cluster_label":3,"tsne_x":-7.8325695992,"tsne_y":9.1844749451,"participation_rate":0.7954545455},{"voter":"Interstellar Lounge ","cluster_label":6,"tsne_x":-1.8967977762,"tsne_y":-1.7693084478,"participation_rate":0.5},{"voter":"DELIGHT","cluster_label":7,"tsne_x":1.3910973072,"tsne_y":12.6951589584,"participation_rate":0.3863636364},{"voter":"Stakeflow","cluster_label":7,"tsne_x":8.0737771988,"tsne_y":13.3895511627,"participation_rate":0.1363636364},{"voter":"Active Nodes","cluster_label":3,"tsne_x":-11.2036190033,"tsne_y":4.4643292427,"participation_rate":0.9772727273},{"voter":"strangelove","cluster_label":1,"tsne_x":10.7456560135,"tsne_y":11.8907032013,"participation_rate":0.1363636364},{"voter":"FreshSTAKING","cluster_label":3,"tsne_x":-8.6372117996,"tsne_y":7.1731600761,"participation_rate":0.1818181818},{"voter":"MrK","cluster_label":3,"tsne_x":3.2420549393,"tsne_y":8.6809997559,"participation_rate":0.2727272727},{"voter":"ShapeShift DAO","cluster_label":3,"tsne_x":-8.2872238159,"tsne_y":3.721834898,"participation_rate":0.0},{"voter":"Everstake","cluster_label":6,"tsne_x":-3.1356742382,"tsne_y":2.6807136536,"participation_rate":0.0},{"voter":"PRYZM  StakeDrop","cluster_label":7,"tsne_x":5.9318137169,"tsne_y":10.8838672638,"participation_rate":0.2954545455},{"voter":"SCVSecurity","cluster_label":6,"tsne_x":4.0792441368,"tsne_y":-2.7894127369,"participation_rate":0.9545454545},{"voter":"coinhallorg","cluster_label":6,"tsne_x":-11.7755994797,"tsne_y":3.4653964043,"participation_rate":0.9772727273},{"voter":"Wave","cluster_label":1,"tsne_x":10.7965326309,"tsne_y":11.3735952377,"participation_rate":0.0909090909},{"voter":"Stakin","cluster_label":7,"tsne_x":-7.6314558983,"tsne_y":1.0575485229,"participation_rate":0.75},{"voter":"WeStaking","cluster_label":3,"tsne_x":7.8986005783,"tsne_y":14.0870313644,"participation_rate":0.0681818182},{"voter":"syncnode","cluster_label":1,"tsne_x":2.4689421654,"tsne_y":6.4904799461,"participation_rate":0.4318181818},{"voter":"Enigma","cluster_label":7,"tsne_x":2.454423666,"tsne_y":3.5484733582,"participation_rate":0.25},{"voter":"NITAWA","cluster_label":0,"tsne_x":5.0999855995,"tsne_y":4.6028380394,"participation_rate":0.3636363636},{"voter":" uGaenn ","cluster_label":6,"tsne_x":-10.3344249725,"tsne_y":-2.5557346344,"participation_rate":0.7954545455},{"voter":"HEXXAGON","cluster_label":2,"tsne_x":8.89798069,"tsne_y":10.5988912582,"participation_rate":0.0227272727},{"voter":"Crypto Plant","cluster_label":6,"tsne_x":-5.8097681999,"tsne_y":-9.0230264664,"participation_rate":0.4772727273},{"voter":"Easy 2 Stake","cluster_label":6,"tsne_x":-11.1959886551,"tsne_y":-2.539835453,"participation_rate":0.7045454545},{"voter":"PFC  Stake for SOUL airdrop","cluster_label":6,"tsne_x":3.6021633148,"tsne_y":-2.8492050171,"participation_rate":0.9772727273},{"voter":"cosmosrescue","cluster_label":4,"tsne_x":-2.7942390442,"tsne_y":3.5859057903,"participation_rate":0.25},{"voter":" polkachucom","cluster_label":7,"tsne_x":-3.793602705,"tsne_y":3.1732215881,"participation_rate":0.8181818182},{"voter":"0xDEADBEEF","cluster_label":6,"tsne_x":6.5362076759,"tsne_y":-8.3090801239,"participation_rate":0.1818181818},{"voter":"Vixello","cluster_label":6,"tsne_x":-6.9481892586,"tsne_y":-2.6512637138,"participation_rate":0.0},{"voter":"AuraStake","cluster_label":6,"tsne_x":-6.4936504364,"tsne_y":-15.1106052399,"participation_rate":0.75},{"voter":"HighStakesch  Stake for Airdrop","cluster_label":0,"tsne_x":2.8467860222,"tsne_y":-1.5677773952,"participation_rate":0.9318181818},{"voter":"Cosmos Spaces","cluster_label":7,"tsne_x":7.9859495163,"tsne_y":12.8197803497,"participation_rate":0.1136363636},{"voter":"Flipside","cluster_label":7,"tsne_x":14.4044456482,"tsne_y":10.1888809204,"participation_rate":0.3181818182},{"voter":"Moonlet","cluster_label":6,"tsne_x":-7.4315538406,"tsne_y":2.4436898232,"participation_rate":0.0},{"voter":"KuCoin","cluster_label":6,"tsne_x":-8.4108247757,"tsne_y":-7.1057128906,"participation_rate":0.0227272727},{"voter":"Orbital Command","cluster_label":6,"tsne_x":-0.3746551275,"tsne_y":-10.1171474457,"participation_rate":0.9545454545},{"voter":"Staker Space","cluster_label":6,"tsne_x":-2.442347765,"tsne_y":-2.6535401344,"participation_rate":0.7045454545},{"voter":"StakeLab","cluster_label":6,"tsne_x":-5.020488739,"tsne_y":-2.365906477,"participation_rate":0.0},{"voter":"Anchor Staking","cluster_label":6,"tsne_x":-4.1982455254,"tsne_y":-6.1798658371,"participation_rate":0.0},{"voter":"Interstake One prev BTCSecure","cluster_label":6,"tsne_x":-2.6101408005,"tsne_y":-14.0419635773,"participation_rate":0.8636363636},{"voter":"Nodeasy","cluster_label":6,"tsne_x":-4.2991728783,"tsne_y":-6.6573863029,"participation_rate":0.0},{"voter":"Synergy Nodes","cluster_label":6,"tsne_x":-1.8389567137,"tsne_y":-4.3762021065,"participation_rate":1.0},{"voter":"RockawayX Infra","cluster_label":6,"tsne_x":-2.6993737221,"tsne_y":-4.6636734009,"participation_rate":0.0227272727},{"voter":"Talis Protocol","cluster_label":6,"tsne_x":4.576944828,"tsne_y":-2.6308774948,"participation_rate":0.6818181818},{"voter":"ProNodes75","cluster_label":6,"tsne_x":-3.6182549,"tsne_y":1.1541639566,"participation_rate":0.7954545455},{"voter":"Autism Staking","cluster_label":6,"tsne_x":1.0096309185,"tsne_y":-10.6298122406,"participation_rate":0.8636363636},{"voter":"KK Validator","cluster_label":6,"tsne_x":-6.4271697998,"tsne_y":-7.7846975327,"participation_rate":0.6136363636},{"voter":"8moon","cluster_label":6,"tsne_x":8.2819099426,"tsne_y":-1.1818492413,"participation_rate":0.4090909091},{"voter":"BlockFoundry","cluster_label":6,"tsne_x":-12.0215101242,"tsne_y":-9.1862106323,"participation_rate":0.9772727273},{"voter":"RuneTerra","cluster_label":6,"tsne_x":13.6435489655,"tsne_y":5.8534092903,"participation_rate":0.5},{"voter":"Galactic Punks Validator","cluster_label":6,"tsne_x":0.6240725517,"tsne_y":-7.5749430656,"participation_rate":0.6363636364},{"voter":"Phoenix","cluster_label":6,"tsne_x":-12.5985021591,"tsne_y":-7.5580210686,"participation_rate":1.0},{"voter":"Uranus","cluster_label":6,"tsne_x":-6.8190774918,"tsne_y":-11.8791160583,"participation_rate":0.9772727273},{"voter":"Leviathan","cluster_label":6,"tsne_x":-3.3012230396,"tsne_y":-10.8250312805,"participation_rate":1.0},{"voter":"Top Shelf","cluster_label":6,"tsne_x":-6.9282541275,"tsne_y":-11.8806390762,"participation_rate":0.9772727273},{"voter":"Sarah Kerrigan","cluster_label":6,"tsne_x":2.7007009983,"tsne_y":-10.4714708328,"participation_rate":1.0},{"voter":"Nexus Event","cluster_label":6,"tsne_x":-2.6894435883,"tsne_y":-8.4528999329,"participation_rate":0.9545454545},{"voter":"LegendX","cluster_label":6,"tsne_x":-5.042424202,"tsne_y":-10.3111352921,"participation_rate":0.5909090909},{"voter":"Moon Dog","cluster_label":6,"tsne_x":-3.5502283573,"tsne_y":-12.1495313644,"participation_rate":1.0},{"voter":"Craig","cluster_label":6,"tsne_x":2.8072891235,"tsne_y":-10.5457830429,"participation_rate":1.0},{"voter":"Un Fuego","cluster_label":6,"tsne_x":2.940315485,"tsne_y":-12.4328575134,"participation_rate":0.8181818182},{"voter":"Goliath","cluster_label":6,"tsne_x":-1.7326272726,"tsne_y":-6.1728572845,"participation_rate":1.0},{"voter":"TerraDactyl","cluster_label":6,"tsne_x":2.3277878761,"tsne_y":-9.6788406372,"participation_rate":0.9772727273},{"voter":"Chaos Protocol","cluster_label":6,"tsne_x":-2.1558175087,"tsne_y":-9.8354415894,"participation_rate":1.0},{"voter":"Interdimensional Cable","cluster_label":6,"tsne_x":-6.0401558876,"tsne_y":-14.6221008301,"participation_rate":1.0},{"voter":"Red Herring  0 Commission  100 Uptime","cluster_label":6,"tsne_x":-3.7313785553,"tsne_y":-8.1468267441,"participation_rate":0.0681818182},{"voter":"Stake N Shake","cluster_label":6,"tsne_x":1.4354197979,"tsne_y":-7.41147995,"participation_rate":0.9545454545},{"voter":"HappyLunatic","cluster_label":0,"tsne_x":6.3032679558,"tsne_y":4.8566522598,"participation_rate":0.2272727273},{"voter":"managocloud","cluster_label":6,"tsne_x":-4.6032972336,"tsne_y":-7.0331554413,"participation_rate":0.0227272727},{"voter":"Futura Meridian","cluster_label":6,"tsne_x":-0.739018023,"tsne_y":-15.6623306274,"participation_rate":0.8636363636},{"voter":"PigCash","cluster_label":0,"tsne_x":9.2093076706,"tsne_y":6.3503642082,"participation_rate":0.3863636364},{"voter":"Y","cluster_label":2,"tsne_x":9.7508745193,"tsne_y":7.3135676384,"participation_rate":0.0681818182},{"voter":"Eclipse","cluster_label":0,"tsne_x":6.3480958939,"tsne_y":8.3144950867,"participation_rate":0.1136363636},{"voter":"moonshot","cluster_label":6,"tsne_x":1.2848371267,"tsne_y":-4.8144979477,"participation_rate":0.6818181818},{"voter":"Defi Suffrage","cluster_label":0,"tsne_x":10.1440782547,"tsne_y":9.4914216995,"participation_rate":0.1818181818},{"voter":"StakeBin","cluster_label":6,"tsne_x":6.0424003601,"tsne_y":-11.780374527,"participation_rate":1.0},{"voter":"Mario","cluster_label":0,"tsne_x":5.830807209,"tsne_y":7.622824192,"participation_rate":0.1590909091},{"voter":"Zeus Staking","cluster_label":0,"tsne_x":12.3832702637,"tsne_y":6.0673694611,"participation_rate":0.0681818182},{"voter":"Ceres Ventures","cluster_label":6,"tsne_x":-4.3114686012,"tsne_y":-9.0970201492,"participation_rate":0.9090909091},{"voter":"TerRarityio","cluster_label":2,"tsne_x":9.3369865417,"tsne_y":8.0381155014,"participation_rate":0.1136363636},{"voter":"OneStar","cluster_label":6,"tsne_x":-6.3140468597,"tsne_y":-6.1833515167,"participation_rate":0.1363636364},{"voter":"MCF","cluster_label":0,"tsne_x":3.4455912113,"tsne_y":7.0232920647,"participation_rate":0.5227272727},{"voter":"Moon Platoon","cluster_label":6,"tsne_x":3.7196550369,"tsne_y":-12.5561418533,"participation_rate":0.5909090909},{"voter":"Spacehall prev Setten","cluster_label":6,"tsne_x":2.1314406395,"tsne_y":-12.4435272217,"participation_rate":0.7727272727},{"voter":"MissionControl","cluster_label":0,"tsne_x":5.3441896439,"tsne_y":9.3900632858,"participation_rate":0.3636363636},{"voter":"Luna Station 88","cluster_label":0,"tsne_x":3.9241154194,"tsne_y":7.9843702316,"participation_rate":0.3863636364},{"voter":"The Mafia Wins Redelegate","cluster_label":6,"tsne_x":-4.0489201546,"tsne_y":-7.227396965,"participation_rate":0.0227272727},{"voter":"Solid  solidonline","cluster_label":6,"tsne_x":1.9968287945,"tsne_y":-7.0031833649,"participation_rate":0.8863636364},{"voter":" LUNC DAO ","cluster_label":6,"tsne_x":4.0761528015,"tsne_y":-10.4202480316,"participation_rate":0.6590909091},{"voter":"Sapient Nodes","cluster_label":6,"tsne_x":-5.4190502167,"tsne_y":-4.9948129654,"participation_rate":0.0909090909},{"voter":"TERRAFIRMA","cluster_label":6,"tsne_x":-7.2018704414,"tsne_y":-6.5462813377,"participation_rate":0.8181818182},{"voter":"SeltonStakecom","cluster_label":6,"tsne_x":7.9941568375,"tsne_y":1.6894557476,"participation_rate":0.2045454545},{"voter":"Terran One","cluster_label":6,"tsne_x":-8.5579977036,"tsne_y":-4.7476086617,"participation_rate":0.6136363636},{"voter":"4719","cluster_label":6,"tsne_x":-1.2003170252,"tsne_y":-11.0146961212,"participation_rate":1.0},{"voter":"Orion  AutoCompound","cluster_label":2,"tsne_x":1.9118140936,"tsne_y":12.2431669235,"participation_rate":0.3863636364},{"voter":" USTC Buyback   TerraAventura ","cluster_label":2,"tsne_x":11.8867378235,"tsne_y":3.2449235916,"participation_rate":0.0681818182},{"voter":"Terra Rebirth 0","cluster_label":6,"tsne_x":-5.8880558014,"tsne_y":-3.5889148712,"participation_rate":0.0227272727},{"voter":"Angel Protocol","cluster_label":2,"tsne_x":8.4274377823,"tsne_y":7.1940870285,"participation_rate":0.2727272727},{"voter":" CryptoCrew  100 MEV revenue to LUNA stakers IBCgang REstake","cluster_label":6,"tsne_x":-11.0869693756,"tsne_y":-6.9062175751,"participation_rate":0.7954545455},{"voter":"ERIS  Delegate for claimdrop","cluster_label":6,"tsne_x":-2.7153224945,"tsne_y":-7.3546042442,"participation_rate":0.2045454545},{"voter":"stakingcabin","cluster_label":6,"tsne_x":-12.7589235306,"tsne_y":-7.3870396614,"participation_rate":0.9090909091},{"voter":"LUNAStaker","cluster_label":6,"tsne_x":-11.4564638138,"tsne_y":-8.7050952911,"participation_rate":0.75},{"voter":"dacm","cluster_label":6,"tsne_x":-0.9258700609,"tsne_y":-9.2465429306,"participation_rate":0.25},{"voter":"BIG Labs","cluster_label":6,"tsne_x":-5.3463459015,"tsne_y":-7.562338829,"participation_rate":0.1136363636},{"voter":"CosmoStake1","cluster_label":6,"tsne_x":-4.2514829636,"tsne_y":-7.4413337708,"participation_rate":0.0227272727},{"voter":"jesselstake","cluster_label":6,"tsne_x":-5.7974414825,"tsne_y":-5.4147157669,"participation_rate":0.0454545455},{"voter":"Electron Labs","cluster_label":6,"tsne_x":-5.4308338165,"tsne_y":-5.5811171532,"participation_rate":0.0227272727},{"voter":"North Star","cluster_label":6,"tsne_x":-3.4648230076,"tsne_y":-9.8741788864,"participation_rate":0.1363636364},{"voter":"ChainofSecretsorg","cluster_label":0,"tsne_x":7.0672664642,"tsne_y":9.9463672638,"participation_rate":0.0227272727},{"voter":"Kiki Finance","cluster_label":5,"tsne_x":11.7295980453,"tsne_y":5.5332169533,"participation_rate":0.0454545455},{"voter":"RockX","cluster_label":0,"tsne_x":10.1209592819,"tsne_y":8.5953025818,"participation_rate":0.0227272727},{"voter":"Hermes Protocol  Earn airdrops  more","cluster_label":6,"tsne_x":8.0588731766,"tsne_y":0.409188062,"participation_rate":0.5227272727},{"voter":"StakeSabai","cluster_label":0,"tsne_x":12.6503105164,"tsne_y":7.601064682,"participation_rate":0.25},{"voter":"Obi Formerly Terra Bites","cluster_label":0,"tsne_x":5.7086586952,"tsne_y":5.4420075417,"participation_rate":0.3409090909},{"voter":"Spica Nova","cluster_label":6,"tsne_x":-9.1580781937,"tsne_y":-11.1477565765,"participation_rate":0.8863636364},{"voter":"TCB THORmaximalist","cluster_label":6,"tsne_x":7.9398360252,"tsne_y":1.8831458092,"participation_rate":0.5},{"voter":"UST Zone  powered by FatMan","cluster_label":0,"tsne_x":10.7966022491,"tsne_y":8.8539819717,"participation_rate":0.0909090909},{"voter":"StakeMachine","cluster_label":2,"tsne_x":13.0280609131,"tsne_y":8.5464086533,"participation_rate":0.2272727273},{"voter":"SafePoint","cluster_label":2,"tsne_x":13.3842954636,"tsne_y":10.2485561371,"participation_rate":0.1590909091},{"voter":"Asnodes","cluster_label":6,"tsne_x":-6.0464744568,"tsne_y":-2.5212337971,"participation_rate":0.0227272727},{"voter":"Terrascope","cluster_label":6,"tsne_x":-7.9861006737,"tsne_y":-9.1550636292,"participation_rate":0.7045454545},{"voter":"TheNFTProject","cluster_label":2,"tsne_x":11.9900665283,"tsne_y":3.3740055561,"participation_rate":0.0227272727},{"voter":"Mosaic","cluster_label":2,"tsne_x":8.7892389297,"tsne_y":8.4838142395,"participation_rate":0.0227272727},{"voter":"Monster Node","cluster_label":0,"tsne_x":7.7098002434,"tsne_y":8.7160511017,"participation_rate":0.0909090909},{"voter":" The Lion DAO","cluster_label":2,"tsne_x":10.6565513611,"tsne_y":3.2283315659,"participation_rate":0.4318181818},{"voter":"URA   Delegate for Claimdrop","cluster_label":0,"tsne_x":8.2343635559,"tsne_y":5.4047422409,"participation_rate":0.25},{"voter":"Morph Nato Prophet","cluster_label":0,"tsne_x":8.0740070343,"tsne_y":6.4969291687,"participation_rate":0.0227272727},{"voter":"Robo Staking","cluster_label":2,"tsne_x":8.0181798935,"tsne_y":7.8047719002,"participation_rate":0.0454545455},{"voter":"r93AX Nodes","cluster_label":2,"tsne_x":8.2101202011,"tsne_y":9.0208616257,"participation_rate":0.0454545455}]