[{"voter":" AutoStake  Slash Protected","cluster_label":3,"tsne_x":-0.298091054,"tsne_y":7.1278057098,"participation_rate":0.9591836735},{"voter":"Simply Staking","cluster_label":3,"tsne_x":-0.7452417016,"tsne_y":3.7338042259,"participation_rate":0.1530612245},{"voter":"Chorus One","cluster_label":3,"tsne_x":0.906360805,"tsne_y":6.9455504417,"participation_rate":0.8367346939},{"voter":"Forbole","cluster_label":3,"tsne_x":2.9972882271,"tsne_y":6.1964969635,"participation_rate":0.2959183673},{"voter":"01node","cluster_label":3,"tsne_x":-3.1180973053,"tsne_y":7.642261982,"participation_rate":0.6326530612},{"voter":" block pane ","cluster_label":3,"tsne_x":2.2852399349,"tsne_y":4.0096359253,"participation_rate":0.4489795918},{"voter":"WhisperNode ","cluster_label":3,"tsne_x":-0.9621511698,"tsne_y":6.4283299446,"participation_rate":0.9693877551},{"voter":"Stakyio","cluster_label":3,"tsne_x":2.5933096409,"tsne_y":4.6496796608,"participation_rate":0.0204081633},{"voter":"Obi","cluster_label":3,"tsne_x":-8.7904291153,"tsne_y":3.4891033173,"participation_rate":0.6836734694},{"voter":"Stakelyio","cluster_label":3,"tsne_x":-1.157274127,"tsne_y":6.0909619331,"participation_rate":0.8979591837},{"voter":"Citadelone","cluster_label":3,"tsne_x":0.2814714611,"tsne_y":7.6690940857,"participation_rate":0.8775510204},{"voter":" LavenderFive Nodes ","cluster_label":3,"tsne_x":-2.1694242954,"tsne_y":7.4671883583,"participation_rate":0.7959183673},{"voter":"Coinage x DAIC","cluster_label":3,"tsne_x":-1.8797291517,"tsne_y":5.8939695358,"participation_rate":0.5510204082},{"voter":"Keplr","cluster_label":0,"tsne_x":-5.8876338005,"tsne_y":9.1319789886,"participation_rate":0.2857142857},{"voter":"MMS","cluster_label":0,"tsne_x":-12.0617647171,"tsne_y":11.5662975311,"participation_rate":0.0102040816},{"voter":"FreshSTAKING","cluster_label":3,"tsne_x":-0.7878305316,"tsne_y":3.9946987629,"participation_rate":0.8979591837},{"voter":"SmartNodes","cluster_label":7,"tsne_x":1.7028180361,"tsne_y":-3.2176148891,"participation_rate":0.1632653061},{"voter":"Redelegate","cluster_label":5,"tsne_x":4.0141978264,"tsne_y":-10.5041313171,"participation_rate":0.0408163265},{"voter":"Stakin","cluster_label":7,"tsne_x":-14.6421022415,"tsne_y":12.4626188278,"participation_rate":0.1428571429},{"voter":"notional","cluster_label":1,"tsne_x":-3.379222393,"tsne_y":-5.5675678253,"participation_rate":0.3265306122},{"voter":" Stake or Die ","cluster_label":0,"tsne_x":0.5234197974,"tsne_y":-2.1743681431,"participation_rate":0.3775510204},{"voter":"Consensus One","cluster_label":1,"tsne_x":3.4430651665,"tsne_y":-6.6277570724,"participation_rate":0.1428571429},{"voter":"Stakewollecom  Autocompound","cluster_label":6,"tsne_x":3.3085741997,"tsne_y":-13.6621589661,"participation_rate":0.7142857143},{"voter":"NodeMonster","cluster_label":2,"tsne_x":11.6538820267,"tsne_y":-8.274887085,"participation_rate":0.2857142857},{"voter":"SpaceStake","cluster_label":2,"tsne_x":10.6346378326,"tsne_y":-6.2707343102,"participation_rate":0.112244898},{"voter":"Earn Network","cluster_label":2,"tsne_x":11.0938062668,"tsne_y":-5.2450633049,"participation_rate":0.0918367347},{"voter":"Stashh","cluster_label":0,"tsne_x":-14.4480838776,"tsne_y":11.8633975983,"participation_rate":0.193877551},{"voter":"Huobi","cluster_label":7,"tsne_x":3.8713254929,"tsne_y":-4.1516809464,"participation_rate":0.1020408163},{"voter":"w3coins","cluster_label":4,"tsne_x":12.7080450058,"tsne_y":-9.2294044495,"participation_rate":0.3469387755},{"voter":"Colossus","cluster_label":7,"tsne_x":6.3636493683,"tsne_y":-10.7044181824,"participation_rate":0.0714285714},{"voter":"AgoraNodes","cluster_label":0,"tsne_x":8.7786073685,"tsne_y":1.4385133982,"participation_rate":0.6530612245},{"voter":"Tan","cluster_label":4,"tsne_x":4.4548459053,"tsne_y":-8.7331628799,"participation_rate":0.0612244898},{"voter":"BwareLabs","cluster_label":6,"tsne_x":9.1503400803,"tsne_y":-4.8947434425,"participation_rate":0.0},{"voter":"Staked","cluster_label":0,"tsne_x":-7.0073437691,"tsne_y":5.0765023232,"participation_rate":0.0},{"voter":"Trivium  TriviumNetwork","cluster_label":0,"tsne_x":-12.9931755066,"tsne_y":6.07234478,"participation_rate":0.5816326531},{"voter":"StakeLab","cluster_label":6,"tsne_x":1.3230338097,"tsne_y":-10.1863908768,"participation_rate":0.3673469388},{"voter":" CryptoCrew Validators IBCgang","cluster_label":0,"tsne_x":-9.5058012009,"tsne_y":10.3845424652,"participation_rate":0.7346938776},{"voter":"HashQuark","cluster_label":6,"tsne_x":7.1326684952,"tsne_y":-8.5632162094,"participation_rate":0.0306122449},{"voter":"Autism Staking","cluster_label":6,"tsne_x":7.3605384827,"tsne_y":-5.3683252335,"participation_rate":0.0306122449},{"voter":"ChainofSecretsorg","cluster_label":0,"tsne_x":-13.1106233597,"tsne_y":7.3742814064,"participation_rate":0.1428571429},{"voter":"Republic Crypto","cluster_label":0,"tsne_x":-11.0578517914,"tsne_y":8.2066955566,"participation_rate":0.0204081633},{"voter":"Secret Express","cluster_label":0,"tsne_x":-10.7725915909,"tsne_y":12.918469429,"participation_rate":0.9489795918},{"voter":"nodevine","cluster_label":0,"tsne_x":-12.01491642,"tsne_y":7.8382496834,"participation_rate":0.1836734694},{"voter":"figment","cluster_label":0,"tsne_x":-11.0266027451,"tsne_y":7.3153567314,"participation_rate":0.0408163265},{"voter":"CosmosPug","cluster_label":0,"tsne_x":-8.4806003571,"tsne_y":9.8636388779,"participation_rate":0.3367346939},{"voter":"    secretanalyticsxyz","cluster_label":0,"tsne_x":-14.7843427658,"tsne_y":8.4606695175,"participation_rate":0.8265306122},{"voter":"AART","cluster_label":0,"tsne_x":-11.412071228,"tsne_y":7.6770782471,"participation_rate":0.0816326531},{"voter":"Alter","cluster_label":0,"tsne_x":-9.5702705383,"tsne_y":8.3288755417,"participation_rate":0.2959183673},{"voter":"AmberDAO","cluster_label":0,"tsne_x":-15.929017067,"tsne_y":6.6121544838,"participation_rate":0.3163265306},{"voter":"PathrockNetwork","cluster_label":0,"tsne_x":-10.4235563278,"tsne_y":7.4368491173,"participation_rate":0.1836734694},{"voter":"Secret University  scrtuniversity","cluster_label":0,"tsne_x":-10.4418439865,"tsne_y":6.6250042915,"participation_rate":0.2448979592},{"voter":"1 Fee and Free on Xmas  Secret Santa","cluster_label":0,"tsne_x":-10.8327627182,"tsne_y":6.6291956902,"participation_rate":0.2448979592},{"voter":"EZStakingio","cluster_label":0,"tsne_x":-14.7181043625,"tsne_y":6.194583416,"participation_rate":0.3163265306},{"voter":"secretnftcom","cluster_label":0,"tsne_x":-13.1212415695,"tsne_y":8.7045907974,"participation_rate":0.4693877551},{"voter":"Quiet monkey mind","cluster_label":0,"tsne_x":-8.9294500351,"tsne_y":6.8581109047,"participation_rate":0.9489795918},{"voter":"ELYSIUM","cluster_label":0,"tsne_x":-11.0339822769,"tsne_y":8.7237844467,"participation_rate":0.1632653061},{"voter":"Jackal DAO","cluster_label":0,"tsne_x":-12.2245435715,"tsne_y":9.3875102997,"participation_rate":0.2653061224},{"voter":"Digiline","cluster_label":0,"tsne_x":-10.2618494034,"tsne_y":8.7518606186,"participation_rate":0.193877551},{"voter":"Vanasio  earn airdrops","cluster_label":0,"tsne_x":-11.4297580719,"tsne_y":10.0184955597,"participation_rate":0.0714285714},{"voter":"securesecretsorg","cluster_label":0,"tsne_x":-8.2792291641,"tsne_y":8.0966367722,"participation_rate":0.7346938776},{"voter":"Apeiron Nodes100 UptimeAirdrops","cluster_label":0,"tsne_x":-12.0179252625,"tsne_y":10.7716636658,"participation_rate":0.1224489796},{"voter":"SCRT LabRador","cluster_label":0,"tsne_x":-11.5728359222,"tsne_y":5.1192173958,"participation_rate":0.2448979592},{"voter":"StarShell","cluster_label":0,"tsne_x":-11.4851408005,"tsne_y":2.8377139568,"participation_rate":0.2959183673},{"voter":"Mr Roboto s Secret","cluster_label":0,"tsne_x":-1.8825824261,"tsne_y":-0.9736894369,"participation_rate":0.6326530612},{"voter":"AnonDAO","cluster_label":0,"tsne_x":-14.9774923325,"tsne_y":4.1710743904,"participation_rate":0.5510204082},{"voter":"Order of Secrets  1 fees","cluster_label":0,"tsne_x":4.1618413925,"tsne_y":-1.8239306211,"participation_rate":0.306122449},{"voter":"secretSauce ","cluster_label":0,"tsne_x":-16.8750476837,"tsne_y":6.7724175453,"participation_rate":1.0},{"voter":"SecretDog","cluster_label":0,"tsne_x":-4.2595877647,"tsne_y":-3.7819583416,"participation_rate":0.693877551},{"voter":"hadowRealm","cluster_label":0,"tsne_x":-7.4188332558,"tsne_y":7.81727314,"participation_rate":0.693877551},{"voter":"DELEGATE AWAY","cluster_label":2,"tsne_x":5.9419908524,"tsne_y":-5.1108498573,"participation_rate":0.0510204082},{"voter":"SecretAlf","cluster_label":0,"tsne_x":-1.6877875328,"tsne_y":-1.821611762,"participation_rate":0.306122449},{"voter":"Crypto Chemistry ","cluster_label":0,"tsne_x":1.8262348175,"tsne_y":-7.0247387886,"participation_rate":0.3163265306},{"voter":"Secret Keeper","cluster_label":0,"tsne_x":-9.8006877899,"tsne_y":5.0108675957,"participation_rate":0.887755102},{"voter":"secret underground","cluster_label":0,"tsne_x":-0.2366562039,"tsne_y":-3.0527043343,"participation_rate":0.1428571429},{"voter":"Ronin Ventures","cluster_label":0,"tsne_x":-0.3194098473,"tsne_y":-5.7400302887,"participation_rate":0.2653061224},{"voter":"secretchaingirl","cluster_label":0,"tsne_x":-2.4129605293,"tsne_y":-1.749750495,"participation_rate":0.7959183673},{"voter":"Stake and Eggs","cluster_label":0,"tsne_x":5.5645723343,"tsne_y":-7.2957000732,"participation_rate":0.0204081633},{"voter":"Shutdown  please redelegate","cluster_label":0,"tsne_x":-5.0280017853,"tsne_y":-5.0716967583,"participation_rate":0.4489795918},{"voter":"0 Fee 2024   melea","cluster_label":0,"tsne_x":4.7628517151,"tsne_y":-2.1230347157,"participation_rate":0.0510204082},{"voter":"SerGo","cluster_label":5,"tsne_x":11.8168144226,"tsne_y":-0.7812736034,"participation_rate":0.0918367347},{"voter":"Outlier Ventures","cluster_label":2,"tsne_x":5.316880703,"tsne_y":-6.3079867363,"participation_rate":0.0102040816},{"voter":"DELEGATE AWAY  Going offline soon","cluster_label":2,"tsne_x":5.2785682678,"tsne_y":-4.4800429344,"participation_rate":0.0714285714},{"voter":"StakeKY","cluster_label":2,"tsne_x":5.316880703,"tsne_y":-6.3079867363,"participation_rate":0.0102040816},{"voter":"Chilly Waifu Validation Chill Validation","cluster_label":0,"tsne_x":-7.2673835754,"tsne_y":-0.0089548621,"participation_rate":0.6734693878},{"voter":"HorseshoeCapital","cluster_label":0,"tsne_x":3.9869515896,"tsne_y":-5.534368515,"participation_rate":0.0204081633},{"voter":"XavierCapital","cluster_label":0,"tsne_x":-5.0240750313,"tsne_y":-2.9794781208,"participation_rate":0.6530612245},{"voter":"Stealth Staking","cluster_label":2,"tsne_x":3.0430753231,"tsne_y":-8.3826446533,"participation_rate":0.0714285714},{"voter":"DomeriumLabs","cluster_label":0,"tsne_x":-3.749317646,"tsne_y":-4.7297592163,"participation_rate":0.4081632653},{"voter":"Jamama","cluster_label":0,"tsne_x":-1.0712966919,"tsne_y":-8.417298317,"participation_rate":0.3469387755},{"voter":"Pulsr","cluster_label":2,"tsne_x":6.2969341278,"tsne_y":-4.1068539619,"participation_rate":0.0306122449},{"voter":"CoinBevy","cluster_label":2,"tsne_x":6.0354523659,"tsne_y":-5.5675568581,"participation_rate":0.0204081633},{"voter":"please delegate to new avaulto node","cluster_label":0,"tsne_x":0.3487668633,"tsne_y":-2.9946827888,"participation_rate":0.1224489796},{"voter":"legume","cluster_label":2,"tsne_x":5.3093104362,"tsne_y":-6.8074741364,"participation_rate":0.0102040816},{"voter":"HBSecretNode","cluster_label":0,"tsne_x":10.2561092377,"tsne_y":-8.9686412811,"participation_rate":0.193877551},{"voter":"Artemisred","cluster_label":0,"tsne_x":-1.6855816841,"tsne_y":-4.1835899353,"participation_rate":0.2755102041},{"voter":"Clandestina X LavenderFive","cluster_label":0,"tsne_x":0.2147626281,"tsne_y":-6.0440006256,"participation_rate":0.1326530612},{"voter":"Astrovault","cluster_label":5,"tsne_x":5.7362318039,"tsne_y":-9.2689352036,"participation_rate":0.0816326531},{"voter":"shutting down 114","cluster_label":0,"tsne_x":-0.3644945323,"tsne_y":-8.2169160843,"participation_rate":0.2040816327},{"voter":"Avaulto","cluster_label":0,"tsne_x":1.0538883209,"tsne_y":-7.2400388718,"participation_rate":0.1224489796},{"voter":"urtv72k9","cluster_label":0,"tsne_x":4.5873937607,"tsne_y":-6.8974637985,"participation_rate":0.0204081633},{"voter":" ActiListio DApp","cluster_label":0,"tsne_x":11.5931787491,"tsne_y":-9.0450286865,"participation_rate":0.3979591837},{"voter":"Finacash","cluster_label":0,"tsne_x":11.2182216644,"tsne_y":-9.873670578,"participation_rate":0.4897959184},{"voter":"MathWallet  Fenbushi","cluster_label":0,"tsne_x":8.5148944855,"tsne_y":-7.4640898705,"participation_rate":0.0612244898},{"voter":"Lotus","cluster_label":2,"tsne_x":7.6176838875,"tsne_y":-2.7963938713,"participation_rate":0.112244898},{"voter":"CosmoBook  please redelegate","cluster_label":2,"tsne_x":6.348426342,"tsne_y":-7.1769676208,"participation_rate":0.0204081633},{"voter":"Lorem Ipsum Metaverse","cluster_label":2,"tsne_x":5.9887485504,"tsne_y":-7.038166523,"participation_rate":0.0102040816},{"voter":"Secret Network Africa","cluster_label":0,"tsne_x":7.4361042976,"tsne_y":-7.3538012505,"participation_rate":0.0714285714},{"voter":"crosnest","cluster_label":0,"tsne_x":12.3124094009,"tsne_y":-6.3375654221,"participation_rate":0.2755102041},{"voter":"zenopie  ","cluster_label":0,"tsne_x":8.2150535583,"tsne_y":-9.7951984406,"participation_rate":0.112244898},{"voter":" Secret Jupiter  2 forever","cluster_label":0,"tsne_x":6.5237841606,"tsne_y":-6.4581131935,"participation_rate":0.0306122449},{"voter":"AdamantFI","cluster_label":0,"tsne_x":4.9283490181,"tsne_y":-8.0851078033,"participation_rate":0.0204081633}]