[{"voter":"Chainflow","cluster_label":3,"tsne_x":-3.4406349659,"tsne_y":-7.9327731133,"participation_rate":0.2765957447},{"voter":"Imperatorco","cluster_label":3,"tsne_x":1.193418622,"tsne_y":-16.2615566254,"participation_rate":0.9787234043},{"voter":" AutoStake  Slash Protected","cluster_label":3,"tsne_x":-1.8074734211,"tsne_y":-16.2887821198,"participation_rate":0.5744680851},{"voter":"Provalidator","cluster_label":3,"tsne_x":-1.5202800035,"tsne_y":-10.620388031,"participation_rate":0.8085106383},{"voter":"Simply Staking","cluster_label":3,"tsne_x":-4.8222708702,"tsne_y":-10.4333906174,"participation_rate":0.6170212766},{"voter":"StakeLabzone","cluster_label":3,"tsne_x":-11.7334747314,"tsne_y":-2.4688487053,"participation_rate":0.2978723404},{"voter":"Sentinel dVPN","cluster_label":7,"tsne_x":-7.2156934738,"tsne_y":-1.3999197483,"participation_rate":0.0425531915},{"voter":"REDELEGATE","cluster_label":3,"tsne_x":-6.0708122253,"tsne_y":-8.2019071579,"participation_rate":0.085106383},{"voter":"BouBouNode","cluster_label":2,"tsne_x":-9.0620203018,"tsne_y":2.176441431,"participation_rate":0.0212765957},{"voter":"SpacePotato","cluster_label":3,"tsne_x":-6.8392763138,"tsne_y":-8.7013969421,"participation_rate":0.4680851064},{"voter":"Crosnest","cluster_label":3,"tsne_x":0.1839440465,"tsne_y":-16.9281845093,"participation_rate":0.9361702128},{"voter":"SG1","cluster_label":3,"tsne_x":-3.4904541969,"tsne_y":-3.904204607,"participation_rate":0.7872340426},{"voter":"KalpaTech","cluster_label":3,"tsne_x":-0.5737228394,"tsne_y":-8.9552364349,"participation_rate":0.7021276596},{"voter":"Swiss Staking","cluster_label":3,"tsne_x":-1.2861105204,"tsne_y":-9.0443296432,"participation_rate":0.914893617},{"voter":"01node","cluster_label":3,"tsne_x":-8.8880643845,"tsne_y":-10.8320608139,"participation_rate":0.5744680851},{"voter":"Inotel","cluster_label":1,"tsne_x":9.1932573318,"tsne_y":-3.4663114548,"participation_rate":0.0212765957},{"voter":"Bi23 Labs","cluster_label":3,"tsne_x":-6.6911325455,"tsne_y":-6.4698395729,"participation_rate":0.170212766},{"voter":"kytzu","cluster_label":7,"tsne_x":-6.4886813164,"tsne_y":3.5076642036,"participation_rate":0.0425531915},{"voter":"Secure Secrets","cluster_label":6,"tsne_x":-12.9941987991,"tsne_y":5.6569986343,"participation_rate":0.3617021277},{"voter":"jabbey","cluster_label":3,"tsne_x":-3.0307719707,"tsne_y":-9.7156391144,"participation_rate":0.5744680851},{"voter":"0basevc","cluster_label":3,"tsne_x":-2.1206314564,"tsne_y":-11.3405752182,"participation_rate":0.914893617},{"voter":"Smart Stake ","cluster_label":3,"tsne_x":1.4214736223,"tsne_y":-16.1805019379,"participation_rate":0.9361702128},{"voter":" block pane ","cluster_label":3,"tsne_x":-7.6107411385,"tsne_y":-7.7899951935,"participation_rate":0.4468085106},{"voter":"Redline Validation","cluster_label":3,"tsne_x":-5.8774995804,"tsne_y":-7.5960636139,"participation_rate":0.3191489362},{"voter":"StakeTown","cluster_label":3,"tsne_x":-6.2532138824,"tsne_y":-6.7642979622,"participation_rate":0.3829787234},{"voter":"stakefish","cluster_label":3,"tsne_x":-6.4911513329,"tsne_y":-7.6762361526,"participation_rate":0.1489361702},{"voter":"Figment","cluster_label":3,"tsne_x":-8.1545009613,"tsne_y":-5.0620088577,"participation_rate":0.085106383},{"voter":"DO NOT DELEGATE HERE","cluster_label":3,"tsne_x":-7.6453495026,"tsne_y":-5.6629338264,"participation_rate":0.0212765957},{"voter":"a41","cluster_label":3,"tsne_x":-4.762963295,"tsne_y":-11.0868587494,"participation_rate":0.5319148936},{"voter":"Oldcat","cluster_label":3,"tsne_x":-5.7048835754,"tsne_y":-7.4919953346,"participation_rate":0.9787234043},{"voter":"Tessellated","cluster_label":3,"tsne_x":-1.5557175875,"tsne_y":-9.1996860504,"participation_rate":0.6808510638},{"voter":"Gelotto  Slash Protected","cluster_label":3,"tsne_x":-7.3514204025,"tsne_y":-2.0663745403,"participation_rate":0.7234042553},{"voter":"Golden Ratio Staking","cluster_label":3,"tsne_x":-3.0155668259,"tsne_y":-14.5157222748,"participation_rate":0.8723404255},{"voter":"COSMSTAKE","cluster_label":7,"tsne_x":-6.3302440643,"tsne_y":-1.3147714138,"participation_rate":0.7234042553},{"voter":"Obi","cluster_label":3,"tsne_x":-5.9610748291,"tsne_y":-1.2147126198,"participation_rate":0.0638297872},{"voter":"CommunityStaking","cluster_label":3,"tsne_x":-4.8564500809,"tsne_y":-6.0824036598,"participation_rate":0.9574468085},{"voter":"TheCybernetics","cluster_label":1,"tsne_x":8.2414865494,"tsne_y":-3.1976666451,"participation_rate":0.5319148936},{"voter":"Stakelyio","cluster_label":3,"tsne_x":-1.6383709908,"tsne_y":-14.9734888077,"participation_rate":0.8723404255},{"voter":"Kalia Network","cluster_label":1,"tsne_x":5.4717378616,"tsne_y":-7.263677597,"participation_rate":0.5106382979},{"voter":"ECO Stake ","cluster_label":3,"tsne_x":-0.134462744,"tsne_y":-13.3474664688,"participation_rate":0.829787234},{"voter":"NosNode","cluster_label":3,"tsne_x":-5.3454813957,"tsne_y":-11.6273584366,"participation_rate":0.7659574468},{"voter":"Citadelone","cluster_label":3,"tsne_x":-1.1471613646,"tsne_y":-16.6327629089,"participation_rate":0.8936170213},{"voter":"Informal Systems","cluster_label":3,"tsne_x":0.5357372165,"tsne_y":-13.044708252,"participation_rate":0.7872340426},{"voter":" LavenderFive Nodes ","cluster_label":3,"tsne_x":-1.0905067921,"tsne_y":-12.9833345413,"participation_rate":0.7021276596},{"voter":"SolidStake","cluster_label":1,"tsne_x":6.7066817284,"tsne_y":-1.391554594,"participation_rate":0.0},{"voter":"Frens ","cluster_label":3,"tsne_x":0.2026738673,"tsne_y":-14.8497219086,"participation_rate":0.6595744681},{"voter":"Zenscape","cluster_label":1,"tsne_x":5.9824376106,"tsne_y":-8.0693292618,"participation_rate":0.0},{"voter":"Cosmostation","cluster_label":3,"tsne_x":0.4103414714,"tsne_y":-16.2509803772,"participation_rate":0.9574468085},{"voter":"Kleomedes","cluster_label":1,"tsne_x":5.2449622154,"tsne_y":4.6607108116,"participation_rate":0.8936170213},{"voter":"Bored Ape Server","cluster_label":1,"tsne_x":8.3221673965,"tsne_y":-0.9223258495,"participation_rate":0.0212765957},{"voter":"Levana  Powered by Cros Nest","cluster_label":1,"tsne_x":8.7281694412,"tsne_y":-2.1357469559,"participation_rate":0.0},{"voter":"BlueStake   100 insurance","cluster_label":1,"tsne_x":6.0927591324,"tsne_y":5.1819057465,"participation_rate":0.5957446809},{"voter":"Oni ","cluster_label":1,"tsne_x":6.2261223793,"tsne_y":-7.6373806,"participation_rate":0.6808510638},{"voter":"DOUBLETOP","cluster_label":1,"tsne_x":10.8829021454,"tsne_y":-2.0818009377,"participation_rate":0.3404255319},{"voter":"artifact","cluster_label":1,"tsne_x":6.5241484642,"tsne_y":0.9991272092,"participation_rate":0.0},{"voter":"White Whale","cluster_label":6,"tsne_x":14.6719408035,"tsne_y":3.5410614014,"participation_rate":0.7234042553},{"voter":"White Marlin Staking","cluster_label":1,"tsne_x":6.6336078644,"tsne_y":-6.9169592857,"participation_rate":0.0},{"voter":"Silk Nodes","cluster_label":3,"tsne_x":-2.2461776733,"tsne_y":-6.2857165337,"participation_rate":0.6382978723},{"voter":"OmniFlix Network","cluster_label":3,"tsne_x":3.3469743729,"tsne_y":-9.1592550278,"participation_rate":0.4893617021},{"voter":"BlockHunters ","cluster_label":7,"tsne_x":-2.2550778389,"tsne_y":1.4666111469,"participation_rate":0.4680851064},{"voter":"GATA HUB","cluster_label":3,"tsne_x":-2.0818464756,"tsne_y":-5.5170397758,"participation_rate":0.829787234},{"voter":"CosmosPug ","cluster_label":1,"tsne_x":9.2425918579,"tsne_y":2.172549963,"participation_rate":0.4893617021},{"voter":"BasBlock","cluster_label":2,"tsne_x":-7.7935991287,"tsne_y":2.0159909725,"participation_rate":0.0425531915},{"voter":"Kintsugi Nodes","cluster_label":3,"tsne_x":-3.0130228996,"tsne_y":-8.0641651154,"participation_rate":0.914893617},{"voter":"NodesGuru","cluster_label":1,"tsne_x":12.3461456299,"tsne_y":-6.3397040367,"participation_rate":0.8723404255},{"voter":"blockscape","cluster_label":3,"tsne_x":-1.991939187,"tsne_y":-8.0882730484,"participation_rate":0.8510638298},{"voter":"Stakecito","cluster_label":3,"tsne_x":0.1048872918,"tsne_y":-14.8154878616,"participation_rate":0.914893617},{"voter":"Meria","cluster_label":7,"tsne_x":2.6075119972,"tsne_y":-0.1092413664,"participation_rate":0.4042553191},{"voter":"Blockdaemon","cluster_label":3,"tsne_x":-1.9480888844,"tsne_y":-6.4602284431,"participation_rate":0.3191489362},{"voter":"Cypher Core","cluster_label":3,"tsne_x":-3.6879370213,"tsne_y":-11.4884843826,"participation_rate":0.914893617},{"voter":"Stakeflow","cluster_label":7,"tsne_x":0.0847343057,"tsne_y":1.120537281,"participation_rate":0.3191489362},{"voter":"ChainLayer","cluster_label":3,"tsne_x":-10.3063879013,"tsne_y":-0.9345190525,"participation_rate":0.2127659574},{"voter":"strangelove","cluster_label":1,"tsne_x":2.1073257923,"tsne_y":12.3394126892,"participation_rate":0.2553191489},{"voter":"Allnodes","cluster_label":3,"tsne_x":1.0924696922,"tsne_y":-12.9180593491,"participation_rate":0.7021276596},{"voter":"FreshSTAKING","cluster_label":3,"tsne_x":-6.0610513687,"tsne_y":-10.4203948975,"participation_rate":0.9361702128},{"voter":"CryptoDungeon","cluster_label":1,"tsne_x":5.7722783089,"tsne_y":7.2665810585,"participation_rate":0.829787234},{"voter":"Quebec","cluster_label":1,"tsne_x":8.0184078217,"tsne_y":7.1107859612,"participation_rate":0.4468085106},{"voter":"MrK","cluster_label":3,"tsne_x":-11.8810634613,"tsne_y":3.3269720078,"participation_rate":0.170212766},{"voter":"commercionetwork","cluster_label":7,"tsne_x":-9.9936952591,"tsne_y":0.4351860881,"participation_rate":0.085106383},{"voter":"SHUTTING DOWN AUDITone","cluster_label":3,"tsne_x":-4.2517566681,"tsne_y":-7.2638812065,"participation_rate":0.6170212766},{"voter":"S16 Research Ventures","cluster_label":3,"tsne_x":-2.4797432423,"tsne_y":-6.7134737968,"participation_rate":0.3617021277},{"voter":"dForce","cluster_label":7,"tsne_x":-10.0793447495,"tsne_y":0.2177834362,"participation_rate":0.085106383},{"voter":"ShapeShift DAO","cluster_label":3,"tsne_x":-3.2281534672,"tsne_y":15.2209501266,"participation_rate":0.4680851064},{"voter":"Tedcryptoio   TedLotto","cluster_label":1,"tsne_x":10.8061151505,"tsne_y":0.185211584,"participation_rate":0.7659574468},{"voter":"Interbloc","cluster_label":1,"tsne_x":6.8349409103,"tsne_y":-7.8363428116,"participation_rate":0.4042553191},{"voter":"StakeRelax ","cluster_label":7,"tsne_x":3.3064386845,"tsne_y":0.070965223,"participation_rate":0.7021276596},{"voter":"TR3B ASTRA","cluster_label":2,"tsne_x":-5.9354324341,"tsne_y":9.7694978714,"participation_rate":0.2553191489},{"voter":"Blockpower","cluster_label":7,"tsne_x":-4.8553385735,"tsne_y":5.9303383827,"participation_rate":0.3191489362},{"voter":"IcyCRO ","cluster_label":7,"tsne_x":1.9983314276,"tsne_y":-4.5025777817,"participation_rate":0.6382978723},{"voter":"Beehive","cluster_label":3,"tsne_x":-6.1696028709,"tsne_y":-5.2699685097,"participation_rate":0.3191489362},{"voter":"Validatus","cluster_label":2,"tsne_x":-6.0472421646,"tsne_y":2.214912653,"participation_rate":0.0425531915},{"voter":"CLOSING  REDELGATE","cluster_label":1,"tsne_x":8.8291511536,"tsne_y":-1.2211328745,"participation_rate":0.0425531915},{"voter":" kingnodes ","cluster_label":1,"tsne_x":4.7944450378,"tsne_y":5.5630397797,"participation_rate":1.0},{"voter":"Please Redelegate to other validator","cluster_label":1,"tsne_x":-5.8401632309,"tsne_y":11.3424949646,"participation_rate":0.3191489362},{"voter":"Wave","cluster_label":1,"tsne_x":0.9656791687,"tsne_y":11.1574106216,"participation_rate":0.170212766},{"voter":"cyberG","cluster_label":1,"tsne_x":-10.4381380081,"tsne_y":3.9930057526,"participation_rate":0.4893617021},{"voter":"Messi","cluster_label":1,"tsne_x":7.0319581032,"tsne_y":-2.8591907024,"participation_rate":0.1914893617},{"voter":" CryptoCrew  100 MEV revenue to Juno stakers IBCgang REstake","cluster_label":1,"tsne_x":9.93242836,"tsne_y":-2.3911132812,"participation_rate":0.9361702128},{"voter":"EZ Staking","cluster_label":7,"tsne_x":0.0545532405,"tsne_y":-3.1665921211,"participation_rate":0.4893617021},{"voter":"Regenerator  Green Validator ","cluster_label":1,"tsne_x":13.2083358765,"tsne_y":-2.9394240379,"participation_rate":0.9574468085},{"voter":"Cosmic Validator  100 MEV revenue to Juno stakers  Autocompound","cluster_label":1,"tsne_x":11.757525444,"tsne_y":-5.3110356331,"participation_rate":0.9361702128},{"voter":"Witval","cluster_label":1,"tsne_x":10.3619070053,"tsne_y":-4.9014158249,"participation_rate":0.5957446809},{"voter":"Please redelegate closing down 306","cluster_label":1,"tsne_x":-11.1721591949,"tsne_y":6.232407093,"participation_rate":0.2340425532},{"voter":"STC Capital","cluster_label":1,"tsne_x":9.9205131531,"tsne_y":-1.3260362148,"participation_rate":0.4468085106},{"voter":"Agaramai","cluster_label":1,"tsne_x":-10.704826355,"tsne_y":6.3299517632,"participation_rate":0.1914893617},{"voter":"please redelegate","cluster_label":1,"tsne_x":7.8131766319,"tsne_y":-1.9744757414,"participation_rate":0.4680851064},{"voter":"DAO Maximalist","cluster_label":1,"tsne_x":-10.0712461472,"tsne_y":6.7925682068,"participation_rate":0.3829787234},{"voter":"Stakin","cluster_label":7,"tsne_x":0.920614779,"tsne_y":-2.3999936581,"participation_rate":0.6170212766},{"voter":"Disperze","cluster_label":1,"tsne_x":11.6103258133,"tsne_y":-1.0691754818,"participation_rate":0.914893617},{"voter":"dimi ","cluster_label":1,"tsne_x":-11.3166418076,"tsne_y":7.5212988853,"participation_rate":0.2340425532},{"voter":"notional","cluster_label":1,"tsne_x":10.6558227539,"tsne_y":1.0637702942,"participation_rate":0.5744680851},{"voter":"QuantumNodeio  Token and NFT airdrops to all delegators","cluster_label":1,"tsne_x":9.3233337402,"tsne_y":-0.9571886659,"participation_rate":0.085106383},{"voter":"windpowerstake","cluster_label":7,"tsne_x":2.0131425858,"tsne_y":-3.8323252201,"participation_rate":0.9574468085},{"voter":"Sarvodaya Validators","cluster_label":1,"tsne_x":7.1931238174,"tsne_y":0.9734788537,"participation_rate":0.0425531915},{"voter":"Shutting Down Redelegate","cluster_label":1,"tsne_x":5.2238659859,"tsne_y":5.7842898369,"participation_rate":0.1063829787},{"voter":"Please Redelegate","cluster_label":1,"tsne_x":4.6461262703,"tsne_y":-3.472676754,"participation_rate":0.0},{"voter":"WeStaking","cluster_label":3,"tsne_x":3.2511072159,"tsne_y":-4.0184440613,"participation_rate":0.3404255319},{"voter":"DOMANODES","cluster_label":1,"tsne_x":9.4444541931,"tsne_y":-0.5081794262,"participation_rate":0.085106383},{"voter":"BlackNodes","cluster_label":1,"tsne_x":8.7721729279,"tsne_y":-0.8948948383,"participation_rate":0.0212765957},{"voter":"SmartNodes  Slash Protected","cluster_label":1,"tsne_x":9.0095968246,"tsne_y":0.3098523319,"participation_rate":0.1914893617},{"voter":"Decommissioned Please redelegate Forbole","cluster_label":1,"tsne_x":11.1214065552,"tsne_y":-0.537230432,"participation_rate":0.170212766},{"voter":"Yurbason","cluster_label":1,"tsne_x":14.8105449677,"tsne_y":-0.452786833,"participation_rate":0.8723404255},{"voter":"SG1 does blowjobs for spare change","cluster_label":1,"tsne_x":10.8637428284,"tsne_y":-0.5916531682,"participation_rate":0.2553191489},{"voter":"Neta DAO","cluster_label":1,"tsne_x":12.4673309326,"tsne_y":0.0065554036,"participation_rate":0.8085106383},{"voter":"ShuttingDown","cluster_label":1,"tsne_x":9.1489772797,"tsne_y":0.3143441677,"participation_rate":0.2765957447},{"voter":"Chandra Station","cluster_label":1,"tsne_x":14.0222873688,"tsne_y":-0.4122683108,"participation_rate":0.085106383},{"voter":"UniverseDAO","cluster_label":1,"tsne_x":9.6249275208,"tsne_y":-0.3895545006,"participation_rate":0.085106383},{"voter":"Invicta Stake","cluster_label":1,"tsne_x":7.2858753204,"tsne_y":-0.6059306264,"participation_rate":0.4893617021},{"voter":"AnalyticDynamix","cluster_label":1,"tsne_x":8.679022789,"tsne_y":-1.6353913546,"participation_rate":0.085106383},{"voter":"syncnode","cluster_label":1,"tsne_x":10.5742387772,"tsne_y":3.9234814644,"participation_rate":0.0},{"voter":"offline","cluster_label":1,"tsne_x":11.0096616745,"tsne_y":4.3502621651,"participation_rate":0.0},{"voter":" RHINO  10 to Wildlife","cluster_label":1,"tsne_x":5.2750964165,"tsne_y":5.7715630531,"participation_rate":0.7446808511},{"voter":"Hindsight","cluster_label":1,"tsne_x":10.1055011749,"tsne_y":5.9399604797,"participation_rate":0.0212765957},{"voter":"carbonZERO  30 TO DAO","cluster_label":1,"tsne_x":10.0591545105,"tsne_y":5.9816970825,"participation_rate":0.0212765957},{"voter":"redelegateplease","cluster_label":1,"tsne_x":11.6982870102,"tsne_y":4.2995901108,"participation_rate":0.3404255319},{"voter":"ZenLounge","cluster_label":1,"tsne_x":9.9645729065,"tsne_y":6.1854119301,"participation_rate":0.0638297872},{"voter":"milkstake","cluster_label":1,"tsne_x":-12.1855344772,"tsne_y":6.1652383804,"participation_rate":0.1063829787},{"voter":"GOAT V ","cluster_label":1,"tsne_x":11.061712265,"tsne_y":6.1309227943,"participation_rate":0.4893617021},{"voter":"Enigma","cluster_label":7,"tsne_x":2.7469568253,"tsne_y":0.9331219196,"participation_rate":0.5106382979},{"voter":"Plurigrid","cluster_label":2,"tsne_x":-5.4474248886,"tsne_y":3.8542191982,"participation_rate":0.0212765957},{"voter":"3stakescom","cluster_label":1,"tsne_x":-8.1547679901,"tsne_y":8.5172739029,"participation_rate":0.170212766},{"voter":"Cosmos Spaces   ","cluster_label":1,"tsne_x":2.0126972198,"tsne_y":11.207985878,"participation_rate":0.4042553191},{"voter":"Interop shutting down Feb 28th 2024","cluster_label":1,"tsne_x":11.6555099487,"tsne_y":5.9189238548,"participation_rate":0.4042553191},{"voter":"Stake Frites  ","cluster_label":0,"tsne_x":-2.2333300114,"tsne_y":10.5206851959,"participation_rate":0.5319148936},{"voter":"Domerium Labs","cluster_label":1,"tsne_x":9.0739812851,"tsne_y":1.8595728874,"participation_rate":0.5957446809},{"voter":"Decloud Nodes Lab","cluster_label":4,"tsne_x":-4.0698108673,"tsne_y":5.3204135895,"participation_rate":0.1276595745},{"voter":"nysanetwork","cluster_label":7,"tsne_x":0.6011234522,"tsne_y":-3.1545934677,"participation_rate":0.4255319149},{"voter":" Stakepile  Autorestake enable","cluster_label":1,"tsne_x":-11.8139209747,"tsne_y":7.6940722466,"participation_rate":0.2127659574},{"voter":"ChainTools","cluster_label":1,"tsne_x":7.3670721054,"tsne_y":1.4986207485,"participation_rate":0.829787234},{"voter":"ALTER  pathrock","cluster_label":1,"tsne_x":-9.5283842087,"tsne_y":5.4425859451,"participation_rate":0.4255319149},{"voter":"Shutting down redelegate","cluster_label":7,"tsne_x":-5.4718136787,"tsne_y":7.6655669212,"participation_rate":0.1063829787},{"voter":" Stake or Die ","cluster_label":0,"tsne_x":-3.8311879635,"tsne_y":3.4423379898,"participation_rate":0.0},{"voter":"Klub Staking  SHUTTING DOWN  Redelegate to Meria","cluster_label":1,"tsne_x":-8.0768909454,"tsne_y":11.2903270721,"participation_rate":0.2765957447},{"voter":"Cogwheel ","cluster_label":2,"tsne_x":-4.9765286446,"tsne_y":4.2820391655,"participation_rate":0.0212765957},{"voter":"HashKey Cloud","cluster_label":7,"tsne_x":3.8125686646,"tsne_y":-0.0549121872,"participation_rate":0.4893617021},{"voter":" ","cluster_label":1,"tsne_x":-5.3859519958,"tsne_y":12.6570100784,"participation_rate":0.4680851064},{"voter":"elsehow","cluster_label":1,"tsne_x":-9.1563978195,"tsne_y":8.9386167526,"participation_rate":0.2765957447},{"voter":"OranG3cluB","cluster_label":1,"tsne_x":5.9668073654,"tsne_y":6.6959562302,"participation_rate":0.8510638298},{"voter":"NITAWA","cluster_label":0,"tsne_x":0.929427743,"tsne_y":8.6982975006,"participation_rate":0.0212765957},{"voter":"web34ever","cluster_label":1,"tsne_x":-3.2046618462,"tsne_y":11.4093084335,"participation_rate":0.7659574468},{"voter":"     polkachucom","cluster_label":1,"tsne_x":13.1510505676,"tsne_y":-2.8799536228,"participation_rate":0.9574468085},{"voter":"Stakers","cluster_label":5,"tsne_x":2.6905136108,"tsne_y":3.317759037,"participation_rate":0.914893617},{"voter":"DEUS LABS","cluster_label":1,"tsne_x":-11.2174348831,"tsne_y":5.3854212761,"participation_rate":0.170212766},{"voter":"stakesystems","cluster_label":1,"tsne_x":13.1865415573,"tsne_y":-4.229927063,"participation_rate":0.7446808511},{"voter":"  Mercury","cluster_label":1,"tsne_x":-10.4441795349,"tsne_y":4.5807023048,"participation_rate":0.1489361702},{"voter":"chainvibes","cluster_label":1,"tsne_x":13.3871870041,"tsne_y":0.1419053376,"participation_rate":0.6808510638},{"voter":"Consensus One","cluster_label":1,"tsne_x":-8.5503931046,"tsne_y":3.8906085491,"participation_rate":0.0638297872},{"voter":"testovich","cluster_label":1,"tsne_x":0.8624797463,"tsne_y":12.2716598511,"participation_rate":0.1276595745},{"voter":"STAKECRAFT","cluster_label":1,"tsne_x":3.7004675865,"tsne_y":5.8366684914,"participation_rate":0.8936170213},{"voter":"Earth shutting down 519 pls redelegate ","cluster_label":1,"tsne_x":1.4653105736,"tsne_y":11.6321849823,"participation_rate":0.0212765957},{"voter":"StakeTartare","cluster_label":1,"tsne_x":1.5152597427,"tsne_y":11.6944932938,"participation_rate":0.0212765957},{"voter":"Stakewollecom  Autocompound","cluster_label":6,"tsne_x":14.4460144043,"tsne_y":3.7094922066,"participation_rate":0.7872340426},{"voter":" uGaenn ","cluster_label":6,"tsne_x":-5.9773378372,"tsne_y":7.8822021484,"participation_rate":0.3829787234},{"voter":"  Crypteloid","cluster_label":1,"tsne_x":-11.2534141541,"tsne_y":4.5543026924,"participation_rate":0.1914893617},{"voter":"Centurion","cluster_label":1,"tsne_x":-9.3872489929,"tsne_y":4.9214754105,"participation_rate":0.0638297872},{"voter":" INFINITY ","cluster_label":2,"tsne_x":-5.6687164307,"tsne_y":4.7287397385,"participation_rate":0.0212765957},{"voter":"DONOTDELEGATE","cluster_label":5,"tsne_x":2.5872013569,"tsne_y":3.3762731552,"participation_rate":0.4680851064},{"voter":"PUPMS","cluster_label":7,"tsne_x":1.1551301479,"tsne_y":-3.3762717247,"participation_rate":0.914893617},{"voter":"LOA Labs","cluster_label":1,"tsne_x":-4.7969088554,"tsne_y":11.1652765274,"participation_rate":0.4468085106},{"voter":"Shutting down please redelegate","cluster_label":7,"tsne_x":1.9159032106,"tsne_y":-3.9432823658,"participation_rate":0.6170212766},{"voter":"NacionCrypto  Parceros","cluster_label":5,"tsne_x":0.1715448648,"tsne_y":5.9173183441,"participation_rate":0.5531914894},{"voter":"Undelegate  The Crypto Gateway","cluster_label":1,"tsne_x":-7.8441619873,"tsne_y":4.699657917,"participation_rate":0.0425531915},{"voter":"Validatorrun  100 Slash Protected","cluster_label":1,"tsne_x":-7.1682357788,"tsne_y":10.4368915558,"participation_rate":0.2127659574},{"voter":"SunFaceorg","cluster_label":1,"tsne_x":-8.4001951218,"tsne_y":4.4202818871,"participation_rate":0.0212765957},{"voter":"securityDAO","cluster_label":2,"tsne_x":-6.4619383812,"tsne_y":4.7446331978,"participation_rate":0.0212765957},{"voter":"studentmtk","cluster_label":1,"tsne_x":-6.8478555679,"tsne_y":10.6313867569,"participation_rate":0.2340425532},{"voter":"tor","cluster_label":1,"tsne_x":-6.8515415192,"tsne_y":10.6306562424,"participation_rate":0.2340425532},{"voter":" 79anvi ","cluster_label":5,"tsne_x":-2.7420284748,"tsne_y":7.0436840057,"participation_rate":0.0212765957},{"voter":"STAVR REStake ON","cluster_label":5,"tsne_x":-2.2709479332,"tsne_y":7.3465204239,"participation_rate":0.3404255319},{"voter":"Wetez","cluster_label":5,"tsne_x":-6.2640447617,"tsne_y":6.0807614326,"participation_rate":0.2765957447},{"voter":"Validatriumcom","cluster_label":2,"tsne_x":-0.7492151856,"tsne_y":5.26126194,"participation_rate":0.2978723404},{"voter":"This node will go down please redelegate asap","cluster_label":1,"tsne_x":-7.5948057175,"tsne_y":10.791841507,"participation_rate":0.2765957447},{"voter":"coinhallorg  DataCharts for Juno","cluster_label":1,"tsne_x":12.1558446884,"tsne_y":2.2084915638,"participation_rate":0.6808510638},{"voter":"BH  closing","cluster_label":2,"tsne_x":-5.003223896,"tsne_y":4.698073864,"participation_rate":0.0212765957},{"voter":"SHUTTING DOWN PLEASE REDELEGATE","cluster_label":1,"tsne_x":-3.5940761566,"tsne_y":10.8982639313,"participation_rate":0.3404255319},{"voter":"Aqua Wellspring ","cluster_label":1,"tsne_x":-7.9197402,"tsne_y":8.3186912537,"participation_rate":0.0425531915},{"voter":"Architect Nodes","cluster_label":7,"tsne_x":2.6986386776,"tsne_y":-2.9509027004,"participation_rate":0.6382978723},{"voter":"SpaceStake","cluster_label":2,"tsne_x":-4.3276925087,"tsne_y":1.6038877964,"participation_rate":0.2127659574},{"voter":"BitValidator","cluster_label":7,"tsne_x":-2.1132559776,"tsne_y":1.9150795937,"participation_rate":0.2127659574},{"voter":"Tradooors Closing 331 Redelegate","cluster_label":1,"tsne_x":-5.2570872307,"tsne_y":5.7219715118,"participation_rate":0.085106383},{"voter":"Inactive","cluster_label":1,"tsne_x":-4.5412421227,"tsne_y":8.0116863251,"participation_rate":0.1276595745},{"voter":"Basement Nodes ","cluster_label":5,"tsne_x":-1.5821994543,"tsne_y":5.1921486855,"participation_rate":0.5531914894},{"voter":"MEMEFoundation","cluster_label":5,"tsne_x":-0.8192536831,"tsne_y":4.2648296356,"participation_rate":0.2978723404},{"voter":"HEXXAGON","cluster_label":2,"tsne_x":-4.7566103935,"tsne_y":2.6849429607,"participation_rate":0.0425531915},{"voter":"Huginn","cluster_label":7,"tsne_x":-0.3053019643,"tsne_y":1.9199169874,"participation_rate":0.0425531915},{"voter":"LuckyFridayio","cluster_label":1,"tsne_x":-4.6791448593,"tsne_y":7.6375026703,"participation_rate":0.0425531915},{"voter":"Earn Network","cluster_label":2,"tsne_x":-4.5056557655,"tsne_y":2.0238368511,"participation_rate":0.0212765957},{"voter":"Validavia","cluster_label":1,"tsne_x":-4.1112976074,"tsne_y":4.3075647354,"participation_rate":0.1063829787},{"voter":"nRidecom Validator","cluster_label":5,"tsne_x":-2.5751318932,"tsne_y":4.3141922951,"participation_rate":0.2127659574},{"voter":"Antrix Validators","cluster_label":5,"tsne_x":-3.3583443165,"tsne_y":4.6662144661,"participation_rate":0.2978723404},{"voter":"SoloNationio","cluster_label":2,"tsne_x":-5.0258564949,"tsne_y":4.7647266388,"participation_rate":0.0212765957},{"voter":"Stakefy","cluster_label":2,"tsne_x":-5.3373918533,"tsne_y":3.6357316971,"participation_rate":0.0212765957}]