[{"voter":"Inactive   Mercury","cluster_label":7,"tsne_x":1.1399021149,"tsne_y":0.1911152899,"participation_rate":0.1730769231},{"voter":"Chainflow","cluster_label":3,"tsne_x":-6.3494467735,"tsne_y":6.4587578773,"participation_rate":0.5},{"voter":"REDELEGATE  CLOSING 010723","cluster_label":7,"tsne_x":4.5737113953,"tsne_y":-1.2091087103,"participation_rate":0.1778846154},{"voter":"Imperatorco","cluster_label":3,"tsne_x":-9.8652696609,"tsne_y":14.6009168625,"participation_rate":0.9615384615},{"voter":" AutoStake  Slash Protected","cluster_label":3,"tsne_x":-7.4751839638,"tsne_y":14.0087566376,"participation_rate":0.9759615385},{"voter":"Cosmic Validator","cluster_label":0,"tsne_x":-4.2345094681,"tsne_y":-19.6998710632,"participation_rate":0.0288461538},{"voter":"Staking Fund","cluster_label":7,"tsne_x":-5.8175787926,"tsne_y":-3.9966948032,"participation_rate":0.1538461538},{"voter":"Provalidator","cluster_label":3,"tsne_x":-11.7957868576,"tsne_y":9.4825544357,"participation_rate":0.8365384615},{"voter":"Simply Staking","cluster_label":3,"tsne_x":-12.9930477142,"tsne_y":4.9583539963,"participation_rate":0.7259615385},{"voter":"StakeLabzone","cluster_label":3,"tsne_x":-4.0459799767,"tsne_y":0.4358219504,"participation_rate":0.6298076923},{"voter":"Coverlet","cluster_label":2,"tsne_x":2.3620128632,"tsne_y":-15.6351137161,"participation_rate":0.375},{"voter":"Sentinel dVPN","cluster_label":7,"tsne_x":0.8225110769,"tsne_y":0.7703697681,"participation_rate":0.1105769231},{"voter":"REDELEGATE","cluster_label":3,"tsne_x":-11.6176195145,"tsne_y":3.6090755463,"participation_rate":0.3028846154},{"voter":"BouBouNode","cluster_label":2,"tsne_x":11.5777702332,"tsne_y":-3.548625946,"participation_rate":0.0576923077},{"voter":"Mandragora","cluster_label":7,"tsne_x":-0.3686500788,"tsne_y":2.1545679569,"participation_rate":0.3461538462},{"voter":"SpacePotato","cluster_label":3,"tsne_x":-11.0241556168,"tsne_y":2.9226939678,"participation_rate":0.6105769231},{"voter":"Crosnest","cluster_label":3,"tsne_x":-10.0849466324,"tsne_y":13.3910102844,"participation_rate":0.8028846154},{"voter":"Vitwit Previously Witval","cluster_label":3,"tsne_x":-5.7067465782,"tsne_y":7.5577840805,"participation_rate":0.6201923077},{"voter":"SG1","cluster_label":3,"tsne_x":-15.5713348389,"tsne_y":4.4731116295,"participation_rate":0.3125},{"voter":"Noderunners","cluster_label":3,"tsne_x":5.6844992638,"tsne_y":10.0311698914,"participation_rate":0.0384615385},{"voter":"KalpaTech","cluster_label":3,"tsne_x":-13.5824995041,"tsne_y":8.1298398972,"participation_rate":0.625},{"voter":"Chorus One","cluster_label":3,"tsne_x":-5.4806375504,"tsne_y":13.2576723099,"participation_rate":0.7980769231},{"voter":"Forbole","cluster_label":3,"tsne_x":-4.4846038818,"tsne_y":5.3927950859,"participation_rate":0.5384615385},{"voter":"in3scom","cluster_label":3,"tsne_x":-6.7093143463,"tsne_y":4.3776450157,"participation_rate":0.6586538462},{"voter":"vidoinfo","cluster_label":7,"tsne_x":-6.1419277191,"tsne_y":-6.5168972015,"participation_rate":0.3894230769},{"voter":"Swiss Staking","cluster_label":3,"tsne_x":-12.434343338,"tsne_y":7.9173865318,"participation_rate":0.7788461538},{"voter":"01node","cluster_label":3,"tsne_x":-15.2448444366,"tsne_y":10.0171909332,"participation_rate":0.6730769231},{"voter":"stakesystems  autocompound","cluster_label":3,"tsne_x":-12.3470945358,"tsne_y":13.6318874359,"participation_rate":0.6538461538},{"voter":"Inotel","cluster_label":1,"tsne_x":9.4870929718,"tsne_y":-1.744939208,"participation_rate":0.1682692308},{"voter":"Bi23 Labs","cluster_label":3,"tsne_x":3.7396850586,"tsne_y":14.2575016022,"participation_rate":0.5048076923},{"voter":"kytzu","cluster_label":7,"tsne_x":6.2793345451,"tsne_y":-5.2246890068,"participation_rate":0.3461538462},{"voter":"ovrclk","cluster_label":2,"tsne_x":15.0734577179,"tsne_y":-17.0221710205,"participation_rate":0.0096153846},{"voter":"Secure Secrets","cluster_label":6,"tsne_x":6.678896904,"tsne_y":-11.1702547073,"participation_rate":0.3413461538},{"voter":"POSTHUMAN  StakeDrop","cluster_label":3,"tsne_x":-5.3036317825,"tsne_y":10.7906322479,"participation_rate":0.9038461538},{"voter":"Ping","cluster_label":3,"tsne_x":-0.8923693895,"tsne_y":15.6921539307,"participation_rate":0.5144230769},{"voter":"Notional","cluster_label":3,"tsne_x":7.291182518,"tsne_y":9.8340148926,"participation_rate":0.7932692308},{"voter":"jabbey","cluster_label":3,"tsne_x":-9.3919487,"tsne_y":6.9147062302,"participation_rate":0.6346153846},{"voter":"0basevc","cluster_label":3,"tsne_x":-13.1186084747,"tsne_y":9.6196756363,"participation_rate":0.9951923077},{"voter":"deprecated","cluster_label":2,"tsne_x":12.5819530487,"tsne_y":-5.5181927681,"participation_rate":0.0721153846},{"voter":"Sr20de","cluster_label":3,"tsne_x":1.7870255709,"tsne_y":10.1416759491,"participation_rate":0.0384615385},{"voter":"Smart Stake ","cluster_label":3,"tsne_x":-9.908821106,"tsne_y":14.8194007874,"participation_rate":0.8990384615},{"voter":"KAMALMAQUINA","cluster_label":3,"tsne_x":1.5977083445,"tsne_y":11.0695962906,"participation_rate":0.0192307692},{"voter":" block pane ","cluster_label":3,"tsne_x":-12.3982076645,"tsne_y":3.0420525074,"participation_rate":0.6057692308},{"voter":"Redline Validation","cluster_label":3,"tsne_x":-10.8748846054,"tsne_y":3.8259711266,"participation_rate":0.0048076923},{"voter":"DSFDF","cluster_label":3,"tsne_x":1.9053254128,"tsne_y":11.2321271896,"participation_rate":0.0192307692},{"voter":"WhisperNode ","cluster_label":3,"tsne_x":-8.0026693344,"tsne_y":12.6421337128,"participation_rate":0.8701923077},{"voter":"High Stakes ","cluster_label":3,"tsne_x":0.5475167036,"tsne_y":11.6872119904,"participation_rate":0.0240384615},{"voter":"openbitlab","cluster_label":3,"tsne_x":1.3194255829,"tsne_y":13.3678884506,"participation_rate":0.0144230769},{"voter":" Consensus One","cluster_label":3,"tsne_x":1.8008186817,"tsne_y":11.8489723206,"participation_rate":0.0480769231},{"voter":"Four Moons","cluster_label":3,"tsne_x":2.6378657818,"tsne_y":11.7879800797,"participation_rate":0.0432692308},{"voter":"Terra Nodes","cluster_label":3,"tsne_x":1.8843380213,"tsne_y":11.4535942078,"participation_rate":0.0240384615},{"voter":"fscosmosis1","cluster_label":3,"tsne_x":1.601249218,"tsne_y":11.1061029434,"participation_rate":0.0096153846},{"voter":"StakeTown","cluster_label":3,"tsne_x":-9.7091302872,"tsne_y":4.5283002853,"participation_rate":0.0384615385},{"voter":"MultiChain Ventures","cluster_label":3,"tsne_x":0.63713485,"tsne_y":10.5182380676,"participation_rate":0.0673076923},{"voter":"MediBloc","cluster_label":3,"tsne_x":-1.1712491512,"tsne_y":11.0578842163,"participation_rate":0.0048076923},{"voter":"DPOSelec","cluster_label":3,"tsne_x":1.3263732195,"tsne_y":11.4570131302,"participation_rate":0.0240384615},{"voter":"Node Guardians","cluster_label":3,"tsne_x":-11.1057920456,"tsne_y":9.8977928162,"participation_rate":0.4951923077},{"voter":"Hathor Node","cluster_label":3,"tsne_x":-0.8594710231,"tsne_y":11.7858257294,"participation_rate":0.7403846154},{"voter":"Nodeist","cluster_label":3,"tsne_x":-6.1029543877,"tsne_y":7.8687548637,"participation_rate":0.0336538462},{"voter":"Chandra Station ","cluster_label":3,"tsne_x":2.4036226273,"tsne_y":13.3970975876,"participation_rate":0.3509615385},{"voter":"Inter Blockchain Services former 3Tekos","cluster_label":3,"tsne_x":2.9744799137,"tsne_y":11.0406150818,"participation_rate":0.0625},{"voter":"Nodejumper ","cluster_label":3,"tsne_x":0.5200874209,"tsne_y":11.4833421707,"participation_rate":0.0432692308},{"voter":"stakefish","cluster_label":3,"tsne_x":-10.5705213547,"tsne_y":4.2417707443,"participation_rate":0.2644230769},{"voter":"Ethereal Ventures","cluster_label":3,"tsne_x":-0.5470042229,"tsne_y":9.820350647,"participation_rate":0.1538461538},{"voter":"DEFUNCT","cluster_label":3,"tsne_x":2.1638484001,"tsne_y":14.8903894424,"participation_rate":0.3317307692},{"voter":"Alex Bambarello Validator","cluster_label":3,"tsne_x":4.1192288399,"tsne_y":11.5298643112,"participation_rate":0.0},{"voter":"Booga Beras","cluster_label":3,"tsne_x":4.5168457031,"tsne_y":9.1088981628,"participation_rate":0.0625},{"voter":"NodeStake","cluster_label":3,"tsne_x":6.0845093727,"tsne_y":10.1333036423,"participation_rate":0.0048076923},{"voter":"Chill Validation","cluster_label":3,"tsne_x":-9.658416748,"tsne_y":6.9434862137,"participation_rate":0.3173076923},{"voter":"d3akashcloud","cluster_label":3,"tsne_x":4.427646637,"tsne_y":7.6808781624,"participation_rate":0.0528846154},{"voter":"Figment","cluster_label":3,"tsne_x":4.6137628555,"tsne_y":7.3175520897,"participation_rate":0.2115384615},{"voter":"DO NOT DELEGATE HERE","cluster_label":3,"tsne_x":3.2737054825,"tsne_y":6.0363864899,"participation_rate":0.4615384615},{"voter":"a41","cluster_label":3,"tsne_x":-12.4173460007,"tsne_y":5.6074929237,"participation_rate":0.5673076923},{"voter":"Stakyio","cluster_label":3,"tsne_x":2.2425348759,"tsne_y":5.3760099411,"participation_rate":0.0048076923},{"voter":"CrowdControl","cluster_label":3,"tsne_x":-6.0325584412,"tsne_y":15.968952179,"participation_rate":0.6730769231},{"voter":"Merkan","cluster_label":3,"tsne_x":2.0032455921,"tsne_y":5.5871162415,"participation_rate":0.2307692308},{"voter":"alphabai","cluster_label":3,"tsne_x":0.9991471767,"tsne_y":4.5674166679,"participation_rate":0.0432692308},{"voter":"Oldcat","cluster_label":3,"tsne_x":-9.7441062927,"tsne_y":3.7542684078,"participation_rate":0.4711538462},{"voter":"Manythings","cluster_label":3,"tsne_x":1.8425303698,"tsne_y":4.7218284607,"participation_rate":0.0192307692},{"voter":"Tessellated","cluster_label":3,"tsne_x":-12.74214077,"tsne_y":7.9841346741,"participation_rate":0.5865384615},{"voter":"Gelotto  Slash Protected","cluster_label":3,"tsne_x":0.4657277763,"tsne_y":4.3783140182,"participation_rate":0.2211538462},{"voter":"Golden Ratio Staking","cluster_label":3,"tsne_x":-9.0530080795,"tsne_y":11.426864624,"participation_rate":0.6778846154},{"voter":"Stakewollecom 100 Insurance","cluster_label":3,"tsne_x":-6.1380963326,"tsne_y":8.5171871185,"participation_rate":0.7548076923},{"voter":"Ubik Capital","cluster_label":6,"tsne_x":-3.2969863415,"tsne_y":-0.6428586245,"participation_rate":0.0096153846},{"voter":"PLEASE REDELEGATE","cluster_label":7,"tsne_x":1.0853670835,"tsne_y":1.5280590057,"participation_rate":0.0625},{"voter":"Chihuahua","cluster_label":3,"tsne_x":4.4797387123,"tsne_y":12.6188335419,"participation_rate":0.8461538462},{"voter":"PLEASE REDELEGATE  Flipside","cluster_label":7,"tsne_x":0.6189829111,"tsne_y":-0.7843360305,"participation_rate":0.1778846154},{"voter":"CryptoCrew Validators ","cluster_label":3,"tsne_x":5.9524116516,"tsne_y":11.5730419159,"participation_rate":0.8076923077},{"voter":"50 Validator","cluster_label":7,"tsne_x":1.6346356869,"tsne_y":-0.1070075631,"participation_rate":0.0048076923},{"voter":"COSMSTAKE","cluster_label":7,"tsne_x":1.3071472645,"tsne_y":-1.3186810017,"participation_rate":0.4326923077},{"voter":"Obi","cluster_label":3,"tsne_x":-0.1060588956,"tsne_y":12.6142921448,"participation_rate":0.4951923077},{"voter":"Kahuna","cluster_label":7,"tsne_x":4.101911068,"tsne_y":0.6219702363,"participation_rate":0.0480769231},{"voter":"16psyche","cluster_label":7,"tsne_x":2.9697654247,"tsne_y":-0.0698164105,"participation_rate":0.0528846154},{"voter":" BK Stakehouse ","cluster_label":7,"tsne_x":2.378544569,"tsne_y":-0.6199057698,"participation_rate":0.0144230769},{"voter":"Hugo","cluster_label":7,"tsne_x":2.8445823193,"tsne_y":-0.641290009,"participation_rate":0.0144230769},{"voter":"Gidorah","cluster_label":7,"tsne_x":2.7613403797,"tsne_y":-1.0585312843,"participation_rate":0.0096153846},{"voter":"CommunityStaking","cluster_label":3,"tsne_x":-9.5027551651,"tsne_y":2.0520374775,"participation_rate":0.5817307692},{"voter":"NFTSwitchxyz  Delegate for SOUL Claim Drop","cluster_label":6,"tsne_x":3.228266716,"tsne_y":-1.7841616869,"participation_rate":0.0336538462},{"voter":"TheCybernetics","cluster_label":1,"tsne_x":7.2080602646,"tsne_y":-0.50565207,"participation_rate":0.2692307692},{"voter":"Analytic Dynamix","cluster_label":7,"tsne_x":0.2215580195,"tsne_y":2.0427150726,"participation_rate":0.2740384615},{"voter":"Dystopia Labs Validator ","cluster_label":7,"tsne_x":3.8103919029,"tsne_y":-1.2946631908,"participation_rate":0.0480769231},{"voter":"Nocturnal Labs","cluster_label":7,"tsne_x":-7.8350114822,"tsne_y":-14.5843153,"participation_rate":0.3846153846},{"voter":"Crypto Assassin","cluster_label":3,"tsne_x":-0.9464354515,"tsne_y":9.4973335266,"participation_rate":0.6490384615},{"voter":"decentralizehk  DHK dao","cluster_label":3,"tsne_x":-14.2403354645,"tsne_y":6.2119598389,"participation_rate":0.6538461538},{"voter":"Jerrys Pool","cluster_label":7,"tsne_x":2.4725785255,"tsne_y":0.7164709568,"participation_rate":0.1346153846},{"voter":"Stakelyio","cluster_label":3,"tsne_x":-7.6271915436,"tsne_y":12.2872667313,"participation_rate":0.8557692308},{"voter":"Kalia Network","cluster_label":1,"tsne_x":-12.2218236923,"tsne_y":-4.5820946693,"participation_rate":0.4759615385},{"voter":"interchainFM","cluster_label":7,"tsne_x":4.8781580925,"tsne_y":-3.2007553577,"participation_rate":0.0817307692},{"voter":"LikeCoin by Liker Land","cluster_label":3,"tsne_x":6.8422369957,"tsne_y":5.1466612816,"participation_rate":0.3317307692},{"voter":" Stakepile","cluster_label":5,"tsne_x":9.319890976,"tsne_y":-18.3802890778,"participation_rate":0.0528846154},{"voter":"CLOSED","cluster_label":5,"tsne_x":9.3168430328,"tsne_y":-18.3860034943,"participation_rate":0.0144230769},{"voter":"ECO Stake ","cluster_label":3,"tsne_x":-8.6659250259,"tsne_y":9.9846849442,"participation_rate":0.8173076923},{"voter":"NGValidator","cluster_label":2,"tsne_x":4.8104290962,"tsne_y":-7.5979466438,"participation_rate":0.0144230769},{"voter":" The Chicken Coop  Homestead","cluster_label":2,"tsne_x":5.403172493,"tsne_y":-7.4209241867,"participation_rate":0.0},{"voter":"NosNode","cluster_label":3,"tsne_x":-12.0941982269,"tsne_y":5.7445821762,"participation_rate":0.7596153846},{"voter":"Citadelone","cluster_label":3,"tsne_x":-8.2009735107,"tsne_y":14.1252813339,"participation_rate":0.7980769231},{"voter":"Informal Systems","cluster_label":3,"tsne_x":-8.3329257965,"tsne_y":9.8709516525,"participation_rate":0.5961538462},{"voter":" LavenderFive Nodes ","cluster_label":3,"tsne_x":-9.0996103287,"tsne_y":8.399851799,"participation_rate":0.7403846154},{"voter":"SolidStake","cluster_label":1,"tsne_x":8.4172935486,"tsne_y":-1.3802207708,"participation_rate":0.0432692308},{"voter":"KingSuper","cluster_label":1,"tsne_x":-13.1776037216,"tsne_y":1.8049404621,"participation_rate":0.5721153846},{"voter":"Frens ","cluster_label":3,"tsne_x":-9.8121089935,"tsne_y":12.4192323685,"participation_rate":0.7884615385},{"voter":"Zenscape","cluster_label":1,"tsne_x":-12.4576826096,"tsne_y":-2.5993163586,"participation_rate":0.4951923077},{"voter":"Cosmostation","cluster_label":3,"tsne_x":-9.5646924973,"tsne_y":13.9431095123,"participation_rate":0.9038461538},{"voter":"Kleomedes","cluster_label":1,"tsne_x":9.9366760254,"tsne_y":-0.1820648164,"participation_rate":0.0432692308},{"voter":"Bored Ape Server","cluster_label":1,"tsne_x":8.4664583206,"tsne_y":-1.488371253,"participation_rate":0.0240384615},{"voter":"Levana  Powered by Cros Nest","cluster_label":1,"tsne_x":8.3988409042,"tsne_y":-1.4108878374,"participation_rate":0.0240384615},{"voter":"BlueStake   100 insurance","cluster_label":1,"tsne_x":9.4234027863,"tsne_y":-0.4282713234,"participation_rate":0.0336538462},{"voter":"Oni ","cluster_label":1,"tsne_x":-12.4533281326,"tsne_y":-3.4974558353,"participation_rate":0.5288461538},{"voter":"DOUBLETOP","cluster_label":1,"tsne_x":7.5592079163,"tsne_y":-2.0401308537,"participation_rate":0.0576923077},{"voter":"artifact","cluster_label":1,"tsne_x":8.4834871292,"tsne_y":-0.6890192628,"participation_rate":0.0384615385},{"voter":"White Whale","cluster_label":6,"tsne_x":3.0147359371,"tsne_y":-8.9516897202,"participation_rate":0.1057692308},{"voter":"White Marlin Staking","cluster_label":1,"tsne_x":-13.1270027161,"tsne_y":-3.6678266525,"participation_rate":0.4759615385},{"voter":"Silk Nodes","cluster_label":3,"tsne_x":-7.8277931213,"tsne_y":2.4062480927,"participation_rate":0.5432692308},{"voter":"OmniFlix Network","cluster_label":3,"tsne_x":-11.9794588089,"tsne_y":0.3452790976,"participation_rate":0.6538461538},{"voter":"BlockHunters ","cluster_label":7,"tsne_x":-6.6667385101,"tsne_y":-9.6710634232,"participation_rate":0.0528846154},{"voter":"GATA HUB","cluster_label":3,"tsne_x":-8.4068336487,"tsne_y":1.8234972954,"participation_rate":0.4615384615},{"voter":"CosmosPug ","cluster_label":1,"tsne_x":8.615486145,"tsne_y":-2.577316761,"participation_rate":0.0048076923},{"voter":"Delicious","cluster_label":7,"tsne_x":6.3552927971,"tsne_y":-6.0029864311,"participation_rate":0.0096153846},{"voter":"BasBlock","cluster_label":2,"tsne_x":-1.9636623859,"tsne_y":-4.9355635643,"participation_rate":0.0384615385},{"voter":"hydrogen18","cluster_label":7,"tsne_x":1.8768290281,"tsne_y":-2.82091856,"participation_rate":0.1682692308},{"voter":"Kintsugi Nodes","cluster_label":3,"tsne_x":-9.9928312302,"tsne_y":6.9297671318,"participation_rate":0.7163461538},{"voter":"NodesGuru","cluster_label":1,"tsne_x":-0.5075854063,"tsne_y":-9.6074752808,"participation_rate":0.1634615385},{"voter":"Coinage x DAIC","cluster_label":3,"tsne_x":-7.1871199608,"tsne_y":12.0109176636,"participation_rate":0.6730769231},{"voter":"Dora Factory","cluster_label":6,"tsne_x":3.7021846771,"tsne_y":-10.7071323395,"participation_rate":0.0192307692},{"voter":"blockscape","cluster_label":3,"tsne_x":-10.7815418243,"tsne_y":7.760160923,"participation_rate":0.8028846154},{"voter":"Keplr","cluster_label":0,"tsne_x":-0.8563071489,"tsne_y":-12.0211191177,"participation_rate":0.0192307692},{"voter":"Stakecito","cluster_label":3,"tsne_x":-9.371131897,"tsne_y":12.454123497,"participation_rate":0.8894230769},{"voter":"polkachucom","cluster_label":3,"tsne_x":6.8783845901,"tsne_y":10.3279161453,"participation_rate":0.8846153846},{"voter":"Meria","cluster_label":7,"tsne_x":-7.5483989716,"tsne_y":-14.0976915359,"participation_rate":0.3317307692},{"voter":"PRO Delegators","cluster_label":7,"tsne_x":-7.757183075,"tsne_y":-14.4639921188,"participation_rate":0.3413461538},{"voter":"Interstellar Lounge ","cluster_label":6,"tsne_x":0.3091921806,"tsne_y":-14.7426261902,"participation_rate":0.2019230769},{"voter":"DELIGHT","cluster_label":7,"tsne_x":-2.2625279427,"tsne_y":-11.4026269913,"participation_rate":0.1153846154},{"voter":"DSRV","cluster_label":3,"tsne_x":-7.4244642258,"tsne_y":6.9907445908,"participation_rate":0.4951923077},{"voter":"Blockdaemon","cluster_label":3,"tsne_x":-6.7865953445,"tsne_y":2.5388777256,"participation_rate":0.4086538462},{"voter":"MMS","cluster_label":0,"tsne_x":13.4804620743,"tsne_y":-8.9940509796,"participation_rate":0.0240384615},{"voter":"BronBro","cluster_label":3,"tsne_x":-6.6359367371,"tsne_y":7.519364357,"participation_rate":0.8365384615},{"voter":"Cat Boss","cluster_label":7,"tsne_x":9.8207435608,"tsne_y":2.1298873425,"participation_rate":0.1490384615},{"voter":"Cypher Core","cluster_label":3,"tsne_x":-14.2093343735,"tsne_y":6.2909584045,"participation_rate":0.8076923077},{"voter":"SOLAR Labs","cluster_label":0,"tsne_x":-4.2419524193,"tsne_y":-19.7166576385,"participation_rate":0.0336538462},{"voter":"wosmongton","cluster_label":2,"tsne_x":-1.5233328342,"tsne_y":-6.4211153984,"participation_rate":0.0673076923},{"voter":"node101","cluster_label":4,"tsne_x":-3.0813105106,"tsne_y":-10.5354700089,"participation_rate":0.0096153846},{"voter":"test","cluster_label":7,"tsne_x":-6.0269408226,"tsne_y":-9.1453533173,"participation_rate":0.0},{"voter":"Stakeflow","cluster_label":7,"tsne_x":-5.3536548615,"tsne_y":-9.7245101929,"participation_rate":0.0048076923},{"voter":"ChainLayer","cluster_label":3,"tsne_x":-4.7540917397,"tsne_y":3.3350610733,"participation_rate":0.6634615385},{"voter":"Active Nodes","cluster_label":3,"tsne_x":-2.6472725868,"tsne_y":12.5459213257,"participation_rate":0.8653846154},{"voter":"strangelove","cluster_label":1,"tsne_x":4.0677647591,"tsne_y":-11.7545423508,"participation_rate":0.2740384615},{"voter":"ushakov","cluster_label":5,"tsne_x":12.5897045135,"tsne_y":-11.581454277,"participation_rate":0.3173076923},{"voter":"c29r3","cluster_label":4,"tsne_x":13.1911039352,"tsne_y":0.4564994872,"participation_rate":0.0336538462},{"voter":"Komikuri","cluster_label":3,"tsne_x":-0.0875672325,"tsne_y":14.0259847641,"participation_rate":0.9086538462},{"voter":"Allnodes","cluster_label":3,"tsne_x":-9.0964536667,"tsne_y":10.0232105255,"participation_rate":0.4182692308},{"voter":"BadgerBite","cluster_label":0,"tsne_x":-4.2278151512,"tsne_y":-19.6813335419,"participation_rate":0.0144230769},{"voter":"Klub Staking","cluster_label":3,"tsne_x":-3.5126643181,"tsne_y":9.2078447342,"participation_rate":0.5528846154},{"voter":"PoS Node","cluster_label":1,"tsne_x":1.0962332487,"tsne_y":-16.4136104584,"participation_rate":0.2451923077},{"voter":"FreshSTAKING","cluster_label":3,"tsne_x":-11.9276990891,"tsne_y":4.401348114,"participation_rate":0.8846153846},{"voter":"SmartNodes","cluster_label":7,"tsne_x":-3.0407471657,"tsne_y":-5.6719813347,"participation_rate":0.1730769231},{"voter":"Tuzem","cluster_label":1,"tsne_x":4.2368788719,"tsne_y":-10.9753866196,"participation_rate":0.0240384615},{"voter":"Staketab","cluster_label":2,"tsne_x":-0.5982936025,"tsne_y":-5.0662727356,"participation_rate":0.0913461538},{"voter":"CryptoDungeon","cluster_label":1,"tsne_x":0.3240876794,"tsne_y":-9.4022846222,"participation_rate":0.0865384615},{"voter":"Quebec","cluster_label":1,"tsne_x":1.1408009529,"tsne_y":-15.4327421188,"participation_rate":0.2115384615},{"voter":"MrK","cluster_label":3,"tsne_x":2.8606934547,"tsne_y":3.9824283123,"participation_rate":0.3269230769},{"voter":"commercionetwork","cluster_label":7,"tsne_x":-5.1789917946,"tsne_y":-4.0796523094,"participation_rate":0.1346153846},{"voter":"SHUTTING DOWN AUDITone","cluster_label":3,"tsne_x":-13.5479326248,"tsne_y":11.5837917328,"participation_rate":0.75},{"voter":"S16 Research Ventures","cluster_label":3,"tsne_x":-7.1397762299,"tsne_y":2.7335586548,"participation_rate":0.6730769231},{"voter":"dForce","cluster_label":7,"tsne_x":-5.1681008339,"tsne_y":-3.9991879463,"participation_rate":0.2548076923},{"voter":"Redelegate","cluster_label":5,"tsne_x":13.5365924835,"tsne_y":-6.9879693985,"participation_rate":0.0528846154},{"voter":"ShapeShift DAO","cluster_label":3,"tsne_x":-6.7950267792,"tsne_y":0.4105094671,"participation_rate":0.4903846154},{"voter":"Leonoors Cryptoman","cluster_label":3,"tsne_x":3.1435582638,"tsne_y":12.6331615448,"participation_rate":0.9278846154},{"voter":"VALIDATRIUM","cluster_label":2,"tsne_x":8.2800426483,"tsne_y":-4.8770055771,"participation_rate":0.0961538462},{"voter":"ztakeorg","cluster_label":2,"tsne_x":6.5850849152,"tsne_y":-10.6455249786,"participation_rate":0.2259615385},{"voter":"iqlusion","cluster_label":7,"tsne_x":-5.9335660934,"tsne_y":-8.0521059036,"participation_rate":0.0528846154},{"voter":"Tedcryptoio   TedLotto","cluster_label":1,"tsne_x":-0.5718733668,"tsne_y":-14.0256881714,"participation_rate":0.1923076923},{"voter":"validatornetwork","cluster_label":7,"tsne_x":1.5088205338,"tsne_y":-6.2778987885,"participation_rate":0.0673076923},{"voter":"Trust Nodes","cluster_label":6,"tsne_x":-4.5167293549,"tsne_y":-12.9167814255,"participation_rate":0.1346153846},{"voter":"Interbloc","cluster_label":1,"tsne_x":-12.2247829437,"tsne_y":-3.5388996601,"participation_rate":0.5144230769},{"voter":"Valnodes  Carbon Neutral Staking","cluster_label":2,"tsne_x":-1.922005415,"tsne_y":-5.0871024132,"participation_rate":0.0576923077},{"voter":"kooltek68","cluster_label":2,"tsne_x":8.4292993546,"tsne_y":-12.6096029282,"participation_rate":0.3461538462},{"voter":"fissionlabs","cluster_label":7,"tsne_x":9.8567419052,"tsne_y":1.8834314346,"participation_rate":0.0240384615},{"voter":"Everstake","cluster_label":6,"tsne_x":-4.5675024986,"tsne_y":-12.8206605911,"participation_rate":0.1634615385},{"voter":"Coinbase","cluster_label":3,"tsne_x":1.5090209246,"tsne_y":6.5779819489,"participation_rate":0.3269230769},{"voter":"CroutonDigital","cluster_label":7,"tsne_x":-0.5846902728,"tsne_y":-12.2532625198,"participation_rate":0.0528846154},{"voter":"StakeRelax ","cluster_label":7,"tsne_x":0.0604525432,"tsne_y":-9.2747030258,"participation_rate":0.0096153846},{"voter":"TR3B ASTRA","cluster_label":2,"tsne_x":10.8210515976,"tsne_y":-9.9964056015,"participation_rate":0.2932692308},{"voter":"Stargazezone ","cluster_label":2,"tsne_x":5.3118577003,"tsne_y":-5.5246391296,"participation_rate":0.0144230769},{"voter":"Uncle Ed","cluster_label":3,"tsne_x":2.1739809513,"tsne_y":9.472284317,"participation_rate":0.8413461538},{"voter":" Vortexlive ","cluster_label":7,"tsne_x":-7.0027480125,"tsne_y":-8.0960378647,"participation_rate":0.2932692308},{"voter":"Blockpower","cluster_label":7,"tsne_x":2.4086444378,"tsne_y":-7.1127748489,"participation_rate":0.1682692308},{"voter":"Larry Engineer","cluster_label":3,"tsne_x":3.6577780247,"tsne_y":9.4396181107,"participation_rate":0.6153846154},{"voter":"AIR DROP STATION","cluster_label":7,"tsne_x":3.2339634895,"tsne_y":-6.7077960968,"participation_rate":0.0144230769},{"voter":"IcyCRO ","cluster_label":7,"tsne_x":-5.617814064,"tsne_y":-8.4852619171,"participation_rate":0.0913461538},{"voter":"Inactive Validator","cluster_label":2,"tsne_x":2.4992871284,"tsne_y":-4.9706783295,"participation_rate":0.1057692308},{"voter":"Sunshine Validation solarpower","cluster_label":2,"tsne_x":2.7925655842,"tsne_y":-6.5549616814,"participation_rate":0.0432692308},{"voter":"Multiplex","cluster_label":7,"tsne_x":9.3895273209,"tsne_y":-10.8760290146,"participation_rate":0.25},{"voter":"PRYZM  StakeDrop","cluster_label":7,"tsne_x":8.5734262466,"tsne_y":-10.3631744385,"participation_rate":0.2019230769},{"voter":"mp20","cluster_label":2,"tsne_x":-1.5264072418,"tsne_y":-7.0282607079,"participation_rate":0.1105769231},{"voter":"AlphaNodes","cluster_label":2,"tsne_x":3.222653389,"tsne_y":-14.7461957932,"participation_rate":0.2211538462},{"voter":"Validators United","cluster_label":2,"tsne_x":13.1623039246,"tsne_y":-9.1862468719,"participation_rate":0.0096153846},{"voter":"AstraVoyage","cluster_label":2,"tsne_x":4.1218829155,"tsne_y":-5.7004103661,"participation_rate":0.1298076923},{"voter":"REDELEGATE  Inactive","cluster_label":2,"tsne_x":7.1371641159,"tsne_y":-7.9305763245,"participation_rate":0.0144230769},{"voter":"Please redelegate  Decommissioning","cluster_label":2,"tsne_x":9.0906505585,"tsne_y":-7.4280247688,"participation_rate":0.4278846154},{"voter":"Beehive","cluster_label":3,"tsne_x":-2.4947917461,"tsne_y":6.8785324097,"participation_rate":0.6105769231},{"voter":"Validatus","cluster_label":2,"tsne_x":0.8018543124,"tsne_y":-13.0992183685,"participation_rate":0.1826923077},{"voter":"coaction","cluster_label":5,"tsne_x":13.899813652,"tsne_y":-3.7879867554,"participation_rate":0.0384615385},{"voter":"samurai","cluster_label":2,"tsne_x":-1.2437894344,"tsne_y":-5.2459011078,"participation_rate":0.0625},{"voter":"SASSouth Atlantic Staking","cluster_label":2,"tsne_x":4.8850317001,"tsne_y":-6.215528965,"participation_rate":0.0096153846},{"voter":"Cosmos Spaces ","cluster_label":2,"tsne_x":7.963259697,"tsne_y":-6.9855298996,"participation_rate":0.2692307692},{"voter":"SCVSecurity","cluster_label":6,"tsne_x":3.583660841,"tsne_y":-8.7300643921,"participation_rate":0.0096153846},{"voter":"Thanosone  I am inevitable","cluster_label":2,"tsne_x":9.6632881165,"tsne_y":-5.5060839653,"participation_rate":0.0432692308},{"voter":"AnotherSoftware  ASVT Airdrops to delegators","cluster_label":2,"tsne_x":6.2928371429,"tsne_y":-7.6034564972,"participation_rate":0.0144230769},{"voter":"Blockwavelabs","cluster_label":2,"tsne_x":7.6684188843,"tsne_y":-8.0722646713,"participation_rate":0.0288461538},{"voter":"coinhallorg","cluster_label":6,"tsne_x":7.5030150414,"tsne_y":-13.1954088211,"participation_rate":0.4326923077},{"voter":"StakeThat  autorestake","cluster_label":2,"tsne_x":7.9486322403,"tsne_y":-7.5511898994,"participation_rate":0.0384615385},{"voter":"PLEASE REDELEGATE SUNSETTING","cluster_label":2,"tsne_x":10.678155899,"tsne_y":-7.0949039459,"participation_rate":0.0288461538},{"voter":"Extra Rewards  NodeOf Cosmonauts  OSMOSIS","cluster_label":2,"tsne_x":6.8375253677,"tsne_y":-7.2697515488,"participation_rate":0.0048076923},{"voter":"TienThuatToan","cluster_label":2,"tsne_x":8.9972448349,"tsne_y":-5.7909593582,"participation_rate":0.0192307692},{"voter":"DeFi100iCosmosDAO ","cluster_label":2,"tsne_x":7.63123703,"tsne_y":-6.2983565331,"participation_rate":0.0144230769},{"voter":"Zenith  REDELEGATE to Interbloc","cluster_label":2,"tsne_x":10.360045433,"tsne_y":-9.3683710098,"participation_rate":0.1634615385},{"voter":"Not enough token to be active please redelegate","cluster_label":2,"tsne_x":9.4061317444,"tsne_y":-8.3942480087,"participation_rate":0.0528846154},{"voter":"Androma DAO","cluster_label":2,"tsne_x":9.9749965668,"tsne_y":-8.7725906372,"participation_rate":0.0769230769},{"voter":"Astroquirks","cluster_label":2,"tsne_x":9.1969823837,"tsne_y":-10.4520235062,"participation_rate":0.1586538462},{"voter":"abcdosmo","cluster_label":2,"tsne_x":6.7341880798,"tsne_y":-7.3664517403,"participation_rate":0.0048076923},{"voter":"defiantlabs","cluster_label":2,"tsne_x":6.9535632133,"tsne_y":-14.4137306213,"participation_rate":0.3990384615},{"voter":"Interop","cluster_label":2,"tsne_x":6.7047338486,"tsne_y":-14.7229442596,"participation_rate":0.3461538462},{"voter":"Electric","cluster_label":2,"tsne_x":10.0106401443,"tsne_y":-14.0128259659,"participation_rate":0.0721153846},{"voter":"edenTest","cluster_label":7,"tsne_x":7.5371813774,"tsne_y":-5.44947052,"participation_rate":0.0192307692},{"voter":"NodesByGirls ","cluster_label":2,"tsne_x":9.1668748856,"tsne_y":-13.992310524,"participation_rate":0.0913461538},{"voter":"SpectrumX","cluster_label":2,"tsne_x":3.3975875378,"tsne_y":-13.2760753632,"participation_rate":0.1153846154},{"voter":"Mendel","cluster_label":2,"tsne_x":1.6651978493,"tsne_y":-14.9585094452,"participation_rate":0.1298076923},{"voter":"reynisfjara","cluster_label":2,"tsne_x":5.7903342247,"tsne_y":-9.4408473969,"participation_rate":0.0288461538},{"voter":"Margined Protocol","cluster_label":2,"tsne_x":2.8873567581,"tsne_y":-13.4521913528,"participation_rate":0.0961538462},{"voter":"NotionalVentures","cluster_label":2,"tsne_x":2.2113316059,"tsne_y":-14.354426384,"participation_rate":0.0865384615},{"voter":"HFA X Defi Dojo","cluster_label":2,"tsne_x":1.4823137522,"tsne_y":-13.9961767197,"participation_rate":0.0865384615},{"voter":"Mad Scientists","cluster_label":2,"tsne_x":6.3934617043,"tsne_y":-8.3898162842,"participation_rate":0.0288461538},{"voter":"BeehiveOfficial","cluster_label":2,"tsne_x":0.708281517,"tsne_y":-13.0905160904,"participation_rate":0.0384615385}]