[{"voter":"Imperatorco","cluster_label":3,"tsne_x":14.192896843,"tsne_y":10.3877344131,"participation_rate":1.0},{"voter":"BHarvest","cluster_label":3,"tsne_x":7.8654398918,"tsne_y":17.0536842346,"participation_rate":0.0},{"voter":"Provalidator","cluster_label":3,"tsne_x":12.1424102783,"tsne_y":6.9146513939,"participation_rate":0.8666666667},{"voter":"Crosnest","cluster_label":3,"tsne_x":15.2402009964,"tsne_y":11.7039680481,"participation_rate":0.6666666667},{"voter":"Chorus One","cluster_label":3,"tsne_x":9.1087245941,"tsne_y":16.4036197662,"participation_rate":1.0},{"voter":"Swiss Staking","cluster_label":3,"tsne_x":10.4845600128,"tsne_y":7.1857709885,"participation_rate":0.0666666667},{"voter":"01node","cluster_label":3,"tsne_x":10.7573537827,"tsne_y":9.5960760117,"participation_rate":0.0666666667},{"voter":"0basevc","cluster_label":3,"tsne_x":13.0512714386,"tsne_y":8.0299425125,"participation_rate":0.9333333333},{"voter":"NodeStake","cluster_label":3,"tsne_x":3.4215891361,"tsne_y":3.5129153728,"participation_rate":0.0666666667},{"voter":"Figment","cluster_label":3,"tsne_x":-5.7822999954,"tsne_y":-6.0580306053,"participation_rate":0.2666666667},{"voter":"Kahuna","cluster_label":7,"tsne_x":9.0069351196,"tsne_y":-11.2282524109,"participation_rate":0.4},{"voter":"Nocturnal Labs","cluster_label":7,"tsne_x":8.6679840088,"tsne_y":0.2607898116,"participation_rate":0.7333333333},{"voter":"Kalia Network","cluster_label":1,"tsne_x":3.440456152,"tsne_y":1.4045125246,"participation_rate":0.8666666667},{"voter":"ECO Stake ","cluster_label":3,"tsne_x":6.1772408485,"tsne_y":10.5956363678,"participation_rate":1.0},{"voter":"Citadelone","cluster_label":3,"tsne_x":18.7251167297,"tsne_y":3.6850862503,"participation_rate":0.7333333333},{"voter":"Informal Systems","cluster_label":3,"tsne_x":6.6040172577,"tsne_y":10.2358455658,"participation_rate":0.8666666667},{"voter":" LavenderFive Nodes ","cluster_label":3,"tsne_x":4.4847345352,"tsne_y":10.2490034103,"participation_rate":0.8},{"voter":"KingSuper","cluster_label":1,"tsne_x":-14.266503334,"tsne_y":-9.0569658279,"participation_rate":0.2},{"voter":"Frens ","cluster_label":3,"tsne_x":9.2257947922,"tsne_y":11.9648132324,"participation_rate":1.0},{"voter":"Cosmostation","cluster_label":3,"tsne_x":15.3547744751,"tsne_y":9.7949790955,"participation_rate":0.9333333333},{"voter":"NodesGuru","cluster_label":1,"tsne_x":-2.3477489948,"tsne_y":1.7581532001,"participation_rate":0.9333333333},{"voter":"Coinage x DAIC","cluster_label":3,"tsne_x":3.0915017128,"tsne_y":12.1800804138,"participation_rate":1.0},{"voter":"Dora Factory","cluster_label":6,"tsne_x":-14.4280757904,"tsne_y":3.0829896927,"participation_rate":0.4666666667},{"voter":"blockscape","cluster_label":3,"tsne_x":9.7666339874,"tsne_y":7.8330936432,"participation_rate":0.0666666667},{"voter":"Keplr","cluster_label":0,"tsne_x":5.7549242973,"tsne_y":-4.8633370399,"participation_rate":0.8},{"voter":"Stakecito","cluster_label":3,"tsne_x":7.9147520065,"tsne_y":11.5300483704,"participation_rate":1.0},{"voter":"polkachucom","cluster_label":3,"tsne_x":1.5280917883,"tsne_y":3.4308986664,"participation_rate":1.0},{"voter":"Meria","cluster_label":7,"tsne_x":-10.8146352768,"tsne_y":-11.1544570923,"participation_rate":1.0},{"voter":"PRO Delegators","cluster_label":7,"tsne_x":8.6718978882,"tsne_y":0.9906107783,"participation_rate":1.0},{"voter":"Interstellar Lounge ","cluster_label":6,"tsne_x":-5.9916524887,"tsne_y":-11.8190431595,"participation_rate":1.0},{"voter":"DELIGHT","cluster_label":7,"tsne_x":-4.1033773422,"tsne_y":0.4139713049,"participation_rate":0.4},{"voter":"Blockdaemon","cluster_label":3,"tsne_x":8.7558631897,"tsne_y":2.9646070004,"participation_rate":0.2666666667},{"voter":"DACM","cluster_label":4,"tsne_x":-1.3820104599,"tsne_y":-12.2801742554,"participation_rate":0.6},{"voter":"strangelove","cluster_label":1,"tsne_x":-3.7046635151,"tsne_y":-8.7143344879,"participation_rate":0.7333333333},{"voter":"Allnodes","cluster_label":3,"tsne_x":5.5697984695,"tsne_y":12.737742424,"participation_rate":0.9333333333},{"voter":"Everstake","cluster_label":6,"tsne_x":-9.538110733,"tsne_y":8.8336677551,"participation_rate":0.2666666667},{"voter":"Enigma","cluster_label":7,"tsne_x":-1.5634094477,"tsne_y":5.2188673019,"participation_rate":0.8},{"voter":"HashKey Cloud","cluster_label":7,"tsne_x":14.4158697128,"tsne_y":-1.6824676991,"participation_rate":0.5333333333},{"voter":" ","cluster_label":1,"tsne_x":2.4053268433,"tsne_y":-11.4175462723,"participation_rate":0.0},{"voter":"Validatriumcom","cluster_label":2,"tsne_x":-5.0521297455,"tsne_y":-17.1497344971,"participation_rate":0.1333333333},{"voter":"DO NOT DELEGATE","cluster_label":2,"tsne_x":-11.8520374298,"tsne_y":-6.3874607086,"participation_rate":0.0666666667},{"voter":"Bit Cat","cluster_label":1,"tsne_x":4.956120491,"tsne_y":-11.7685508728,"participation_rate":0.0},{"voter":"P2PORG  P2P Validator","cluster_label":7,"tsne_x":0.2685837746,"tsne_y":-1.0253916979,"participation_rate":1.0},{"voter":"coinhallorg ","cluster_label":6,"tsne_x":-7.6111254692,"tsne_y":8.3534002304,"participation_rate":0.9333333333},{"voter":"Kiln","cluster_label":6,"tsne_x":-8.4623479843,"tsne_y":10.0589447021,"participation_rate":1.0},{"voter":"Luganodes","cluster_label":7,"tsne_x":-4.3797740936,"tsne_y":-2.6367855072,"participation_rate":0.5333333333},{"voter":"InfStones","cluster_label":6,"tsne_x":-14.1821804047,"tsne_y":-2.5654587746,"participation_rate":0.2666666667},{"voter":"CEXIO Validator","cluster_label":7,"tsne_x":-0.1055283695,"tsne_y":-2.2464549541,"participation_rate":0.6666666667},{"voter":"Ex Machina","cluster_label":4,"tsne_x":0.8555297256,"tsne_y":-5.6566300392,"participation_rate":0.6},{"voter":"purple fog","cluster_label":0,"tsne_x":-6.4489622116,"tsne_y":1.3852878809,"participation_rate":0.3333333333},{"voter":"Validation Cloud","cluster_label":2,"tsne_x":-3.1069357395,"tsne_y":4.4746785164,"participation_rate":1.0},{"voter":"Tan","cluster_label":4,"tsne_x":2.3549013138,"tsne_y":-7.5861897469,"participation_rate":0.1333333333},{"voter":"StakeCraft","cluster_label":5,"tsne_x":-10.3032836914,"tsne_y":0.7293974757,"participation_rate":0.1333333333},{"voter":"Decommissioned  Delegate Away","cluster_label":2,"tsne_x":-8.7932348251,"tsne_y":-0.464296639,"participation_rate":0.0666666667},{"voter":"CryptoCrew X Defi Dojo","cluster_label":4,"tsne_x":6.1976809502,"tsne_y":-7.9968323708,"participation_rate":1.0},{"voter":"Orbital Command","cluster_label":6,"tsne_x":-7.4866571426,"tsne_y":-13.7546205521,"participation_rate":0.0666666667},{"voter":"    Kingnodes ","cluster_label":4,"tsne_x":2.7433576584,"tsne_y":-4.4518642426,"participation_rate":0.9333333333},{"voter":" Silk Nodes","cluster_label":4,"tsne_x":2.9249181747,"tsne_y":-5.9137415886,"participation_rate":0.8666666667},{"voter":"  RHINO","cluster_label":4,"tsne_x":2.9217758179,"tsne_y":-8.7027082443,"participation_rate":0.6},{"voter":"LTP","cluster_label":2,"tsne_x":-8.154958725,"tsne_y":-1.288720727,"participation_rate":0.1333333333},{"voter":"Pareto","cluster_label":4,"tsne_x":1.2004644871,"tsne_y":-8.3171758652,"participation_rate":0.2666666667},{"voter":"Sunsetting please redelegate Forbole","cluster_label":4,"tsne_x":0.3732615113,"tsne_y":-9.6669645309,"participation_rate":0.0666666667},{"voter":"Crypto Learning Club  dYdX Validator","cluster_label":4,"tsne_x":4.0678958893,"tsne_y":-8.5921611786,"participation_rate":0.9333333333},{"voter":"Cosmic Nexus","cluster_label":4,"tsne_x":-0.6683068275,"tsne_y":-8.0446500778,"participation_rate":0.4666666667},{"voter":"DragonStake ","cluster_label":4,"tsne_x":-9.7187671661,"tsne_y":-4.3558115959,"participation_rate":0.6},{"voter":"StableLab","cluster_label":0,"tsne_x":-7.1128139496,"tsne_y":0.0963035673,"participation_rate":0.2666666667},{"voter":"Staker Space","cluster_label":6,"tsne_x":-6.937953949,"tsne_y":-13.1327171326,"participation_rate":0.0666666667},{"voter":"Ledger by Meria","cluster_label":4,"tsne_x":7.3183045387,"tsne_y":-7.9751462936,"participation_rate":0.9333333333},{"voter":"santorini","cluster_label":4,"tsne_x":-0.3501632214,"tsne_y":-4.4509115219,"participation_rate":0.6},{"voter":"Skycatcher","cluster_label":4,"tsne_x":-6.87677145,"tsne_y":-3.0098576546,"participation_rate":0.3333333333},{"voter":"XMG Capital","cluster_label":4,"tsne_x":-10.8133802414,"tsne_y":-3.2390639782,"participation_rate":0.3333333333},{"voter":"Nodeplus","cluster_label":4,"tsne_x":-1.3970925808,"tsne_y":-6.5451846123,"participation_rate":0.8},{"voter":"AUDITone","cluster_label":6,"tsne_x":-13.657661438,"tsne_y":1.8566485643,"participation_rate":0.0},{"voter":"Polychain","cluster_label":4,"tsne_x":-2.7958884239,"tsne_y":-7.1558685303,"participation_rate":0.2666666667},{"voter":"OWALLET","cluster_label":2,"tsne_x":-8.6413097382,"tsne_y":-2.9955058098,"participation_rate":0.2}]