[{"voter":"Imperatorco","cluster_label":3,"tsne_x":5.5567808151,"tsne_y":-5.9496669769,"participation_rate":0.9411764706},{"voter":"SpacePotato","cluster_label":3,"tsne_x":6.5954289436,"tsne_y":-1.8817554712,"participation_rate":0.4705882353},{"voter":"01node","cluster_label":3,"tsne_x":4.2054038048,"tsne_y":-2.9405145645,"participation_rate":0.3529411765},{"voter":"Bi23 Labs","cluster_label":3,"tsne_x":6.0210986137,"tsne_y":-2.9196438789,"participation_rate":0.0588235294},{"voter":"kytzu","cluster_label":7,"tsne_x":12.2282848358,"tsne_y":9.4984951019,"participation_rate":0.1764705882},{"voter":"Ping","cluster_label":3,"tsne_x":6.8084011078,"tsne_y":-3.9380860329,"participation_rate":0.4117647059},{"voter":"openbitlab","cluster_label":3,"tsne_x":6.0642671585,"tsne_y":-2.9270629883,"participation_rate":0.0},{"voter":"stakefish","cluster_label":3,"tsne_x":6.4870505333,"tsne_y":-2.2661314011,"participation_rate":0.0588235294},{"voter":"Citadelone","cluster_label":3,"tsne_x":6.7153859138,"tsne_y":-6.118244648,"participation_rate":0.5882352941},{"voter":"KingSuper","cluster_label":1,"tsne_x":2.4429862499,"tsne_y":9.8842391968,"participation_rate":0.0},{"voter":"Cosmostation","cluster_label":3,"tsne_x":6.6055655479,"tsne_y":-6.5774555206,"participation_rate":0.9411764706},{"voter":"BlockHunters ","cluster_label":7,"tsne_x":-0.2392767668,"tsne_y":2.6733374596,"participation_rate":0.2941176471},{"voter":"Meria","cluster_label":7,"tsne_x":1.3064675331,"tsne_y":-5.0011367798,"participation_rate":0.7058823529},{"voter":"Cypher Core","cluster_label":3,"tsne_x":5.2581882477,"tsne_y":-2.8131713867,"participation_rate":0.4117647059},{"voter":"node101","cluster_label":4,"tsne_x":0.8681079149,"tsne_y":-5.4896993637,"participation_rate":0.6470588235},{"voter":"test","cluster_label":7,"tsne_x":-1.0155036449,"tsne_y":2.6041719913,"participation_rate":0.1176470588},{"voter":"Stakeflow","cluster_label":7,"tsne_x":-2.8622248173,"tsne_y":3.6620078087,"participation_rate":0.2941176471},{"voter":"PoS Node","cluster_label":1,"tsne_x":-10.4009037018,"tsne_y":-3.216473341,"participation_rate":0.9411764706},{"voter":"kooltek68","cluster_label":2,"tsne_x":7.7013206482,"tsne_y":10.7736063004,"participation_rate":0.5294117647},{"voter":"EZ Staking","cluster_label":7,"tsne_x":-1.5156536102,"tsne_y":3.5474479198,"participation_rate":0.2352941176},{"voter":"Stakin","cluster_label":7,"tsne_x":0.3785328269,"tsne_y":1.4717181921,"participation_rate":0.9411764706},{"voter":"syncnode","cluster_label":1,"tsne_x":10.5280065536,"tsne_y":4.8249745369,"participation_rate":0.0588235294},{"voter":"stakesystems","cluster_label":1,"tsne_x":0.3364498913,"tsne_y":9.3371582031,"participation_rate":0.6470588235},{"voter":"Wetez","cluster_label":5,"tsne_x":9.9236621857,"tsne_y":11.6324415207,"participation_rate":0.0588235294},{"voter":"SpaceStake","cluster_label":2,"tsne_x":0.4362779856,"tsne_y":8.8674974442,"participation_rate":0.4705882353},{"voter":"DO NOT DELEGATE","cluster_label":2,"tsne_x":-3.6863555908,"tsne_y":-1.8242870569,"participation_rate":0.0588235294},{"voter":"Bit Cat","cluster_label":1,"tsne_x":5.4591732025,"tsne_y":5.0984930992,"participation_rate":0.2352941176},{"voter":"Easy 2 Stake","cluster_label":6,"tsne_x":4.1515479088,"tsne_y":6.9887804985,"participation_rate":0.3529411765},{"voter":"jetlife","cluster_label":4,"tsne_x":3.7076499462,"tsne_y":4.45378685,"participation_rate":0.0},{"voter":"w3coins","cluster_label":4,"tsne_x":1.0433639288,"tsne_y":-6.1441683769,"participation_rate":0.7058823529},{"voter":"Atomic power node","cluster_label":7,"tsne_x":1.4723749161,"tsne_y":3.6649141312,"participation_rate":0.2352941176},{"voter":"HLT","cluster_label":7,"tsne_x":2.0582721233,"tsne_y":3.7424778938,"participation_rate":0.1764705882},{"voter":"Certus One","cluster_label":7,"tsne_x":11.4324436188,"tsne_y":9.5428981781,"participation_rate":0.0588235294},{"voter":"DokiaCapital","cluster_label":4,"tsne_x":-1.1444950104,"tsne_y":-4.8617291451,"participation_rate":0.6470588235},{"voter":"Moonstake","cluster_label":4,"tsne_x":-3.6524429321,"tsne_y":-3.5648021698,"participation_rate":0.2941176471},{"voter":"Cosmos Spaces","cluster_label":7,"tsne_x":-0.8453688622,"tsne_y":3.1316006184,"participation_rate":0.0588235294},{"voter":"InfStones","cluster_label":6,"tsne_x":6.1134858131,"tsne_y":12.4281330109,"participation_rate":0.0},{"voter":"Staked","cluster_label":0,"tsne_x":6.4098825455,"tsne_y":2.2557547092,"participation_rate":0.0},{"voter":"REDELEGATEPLEASE","cluster_label":5,"tsne_x":11.3896770477,"tsne_y":7.4202899933,"participation_rate":0.2352941176},{"voter":"Stake5 Labs","cluster_label":4,"tsne_x":5.2579402924,"tsne_y":5.0785236359,"participation_rate":0.1764705882},{"voter":"NodeRunner","cluster_label":4,"tsne_x":-5.1693868637,"tsne_y":-6.85663414,"participation_rate":0.6470588235},{"voter":"wukong","cluster_label":4,"tsne_x":-5.4956035614,"tsne_y":-8.0598335266,"participation_rate":0.8823529412},{"voter":"HashFuture","cluster_label":4,"tsne_x":-11.376578331,"tsne_y":-4.0239191055,"participation_rate":0.8823529412},{"voter":"Chaintor","cluster_label":4,"tsne_x":-1.8106935024,"tsne_y":-6.3674082756,"participation_rate":0.6470588235},{"voter":"david","cluster_label":4,"tsne_x":-5.5947294235,"tsne_y":-6.7222652435,"participation_rate":0.5882352941},{"voter":"minminnet","cluster_label":4,"tsne_x":-4.6683974266,"tsne_y":-2.6320362091,"participation_rate":1.0},{"voter":"BrightRoad","cluster_label":4,"tsne_x":-4.7874970436,"tsne_y":-7.0699658394,"participation_rate":0.4705882353},{"voter":"Wendy","cluster_label":4,"tsne_x":-2.4813740253,"tsne_y":-2.7049908638,"participation_rate":0.0588235294},{"voter":"DFM","cluster_label":4,"tsne_x":-1.9535748959,"tsne_y":-4.2900242805,"participation_rate":0.5294117647},{"voter":"Stakewollecom  100 insurance","cluster_label":4,"tsne_x":-2.5705823898,"tsne_y":-0.5361160636,"participation_rate":0.9411764706},{"voter":"BlueBlock","cluster_label":4,"tsne_x":-2.5982704163,"tsne_y":-2.499830246,"participation_rate":0.2352941176},{"voter":"Sven","cluster_label":4,"tsne_x":-1.9507005215,"tsne_y":-1.6816635132,"participation_rate":0.2941176471},{"voter":"TienMaHoa","cluster_label":4,"tsne_x":-1.8770782948,"tsne_y":-6.1395740509,"participation_rate":0.4705882353},{"voter":"bajiute","cluster_label":4,"tsne_x":-2.3535523415,"tsne_y":-4.2674107552,"participation_rate":0.5294117647},{"voter":"INKER","cluster_label":4,"tsne_x":-2.7182509899,"tsne_y":-2.73686409,"participation_rate":0.0588235294},{"voter":"Tower","cluster_label":4,"tsne_x":-5.0168952942,"tsne_y":-5.4018931389,"participation_rate":0.7058823529},{"voter":"Blockval  0 fees  Restake","cluster_label":4,"tsne_x":-1.4678822756,"tsne_y":-1.3163350821,"participation_rate":0.4117647059},{"voter":"Unicorn","cluster_label":4,"tsne_x":-2.0725557804,"tsne_y":-3.2504501343,"participation_rate":0.1176470588},{"voter":"NEOPLY","cluster_label":4,"tsne_x":-3.8110492229,"tsne_y":-6.3858618736,"participation_rate":0.2941176471},{"voter":"ZRL","cluster_label":4,"tsne_x":-2.8574643135,"tsne_y":-6.4443149567,"participation_rate":0.5882352941},{"voter":"BlueNode","cluster_label":4,"tsne_x":-0.6693798304,"tsne_y":-0.7255254984,"participation_rate":0.1176470588},{"voter":"Monterey","cluster_label":4,"tsne_x":3.5686812401,"tsne_y":2.3748908043,"participation_rate":0.3529411765},{"voter":"Koinsortium","cluster_label":4,"tsne_x":3.3993740082,"tsne_y":3.8723649979,"participation_rate":0.4705882353},{"voter":"Light","cluster_label":4,"tsne_x":-4.5744452477,"tsne_y":-6.1302084923,"participation_rate":0.5882352941},{"voter":"IRISNETVALIDATOr","cluster_label":4,"tsne_x":-0.8341892958,"tsne_y":-2.6712977886,"participation_rate":0.1764705882},{"voter":"im","cluster_label":4,"tsne_x":-4.2341423035,"tsne_y":-6.3211517334,"participation_rate":0.5294117647},{"voter":"PLEASE REDELEGATE  Stakelyio","cluster_label":4,"tsne_x":7.1430706978,"tsne_y":7.0749764442,"participation_rate":0.3529411765},{"voter":"Made In Block","cluster_label":4,"tsne_x":-12.3330135345,"tsne_y":-3.7350175381,"participation_rate":0.6470588235},{"voter":"Allnodes  0 fee","cluster_label":6,"tsne_x":9.8279933929,"tsne_y":2.6502251625,"participation_rate":0.7058823529},{"voter":"Crypto Lion ","cluster_label":4,"tsne_x":-4.4723873138,"tsne_y":-0.7579070926,"participation_rate":0.8823529412},{"voter":"itokenpool","cluster_label":4,"tsne_x":3.6237256527,"tsne_y":3.7200448513,"participation_rate":0.2352941176},{"voter":"flyfly","cluster_label":4,"tsne_x":7.7394452095,"tsne_y":5.7906308174,"participation_rate":0.3529411765},{"voter":"Trivium  TriviumNetwork","cluster_label":0,"tsne_x":1.9490523338,"tsne_y":6.4144687653,"participation_rate":0.5294117647},{"voter":"Temperstake","cluster_label":4,"tsne_x":9.0000200272,"tsne_y":6.5279941559,"participation_rate":0.2352941176},{"voter":"StakeLab","cluster_label":6,"tsne_x":5.1176900864,"tsne_y":8.6385612488,"participation_rate":0.0588235294},{"voter":"InChainWorks","cluster_label":2,"tsne_x":9.6444549561,"tsne_y":9.1550302505,"participation_rate":0.0588235294},{"voter":"Anchor Staking","cluster_label":6,"tsne_x":9.703327179,"tsne_y":3.7311906815,"participation_rate":0.0588235294},{"voter":"Coinstaking","cluster_label":2,"tsne_x":8.7666072845,"tsne_y":9.0041341782,"participation_rate":0.2352941176},{"voter":"Interstake One prev BTCSecure","cluster_label":6,"tsne_x":9.7310056686,"tsne_y":3.0433821678,"participation_rate":0.7058823529},{"voter":"DCC Capital","cluster_label":2,"tsne_x":9.1797227859,"tsne_y":8.7317562103,"participation_rate":0.1176470588},{"voter":"Nodeasy","cluster_label":6,"tsne_x":9.7443590164,"tsne_y":3.69536376,"participation_rate":0.1176470588},{"voter":"DUALsystems","cluster_label":2,"tsne_x":9.9890508652,"tsne_y":8.716796875,"participation_rate":0.0588235294},{"voter":"tiantian","cluster_label":2,"tsne_x":7.9396066666,"tsne_y":9.3352546692,"participation_rate":0.2352941176},{"voter":"Decommissioned unbond or redelegate","cluster_label":2,"tsne_x":10.3766136169,"tsne_y":7.8638596535,"participation_rate":0.0588235294},{"voter":"dolphintwo","cluster_label":4,"tsne_x":-9.8737707138,"tsne_y":-8.4431390762,"participation_rate":0.5294117647},{"voter":"Crazybee","cluster_label":2,"tsne_x":9.5320005417,"tsne_y":9.274023056,"participation_rate":0.0588235294},{"voter":"BTC","cluster_label":4,"tsne_x":-12.7418546677,"tsne_y":-8.4570674896,"participation_rate":0.5882352941},{"voter":"SKY","cluster_label":4,"tsne_x":-15.6951322556,"tsne_y":-5.3265805244,"participation_rate":0.6470588235},{"voter":"MrZhang","cluster_label":2,"tsne_x":9.5940551758,"tsne_y":9.2130527496,"participation_rate":0.0588235294},{"voter":"QOSGroup","cluster_label":4,"tsne_x":6.8023486137,"tsne_y":8.1607837677,"participation_rate":0.4117647059},{"voter":"PXN","cluster_label":4,"tsne_x":-7.7244925499,"tsne_y":-8.9341669083,"participation_rate":0.6470588235},{"voter":"FreshIriser","cluster_label":4,"tsne_x":-11.2544727325,"tsne_y":-6.1696281433,"participation_rate":0.5882352941},{"voter":"SuperColle","cluster_label":4,"tsne_x":-12.9631299973,"tsne_y":-5.5358476639,"participation_rate":0.5294117647},{"voter":"umbrella","cluster_label":2,"tsne_x":10.4368085861,"tsne_y":10.4843587875,"participation_rate":0.0588235294},{"voter":"Heimdallr","cluster_label":4,"tsne_x":-10.204580307,"tsne_y":-6.4061322212,"participation_rate":0.5294117647},{"voter":"Tanya","cluster_label":4,"tsne_x":-7.9591231346,"tsne_y":-8.9257488251,"participation_rate":0.7058823529},{"voter":"IRIRNO1","cluster_label":4,"tsne_x":-12.6040287018,"tsne_y":-3.6978814602,"participation_rate":0.5882352941},{"voter":"Stakernode","cluster_label":2,"tsne_x":9.7382392883,"tsne_y":9.8276481628,"participation_rate":0.0588235294},{"voter":"Heaven","cluster_label":4,"tsne_x":-13.6288747787,"tsne_y":-4.9734377861,"participation_rate":0.6470588235},{"voter":"BigWave","cluster_label":4,"tsne_x":-11.3492307663,"tsne_y":-6.7845768929,"participation_rate":0.5882352941},{"voter":"Ant","cluster_label":4,"tsne_x":-15.5472402573,"tsne_y":-5.6234970093,"participation_rate":0.5294117647},{"voter":"BRUCE","cluster_label":4,"tsne_x":7.7213106155,"tsne_y":7.3750462532,"participation_rate":0.1764705882},{"voter":"Meganode","cluster_label":4,"tsne_x":8.3168888092,"tsne_y":6.7414627075,"participation_rate":0.1764705882},{"voter":"KonsorTech","cluster_label":4,"tsne_x":-10.053612709,"tsne_y":-7.7960934639,"participation_rate":0.5882352941},{"voter":"Anna","cluster_label":4,"tsne_x":-13.5117950439,"tsne_y":-7.0142531395,"participation_rate":0.4705882353},{"voter":"VITALITY","cluster_label":4,"tsne_x":-13.2061328888,"tsne_y":-7.4322838783,"participation_rate":0.4705882353},{"voter":"HongkongNode","cluster_label":4,"tsne_x":-11.1651639938,"tsne_y":-7.3056955338,"participation_rate":0.4705882353},{"voter":"Cestbon","cluster_label":4,"tsne_x":-12.259396553,"tsne_y":-8.2546987534,"participation_rate":0.4705882353},{"voter":"Boy","cluster_label":4,"tsne_x":7.7923736572,"tsne_y":7.439991951,"participation_rate":0.1176470588},{"voter":"Any Labs","cluster_label":4,"tsne_x":-13.4152765274,"tsne_y":-6.8892235756,"participation_rate":0.4705882353},{"voter":"Lavenderfive Staking","cluster_label":4,"tsne_x":-11.4502191544,"tsne_y":-8.2575826645,"participation_rate":0.4705882353},{"voter":"Leo","cluster_label":4,"tsne_x":-10.765868187,"tsne_y":-8.9158306122,"participation_rate":0.4705882353},{"voter":"Terrarium ","cluster_label":4,"tsne_x":1.072021246,"tsne_y":7.9942336082,"participation_rate":0.2941176471},{"voter":"KJINCio","cluster_label":2,"tsne_x":8.9002170563,"tsne_y":10.3363618851,"participation_rate":0.0588235294}]