,voter,yes,no,veto,abstain,no_vote,valid_votes,total_votes,proposal_num,overall_match,cluster_match,overall_match_rate,cluster_match_rate,participation_rate,cluster_label,Imperatorco,StakeWithUs,BHarvest,Provalidator,Crosnest,Chorus One,Swiss Staking,01node,Ping,0basevc,NodeStake,Figment,Kahuna,Nocturnal Labs,Kalia Network,ECO Stake ,Citadelone,Informal Systems, LavenderFive Nodes ,KingSuper,Frens ,Cosmostation,NodesGuru,Coinage x DAIC,Dora Factory,blockscape,Keplr,Stakecito,polkachucom,Meria,PRO Delegators,Interstellar Lounge ,DELIGHT,DSRV,Blockdaemon,DACM,strangelove,Allnodes,Everstake,Enigma,HashKey Cloud, ,Validatriumcom,DO NOT DELEGATE,Bit Cat,P2PORG  P2P Validator,TTT ,coinhallorg ,Kiln,Luganodes,InfStones,CEXIO Validator,Ex Machina,purple fog,Validation Cloud,Smart Stake   5 max,Tan,StakeCraft,Decommissioned  Delegate Away,CryptoCrew X Defi Dojo,Orbital Command,    Kingnodes ,0 Fee until 2025  Cosmic Validator, Silk Nodes,  RHINO,LTP,  AutoStake  StakeDrops,Pareto,Sunsetting please redelegate Forbole,Crypto Learning Club  dYdX Validator,Cosmic Nexus,BwareLabs,DragonStake ,StableLab,Staker Space,Ledger by Meria,santorini,Skycatcher,XMG Capital,Nodeplus,AUDITone,Polychain,OWALLET,high_similarity_voters
0,Imperatorco,9,4,0,2,0,15,15,15,14,13,0.9333333333333333,0.8666666666666667,1.0,3,1.0,0.2,0.0,0.5333333333333333,0.2,0.5333333333333333,0.0,0.06666666666666667,0.2,0.6,0.06666666666666667,0.2,0.3333333333333333,0.3333333333333333,0.3333333333333333,0.7333333333333333,0.4666666666666667,0.7333333333333333,0.6,0.13333333333333333,0.6666666666666666,0.5333333333333333,0.26666666666666666,0.4,0.4,0.0,0.4666666666666667,0.7333333333333333,0.8,0.7333333333333333,0.3333333333333333,0.7333333333333333,0.2,0.0,0.13333333333333333,0.5333333333333333,0.6,0.7333333333333333,0.06666666666666667,0.7333333333333333,0.4,0.0,0.0,0.06666666666666667,0.0,0.5333333333333333,0.13333333333333333,0.26666666666666666,0.4,0.13333333333333333,0.06666666666666667,0.3333333333333333,0.5333333333333333,0.26666666666666666,0.6666666666666666,0.2,0.13333333333333333,0.06666666666666667,0.06666666666666667,0.3333333333333333,0.0,0.7333333333333333,0.26666666666666666,0.6,0.4666666666666667,0.06666666666666667,0.6666666666666666,0.2,0.06666666666666667,0.5333333333333333,0.3333333333333333,0.06666666666666667,0.3333333333333333,0.0,0.06666666666666667,0.13333333333333333,0.4,0.2,0.2,0.7333333333333333,0.0,0.26666666666666666,0.13333333333333333,"['0basevc', 'ECO Stake ', 'Informal Systems', ' LavenderFive Nodes ', 'Frens ', 'Stakecito', 'polkachucom', 'Meria', 'Interstellar Lounge ', 'strangelove', 'Allnodes', 'Enigma', 'Validation Cloud', '    Kingnodes ', ' Silk Nodes', '  AutoStake  StakeDrops', 'Nodeplus']"
1,StakeWithUs,5,0,0,2,1,7,8,15,4,4,0.5,0.5,0.4666666666666667,3,0.2,1.0,0.06666666666666667,0.13333333333333333,0.06666666666666667,0.26666666666666666,0.0,0.0,0.13333333333333333,0.3333333333333333,0.0,0.06666666666666667,0.0,0.2,0.2,0.2,0.26666666666666666,0.2,0.26666666666666666,0.06666666666666667,0.3333333333333333,0.13333333333333333,0.2,0.2,0.0,0.0,0.13333333333333333,0.26666666666666666,0.13333333333333333,0.26666666666666666,0.06666666666666667,0.3333333333333333,0.13333333333333333,0.0,0.2,0.13333333333333333,0.13333333333333333,0.2,0.2,0.13333333333333333,0.26666666666666666,0.06666666666666667,0.13333333333333333,0.0,0.06666666666666667,0.2,0.13333333333333333,0.3333333333333333,0.26666666666666666,0.13333333333333333,0.06666666666666667,0.13333333333333333,0.06666666666666667,0.06666666666666667,0.26666666666666666,0.06666666666666667,0.06666666666666667,0.06666666666666667,0.0,0.13333333333333333,0.0,0.2,0.3333333333333333,0.13333333333333333,0.13333333333333333,0.06666666666666667,0.3333333333333333,0.2,0.13333333333333333,0.26666666666666666,0.26666666666666666,0.06666666666666667,0.06666666666666667,0.06666666666666667,0.06666666666666667,0.13333333333333333,0.13333333333333333,0.0,0.06666666666666667,0.13333333333333333,0.0,0.0,0.0,[]
2,BHarvest,0,0,0,0,15,0,15,15,0,0,0.0,0.0,0.0,3,0.0,0.06666666666666667,1.0,0.0,0.0,0.0,0.0,0.0,0.0,0.0,0.6,0.0,0.0,0.0,0.0,0.0,0.0,0.13333333333333333,0.0,0.0,0.0,0.0,0.06666666666666667,0.0,0.4666666666666667,0.0,0.0,0.0,0.0,0.0,0.0,0.0,0.0,0.26666666666666666,0.7333333333333333,0.0,0.0,0.0,0.0,0.0,0.0,1.0,0.0,0.0,0.9333333333333333,0.0,0.0,0.0,0.0,0.0,0.4666666666666667,0.0,0.0,0.0,0.0,0.0,0.8,0.0,0.0,0.0,0.0,0.0,0.0,0.13333333333333333,0.4,0.0,0.0,0.6666666666666666,0.8,0.06666666666666667,0.3333333333333333,0.0,0.0,0.0,0.6666666666666666,0.0,0.0,0.0,0.26666666666666666,0.06666666666666667,0.2,0.0,0.0,"['NodeStake', 'Blockdaemon', ' ', 'Bit Cat', 'Tan', 'Pareto', 'Sunsetting please redelegate Forbole', 'Staker Space']"
3,Provalidator,8,2,0,3,0,13,13,15,8,8,0.6153846153846154,0.6153846153846154,0.8666666666666667,3,0.5333333333333333,0.13333333333333333,0.0,1.0,0.26666666666666666,0.4666666666666667,0.0,0.0,0.13333333333333333,0.4666666666666667,0.06666666666666667,0.13333333333333333,0.13333333333333333,0.2,0.3333333333333333,0.4,0.3333333333333333,0.4,0.4666666666666667,0.13333333333333333,0.4666666666666667,0.6,0.06666666666666667,0.2,0.2,0.0,0.4,0.5333333333333333,0.5333333333333333,0.4666666666666667,0.2,0.4666666666666667,0.06666666666666667,0.0,0.2,0.2,0.5333333333333333,0.4666666666666667,0.13333333333333333,0.4,0.3333333333333333,0.0,0.0,0.0,0.0,0.5333333333333333,0.13333333333333333,0.2,0.4666666666666667,0.26666666666666666,0.13333333333333333,0.26666666666666666,0.26666666666666666,0.13333333333333333,0.6,0.06666666666666667,0.06666666666666667,0.06666666666666667,0.0,0.3333333333333333,0.0,0.4666666666666667,0.3333333333333333,0.4666666666666667,0.4,0.06666666666666667,0.3333333333333333,0.13333333333333333,0.06666666666666667,0.5333333333333333,0.3333333333333333,0.06666666666666667,0.3333333333333333,0.06666666666666667,0.06666666666666667,0.2,0.13333333333333333,0.2,0.13333333333333333,0.4666666666666667,0.0,0.13333333333333333,0.13333333333333333,"['Cosmostation', 'Validation Cloud']"
4,Crosnest,2,5,0,3,0,10,10,15,4,4,0.4,0.4,0.6666666666666666,3,0.2,0.06666666666666667,0.0,0.26666666666666666,1.0,0.2,0.0,0.06666666666666667,0.13333333333333333,0.4,0.0,0.13333333333333333,0.06666666666666667,0.26666666666666666,0.26666666666666666,0.2,0.2,0.2,0.2,0.06666666666666667,0.2,0.13333333333333333,0.06666666666666667,0.3333333333333333,0.06666666666666667,0.0,0.2,0.2,0.26666666666666666,0.13333333333333333,0.5333333333333333,0.2,0.0,0.0,0.0,0.06666666666666667,0.13333333333333333,0.06666666666666667,0.13333333333333333,0.2,0.06666666666666667,0.0,0.06666666666666667,0.06666666666666667,0.0,0.4,0.13333333333333333,0.2,0.4,0.2,0.06666666666666667,0.06666666666666667,0.13333333333333333,0.06666666666666667,0.26666666666666666,0.2,0.06666666666666667,0.0,0.06666666666666667,0.4,0.0,0.2,0.2,0.2,0.2,0.0,0.13333333333333333,0.13333333333333333,0.0,0.2,0.0,0.0,0.06666666666666667,0.2,0.0,0.2,0.13333333333333333,0.06666666666666667,0.13333333333333333,0.2,0.0,0.06666666666666667,0.06666666666666667,[]
5,Chorus One,7,3,0,5,0,15,15,15,8,9,0.5333333333333333,0.6,1.0,3,0.5333333333333333,0.26666666666666666,0.0,0.4666666666666667,0.2,1.0,0.0,0.0,0.2,0.6666666666666666,0.0,0.2,0.2,0.3333333333333333,0.6,0.4,0.5333333333333333,0.5333333333333333,0.5333333333333333,0.13333333333333333,0.7333333333333333,0.6666666666666666,0.4666666666666667,0.4,0.26666666666666666,0.06666666666666667,0.7333333333333333,0.7333333333333333,0.5333333333333333,0.5333333333333333,0.13333333333333333,0.4,0.26666666666666666,0.0,0.13333333333333333,0.2,0.4666666666666667,0.4666666666666667,0.06666666666666667,0.5333333333333333,0.5333333333333333,0.0,0.0,0.0,0.0,0.4666666666666667,0.13333333333333333,0.4666666666666667,0.6,0.13333333333333333,0.06666666666666667,0.26666666666666666,0.4,0.26666666666666666,0.7333333333333333,0.13333333333333333,0.06666666666666667,0.13333333333333333,0.0,0.26666666666666666,0.06666666666666667,0.6,0.4,0.6,0.4,0.06666666666666667,0.4,0.13333333333333333,0.06666666666666667,0.6,0.3333333333333333,0.06666666666666667,0.26666666666666666,0.0,0.06666666666666667,0.26666666666666666,0.26666666666666666,0.26666666666666666,0.26666666666666666,0.4,0.0,0.13333333333333333,0.06666666666666667,"['0basevc', 'Kalia Network', 'Frens ', 'Cosmostation', 'Keplr', 'Stakecito', 'Kiln', 'Validation Cloud', '    Kingnodes ', ' Silk Nodes', 'Crypto Learning Club  dYdX Validator']"
6,Swiss Staking,1,0,0,0,0,1,1,15,0,0,0.0,0.0,0.06666666666666667,3,0.0,0.0,0.0,0.0,0.0,0.0,1.0,0.0,0.0,0.0,0.0,0.0,0.0,0.0,0.0,0.06666666666666667,0.0,0.0,0.0,0.06666666666666667,0.0,0.0,0.0,0.0,0.0,0.0,0.0,0.0,0.0,0.06666666666666667,0.0,0.06666666666666667,0.0,0.06666666666666667,0.0,0.0,0.0,0.0,0.0,0.0,0.0,0.0,0.0,0.0,0.0,0.0,0.06666666666666667,0.06666666666666667,0.0,0.06666666666666667,0.0,0.0,0.0,0.0,0.0,0.0,0.0,0.0,0.0,0.0,0.0,0.0,0.06666666666666667,0.0,0.0,0.06666666666666667,0.06666666666666667,0.0,0.0,0.0,0.0,0.0,0.0,0.0,0.0,0.0,0.0,0.0,0.0,0.0,0.0,0.0,0.0,[]
7,01node,0,1,0,0,0,1,1,15,1,1,1.0,1.0,0.06666666666666667,3,0.06666666666666667,0.0,0.0,0.0,0.06666666666666667,0.0,0.0,1.0,0.0,0.06666666666666667,0.0,0.06666666666666667,0.0,0.0,0.0,0.0,0.0,0.0,0.06666666666666667,0.0,0.0,0.0,0.0,0.06666666666666667,0.0,0.0,0.0,0.0,0.06666666666666667,0.0,0.06666666666666667,0.0,0.0,0.0,0.0,0.0,0.0,0.0,0.0,0.06666666666666667,0.0,0.0,0.0,0.06666666666666667,0.0,0.06666666666666667,0.0,0.0,0.0,0.0,0.0,0.0,0.0,0.0,0.0,0.06666666666666667,0.06666666666666667,0.0,0.06666666666666667,0.06666666666666667,0.0,0.06666666666666667,0.0,0.06666666666666667,0.06666666666666667,0.0,0.0,0.0,0.0,0.0,0.0,0.0,0.0,0.0,0.0,0.0,0.0,0.0,0.0,0.0,0.0,0.0,0.0,[]
8,Ping,3,1,0,0,0,4,4,15,4,4,1.0,1.0,0.26666666666666666,3,0.2,0.13333333333333333,0.0,0.13333333333333333,0.13333333333333333,0.2,0.0,0.0,1.0,0.2,0.0,0.06666666666666667,0.13333333333333333,0.2,0.2,0.2,0.2,0.13333333333333333,0.26666666666666666,0.13333333333333333,0.26666666666666666,0.2,0.06666666666666667,0.26666666666666666,0.13333333333333333,0.0,0.13333333333333333,0.26666666666666666,0.13333333333333333,0.26666666666666666,0.13333333333333333,0.2,0.06666666666666667,0.0,0.0,0.06666666666666667,0.06666666666666667,0.13333333333333333,0.13333333333333333,0.13333333333333333,0.13333333333333333,0.0,0.06666666666666667,0.0,0.0,0.2,0.2,0.13333333333333333,0.13333333333333333,0.13333333333333333,0.06666666666666667,0.0,0.2,0.2,0.13333333333333333,0.2,0.06666666666666667,0.06666666666666667,0.0,0.06666666666666667,0.0,0.2,0.2,0.2,0.06666666666666667,0.06666666666666667,0.2,0.13333333333333333,0.06666666666666667,0.13333333333333333,0.06666666666666667,0.06666666666666667,0.0,0.06666666666666667,0.06666666666666667,0.0,0.13333333333333333,0.06666666666666667,0.2,0.2,0.0,0.0,0.0,[]
9,0basevc,8,2,0,4,0,14,14,15,10,11,0.7142857142857143,0.7857142857142857,0.9333333333333333,3,0.6,0.3333333333333333,0.0,0.4666666666666667,0.4,0.6666666666666666,0.0,0.06666666666666667,0.2,1.0,0.0,0.26666666666666666,0.13333333333333333,0.3333333333333333,0.4666666666666667,0.4666666666666667,0.5333333333333333,0.5333333333333333,0.5333333333333333,0.13333333333333333,0.6,0.4666666666666667,0.26666666666666666,0.4666666666666667,0.2,0.0,0.4666666666666667,0.6,0.5333333333333333,0.4666666666666667,0.4,0.5333333333333333,0.06666666666666667,0.0,0.13333333333333333,0.26666666666666666,0.4,0.4,0.2,0.6,0.4666666666666667,0.0,0.06666666666666667,0.06666666666666667,0.0,0.5333333333333333,0.2,0.6,0.6666666666666666,0.2,0.13333333333333333,0.26666666666666666,0.3333333333333333,0.13333333333333333,0.7333333333333333,0.2,0.13333333333333333,0.06666666666666667,0.06666666666666667,0.3333333333333333,0.0,0.6,0.5333333333333333,0.4666666666666667,0.4,0.06666666666666667,0.4666666666666667,0.2,0.06666666666666667,0.4666666666666667,0.26666666666666666,0.06666666666666667,0.26666666666666666,0.13333333333333333,0.06666666666666667,0.26666666666666666,0.26666666666666666,0.2,0.2,0.4666666666666667,0.0,0.2,0.06666666666666667,"['Imperatorco', 'Chorus One', 'Frens ', 'Stakecito', 'Enigma', 'coinhallorg ', 'Kiln', 'Validation Cloud', '    Kingnodes ']"
10,NodeStake,1,0,0,0,9,1,10,15,1,1,0.1,0.1,0.06666666666666667,3,0.06666666666666667,0.0,0.6,0.06666666666666667,0.0,0.0,0.0,0.0,0.0,0.0,1.0,0.0,0.0,0.0,0.0,0.06666666666666667,0.06666666666666667,0.13333333333333333,0.0,0.0,0.0,0.06666666666666667,0.06666666666666667,0.0,0.4666666666666667,0.0,0.0,0.06666666666666667,0.06666666666666667,0.06666666666666667,0.0,0.06666666666666667,0.0,0.0,0.3333333333333333,0.0,0.06666666666666667,0.06666666666666667,0.0,0.06666666666666667,0.0,0.6,0.0,0.0,0.6,0.0,0.0,0.0,0.06666666666666667,0.06666666666666667,0.5333333333333333,0.06666666666666667,0.0,0.0,0.06666666666666667,0.0,0.6,0.0,0.0,0.0,0.0,0.06666666666666667,0.0,0.2,0.2,0.0,0.0,0.4666666666666667,0.6,0.0,0.2,0.0,0.0,0.0,0.6,0.0,0.0,0.06666666666666667,0.26666666666666666,0.13333333333333333,0.13333333333333333,0.0,0.06666666666666667,"['BHarvest', ' ', 'Bit Cat', 'Tan', 'Sunsetting please redelegate Forbole', 'Staker Space']"
11,Figment,2,2,0,0,0,4,4,15,3,4,0.75,1.0,0.26666666666666666,3,0.2,0.06666666666666667,0.0,0.13333333333333333,0.13333333333333333,0.2,0.0,0.06666666666666667,0.06666666666666667,0.26666666666666666,0.0,1.0,0.0,0.0,0.13333333333333333,0.0,0.0,0.13333333333333333,0.13333333333333333,0.06666666666666667,0.13333333333333333,0.13333333333333333,0.06666666666666667,0.13333333333333333,0.0,0.0,0.06666666666666667,0.2,0.2,0.06666666666666667,0.13333333333333333,0.13333333333333333,0.0,0.0,0.0,0.0,0.06666666666666667,0.13333333333333333,0.06666666666666667,0.2,0.06666666666666667,0.0,0.0,0.06666666666666667,0.0,0.13333333333333333,0.06666666666666667,0.13333333333333333,0.13333333333333333,0.0,0.06666666666666667,0.0,0.13333333333333333,0.06666666666666667,0.13333333333333333,0.06666666666666667,0.13333333333333333,0.06666666666666667,0.06666666666666667,0.2,0.0,0.2,0.13333333333333333,0.26666666666666666,0.2,0.06666666666666667,0.13333333333333333,0.13333333333333333,0.06666666666666667,0.13333333333333333,0.06666666666666667,0.06666666666666667,0.13333333333333333,0.0,0.06666666666666667,0.0,0.13333333333333333,0.06666666666666667,0.0,0.06666666666666667,0.0,0.06666666666666667,0.06666666666666667,[]
12,Kahuna,2,1,0,3,0,6,6,15,5,5,0.8333333333333334,0.8333333333333334,0.4,7,0.3333333333333333,0.0,0.0,0.13333333333333333,0.06666666666666667,0.2,0.0,0.0,0.13333333333333333,0.13333333333333333,0.0,0.0,1.0,0.26666666666666666,0.2,0.3333333333333333,0.13333333333333333,0.26666666666666666,0.13333333333333333,0.06666666666666667,0.26666666666666666,0.2,0.26666666666666666,0.26666666666666666,0.26666666666666666,0.0,0.2,0.2,0.2,0.26666666666666666,0.2,0.26666666666666666,0.06666666666666667,0.0,0.0,0.26666666666666666,0.13333333333333333,0.3333333333333333,0.0,0.26666666666666666,0.06666666666666667,0.0,0.0,0.0,0.0,0.2,0.06666666666666667,0.06666666666666667,0.06666666666666667,0.06666666666666667,0.0,0.06666666666666667,0.26666666666666666,0.13333333333333333,0.26666666666666666,0.13333333333333333,0.0,0.0,0.0,0.2,0.0,0.3333333333333333,0.06666666666666667,0.26666666666666666,0.06666666666666667,0.0,0.26666666666666666,0.06666666666666667,0.0,0.06666666666666667,0.0,0.0,0.06666666666666667,0.0,0.0,0.2,0.2,0.06666666666666667,0.13333333333333333,0.3333333333333333,0.0,0.13333333333333333,0.0,[]
13,Nocturnal Labs,3,2,0,6,0,11,11,15,6,7,0.5454545454545454,0.6363636363636364,0.7333333333333333,7,0.3333333333333333,0.2,0.0,0.2,0.26666666666666666,0.3333333333333333,0.0,0.0,0.2,0.3333333333333333,0.0,0.0,0.26666666666666666,1.0,0.2,0.4666666666666667,0.3333333333333333,0.3333333333333333,0.26666666666666666,0.06666666666666667,0.4666666666666667,0.2,0.3333333333333333,0.6,0.26666666666666666,0.0,0.26666666666666666,0.26666666666666666,0.26666666666666666,0.3333333333333333,0.3333333333333333,0.3333333333333333,0.2,0.0,0.06666666666666667,0.26666666666666666,0.13333333333333333,0.26666666666666666,0.06666666666666667,0.26666666666666666,0.2,0.0,0.06666666666666667,0.0,0.0,0.4666666666666667,0.13333333333333333,0.26666666666666666,0.4,0.13333333333333333,0.06666666666666667,0.2,0.26666666666666666,0.13333333333333333,0.3333333333333333,0.2,0.0,0.0,0.0,0.26666666666666666,0.0,0.3333333333333333,0.3333333333333333,0.2,0.2,0.0,0.3333333333333333,0.06666666666666667,0.0,0.2,0.06666666666666667,0.0,0.06666666666666667,0.13333333333333333,0.0,0.4,0.2,0.06666666666666667,0.26666666666666666,0.4,0.0,0.13333333333333333,0.0,['Coinage x DAIC']
14,Kalia Network,7,3,0,3,0,13,13,15,5,9,0.38461538461538464,0.6923076923076923,0.8666666666666667,1,0.3333333333333333,0.2,0.0,0.3333333333333333,0.26666666666666666,0.6,0.0,0.0,0.2,0.4666666666666667,0.0,0.13333333333333333,0.2,0.2,1.0,0.3333333333333333,0.4,0.3333333333333333,0.3333333333333333,0.13333333333333333,0.4666666666666667,0.5333333333333333,0.4,0.4,0.2,0.0,0.4,0.4,0.4,0.4,0.2,0.2,0.06666666666666667,0.0,0.13333333333333333,0.13333333333333333,0.2,0.26666666666666666,0.06666666666666667,0.3333333333333333,0.3333333333333333,0.0,0.0,0.0,0.0,0.3333333333333333,0.13333333333333333,0.4666666666666667,0.4666666666666667,0.2,0.13333333333333333,0.26666666666666666,0.26666666666666666,0.2,0.4666666666666667,0.13333333333333333,0.06666666666666667,0.06666666666666667,0.0,0.26666666666666666,0.0,0.4666666666666667,0.4,0.3333333333333333,0.13333333333333333,0.06666666666666667,0.2,0.06666666666666667,0.06666666666666667,0.26666666666666666,0.13333333333333333,0.06666666666666667,0.2,0.0,0.06666666666666667,0.2,0.2,0.2,0.2,0.2,0.0,0.06666666666666667,0.0,['Chorus One']
15,ECO Stake ,11,2,0,2,0,15,15,15,12,11,0.8,0.7333333333333333,1.0,3,0.7333333333333333,0.2,0.0,0.4,0.2,0.4,0.06666666666666667,0.0,0.2,0.4666666666666667,0.06666666666666667,0.0,0.3333333333333333,0.4666666666666667,0.3333333333333333,1.0,0.5333333333333333,0.6666666666666666,0.5333333333333333,0.13333333333333333,0.6,0.4666666666666667,0.4,0.4,0.4,0.0,0.4,0.6666666666666666,0.6666666666666666,0.8666666666666667,0.3333333333333333,0.7333333333333333,0.13333333333333333,0.06666666666666667,0.13333333333333333,0.4666666666666667,0.5333333333333333,0.6,0.06666666666666667,0.6,0.3333333333333333,0.0,0.06666666666666667,0.0,0.0,0.5333333333333333,0.2,0.4,0.4666666666666667,0.26666666666666666,0.13333333333333333,0.3333333333333333,0.3333333333333333,0.13333333333333333,0.5333333333333333,0.2,0.0,0.0,0.0,0.13333333333333333,0.0,0.5333333333333333,0.3333333333333333,0.4,0.26666666666666666,0.06666666666666667,0.6666666666666666,0.13333333333333333,0.0,0.3333333333333333,0.26666666666666666,0.0,0.26666666666666666,0.13333333333333333,0.0,0.13333333333333333,0.2,0.2,0.26666666666666666,0.7333333333333333,0.0,0.2,0.06666666666666667,"['Imperatorco', 'Informal Systems', 'Frens ', 'Stakecito', 'polkachucom', 'Meria', 'Interstellar Lounge ', 'Allnodes', 'Enigma', '  AutoStake  StakeDrops', 'Nodeplus']"
16,Citadelone,7,1,0,3,0,11,11,15,8,8,0.7272727272727273,0.7272727272727273,0.7333333333333333,3,0.4666666666666667,0.26666666666666666,0.0,0.3333333333333333,0.2,0.5333333333333333,0.0,0.0,0.2,0.5333333333333333,0.06666666666666667,0.0,0.13333333333333333,0.3333333333333333,0.4,0.5333333333333333,1.0,0.4666666666666667,0.4666666666666667,0.06666666666666667,0.5333333333333333,0.5333333333333333,0.2,0.3333333333333333,0.26666666666666666,0.0,0.4666666666666667,0.5333333333333333,0.4666666666666667,0.5333333333333333,0.13333333333333333,0.4,0.13333333333333333,0.0,0.13333333333333333,0.26666666666666666,0.4,0.3333333333333333,0.06666666666666667,0.4666666666666667,0.4,0.0,0.06666666666666667,0.0,0.0,0.4666666666666667,0.13333333333333333,0.3333333333333333,0.5333333333333333,0.26666666666666666,0.13333333333333333,0.4,0.2,0.13333333333333333,0.5333333333333333,0.2,0.0,0.0,0.0,0.0,0.0,0.4666666666666667,0.3333333333333333,0.3333333333333333,0.2,0.0,0.3333333333333333,0.06666666666666667,0.0,0.3333333333333333,0.2,0.0,0.13333333333333333,0.06666666666666667,0.0,0.2,0.13333333333333333,0.2,0.26666666666666666,0.4666666666666667,0.0,0.06666666666666667,0.06666666666666667,[]
17,Informal Systems,8,4,0,1,2,13,15,15,10,11,0.6666666666666666,0.7333333333333333,0.8666666666666667,3,0.7333333333333333,0.2,0.13333333333333333,0.4,0.2,0.5333333333333333,0.0,0.0,0.13333333333333333,0.5333333333333333,0.13333333333333333,0.13333333333333333,0.26666666666666666,0.3333333333333333,0.3333333333333333,0.6666666666666666,0.4666666666666667,1.0,0.4,0.06666666666666667,0.5333333333333333,0.4666666666666667,0.4,0.2,0.4,0.0,0.4666666666666667,0.6666666666666666,0.8,0.5333333333333333,0.26666666666666666,0.5333333333333333,0.2,0.0,0.26666666666666666,0.4,0.5333333333333333,0.5333333333333333,0.0,0.7333333333333333,0.3333333333333333,0.13333333333333333,0.0,0.0,0.13333333333333333,0.5333333333333333,0.06666666666666667,0.26666666666666666,0.5333333333333333,0.13333333333333333,0.2,0.26666666666666666,0.4,0.2,0.5333333333333333,0.13333333333333333,0.06666666666666667,0.0,0.0,0.13333333333333333,0.0,0.5333333333333333,0.26666666666666666,0.6,0.4,0.0,0.4666666666666667,0.26666666666666666,0.13333333333333333,0.4666666666666667,0.26666666666666666,0.0,0.3333333333333333,0.06666666666666667,0.06666666666666667,0.06666666666666667,0.26666666666666666,0.26666666666666666,0.26666666666666666,0.6,0.0,0.2,0.13333333333333333,"['Imperatorco', 'ECO Stake ', 'Stakecito', 'polkachucom', 'Enigma', ' Silk Nodes', 'Nodeplus']"
18, LavenderFive Nodes ,8,4,0,0,0,12,12,15,10,10,0.8333333333333334,0.8333333333333334,0.8,3,0.6,0.26666666666666666,0.0,0.4666666666666667,0.2,0.5333333333333333,0.0,0.06666666666666667,0.26666666666666666,0.5333333333333333,0.0,0.13333333333333333,0.13333333333333333,0.26666666666666666,0.3333333333333333,0.5333333333333333,0.4666666666666667,0.4,1.0,0.13333333333333333,0.5333333333333333,0.4666666666666667,0.13333333333333333,0.3333333333333333,0.2,0.0,0.4,0.6666666666666666,0.5333333333333333,0.6666666666666666,0.2,0.4666666666666667,0.13333333333333333,0.0,0.2,0.26666666666666666,0.5333333333333333,0.4,0.13333333333333333,0.4666666666666667,0.4,0.0,0.06666666666666667,0.06666666666666667,0.0,0.5333333333333333,0.2,0.26666666666666666,0.3333333333333333,0.2,0.06666666666666667,0.2,0.26666666666666666,0.2,0.4,0.26666666666666666,0.13333333333333333,0.06666666666666667,0.06666666666666667,0.13333333333333333,0.0,0.4666666666666667,0.3333333333333333,0.4666666666666667,0.3333333333333333,0.06666666666666667,0.4666666666666667,0.13333333333333333,0.06666666666666667,0.5333333333333333,0.4666666666666667,0.06666666666666667,0.2,0.06666666666666667,0.06666666666666667,0.0,0.13333333333333333,0.2,0.26666666666666666,0.4666666666666667,0.0,0.06666666666666667,0.0,"['Imperatorco', 'Stakecito', 'Meria']"
19,KingSuper,3,0,0,0,0,3,3,15,2,2,0.6666666666666666,0.6666666666666666,0.2,1,0.13333333333333333,0.06666666666666667,0.0,0.13333333333333333,0.06666666666666667,0.13333333333333333,0.06666666666666667,0.0,0.13333333333333333,0.13333333333333333,0.0,0.06666666666666667,0.06666666666666667,0.06666666666666667,0.13333333333333333,0.13333333333333333,0.06666666666666667,0.06666666666666667,0.13333333333333333,1.0,0.13333333333333333,0.13333333333333333,0.0,0.13333333333333333,0.06666666666666667,0.0,0.06666666666666667,0.13333333333333333,0.06666666666666667,0.2,0.06666666666666667,0.2,0.0,0.06666666666666667,0.0,0.06666666666666667,0.06666666666666667,0.06666666666666667,0.06666666666666667,0.06666666666666667,0.13333333333333333,0.0,0.0,0.0,0.0,0.06666666666666667,0.2,0.13333333333333333,0.06666666666666667,0.13333333333333333,0.0,0.0,0.13333333333333333,0.13333333333333333,0.13333333333333333,0.06666666666666667,0.06666666666666667,0.06666666666666667,0.0,0.06666666666666667,0.0,0.13333333333333333,0.2,0.13333333333333333,0.06666666666666667,0.13333333333333333,0.13333333333333333,0.06666666666666667,0.06666666666666667,0.13333333333333333,0.06666666666666667,0.06666666666666667,0.0,0.0,0.06666666666666667,0.0,0.06666666666666667,0.06666666666666667,0.06666666666666667,0.06666666666666667,0.0,0.0,0.0,[]
20,Frens ,9,2,0,4,0,15,15,15,11,10,0.7333333333333333,0.6666666666666666,1.0,3,0.6666666666666666,0.3333333333333333,0.0,0.4666666666666667,0.2,0.7333333333333333,0.0,0.0,0.26666666666666666,0.6,0.0,0.13333333333333333,0.26666666666666666,0.4666666666666667,0.4666666666666667,0.6,0.5333333333333333,0.5333333333333333,0.5333333333333333,0.13333333333333333,1.0,0.5333333333333333,0.4,0.4666666666666667,0.3333333333333333,0.06666666666666667,0.6,0.7333333333333333,0.6,0.6666666666666666,0.26666666666666666,0.6,0.26666666666666666,0.0,0.2,0.3333333333333333,0.4666666666666667,0.5333333333333333,0.13333333333333333,0.5333333333333333,0.5333333333333333,0.0,0.06666666666666667,0.0,0.0,0.6666666666666666,0.2,0.4,0.6,0.2,0.13333333333333333,0.3333333333333333,0.4666666666666667,0.26666666666666666,0.6666666666666666,0.2,0.06666666666666667,0.13333333333333333,0.0,0.26666666666666666,0.06666666666666667,0.6,0.4666666666666667,0.4666666666666667,0.4666666666666667,0.06666666666666667,0.6,0.26666666666666666,0.06666666666666667,0.4666666666666667,0.26666666666666666,0.06666666666666667,0.3333333333333333,0.06666666666666667,0.06666666666666667,0.2,0.26666666666666666,0.13333333333333333,0.3333333333333333,0.6,0.0,0.2,0.06666666666666667,"['Imperatorco', 'Chorus One', '0basevc', 'ECO Stake ', 'Keplr', 'Stakecito', 'polkachucom', 'Meria', 'Interstellar Lounge ', 'P2PORG  P2P Validator', 'Kiln', 'Validation Cloud', '    Kingnodes ', '  AutoStake  StakeDrops', 'Nodeplus']"
21,Cosmostation,9,1,0,4,0,14,14,15,8,9,0.5714285714285714,0.6428571428571429,0.9333333333333333,3,0.5333333333333333,0.13333333333333333,0.0,0.6,0.13333333333333333,0.6666666666666666,0.0,0.0,0.2,0.4666666666666667,0.06666666666666667,0.13333333333333333,0.2,0.2,0.5333333333333333,0.4666666666666667,0.5333333333333333,0.4666666666666667,0.4666666666666667,0.13333333333333333,0.5333333333333333,1.0,0.26666666666666666,0.26666666666666666,0.3333333333333333,0.06666666666666667,0.5333333333333333,0.6666666666666666,0.6,0.5333333333333333,0.06666666666666667,0.4,0.2,0.0,0.13333333333333333,0.26666666666666666,0.4,0.4666666666666667,0.06666666666666667,0.4666666666666667,0.4,0.0,0.0,0.0,0.0,0.4,0.13333333333333333,0.26666666666666666,0.5333333333333333,0.26666666666666666,0.2,0.4,0.3333333333333333,0.26666666666666666,0.6,0.13333333333333333,0.06666666666666667,0.13333333333333333,0.0,0.13333333333333333,0.06666666666666667,0.4666666666666667,0.3333333333333333,0.5333333333333333,0.26666666666666666,0.06666666666666667,0.3333333333333333,0.06666666666666667,0.06666666666666667,0.4666666666666667,0.26666666666666666,0.06666666666666667,0.3333333333333333,0.0,0.06666666666666667,0.2,0.2,0.26666666666666666,0.2,0.4666666666666667,0.0,0.06666666666666667,0.06666666666666667,"['Provalidator', 'Chorus One', 'Stakecito', 'polkachucom', 'Validation Cloud']"
22,NodesGuru,4,2,0,8,1,14,15,15,4,8,0.26666666666666666,0.5333333333333333,0.9333333333333333,1,0.26666666666666666,0.2,0.06666666666666667,0.06666666666666667,0.06666666666666667,0.4666666666666667,0.0,0.0,0.06666666666666667,0.26666666666666666,0.06666666666666667,0.06666666666666667,0.26666666666666666,0.3333333333333333,0.4,0.4,0.2,0.4,0.13333333333333333,0.0,0.4,0.26666666666666666,1.0,0.4666666666666667,0.26666666666666666,0.06666666666666667,0.3333333333333333,0.3333333333333333,0.3333333333333333,0.26666666666666666,0.2,0.26666666666666666,0.26666666666666666,0.0,0.13333333333333333,0.2,0.13333333333333333,0.3333333333333333,0.06666666666666667,0.3333333333333333,0.2,0.06666666666666667,0.0,0.0,0.06666666666666667,0.26666666666666666,0.0,0.5333333333333333,0.3333333333333333,0.0,0.13333333333333333,0.06666666666666667,0.2,0.13333333333333333,0.3333333333333333,0.06666666666666667,0.06666666666666667,0.06666666666666667,0.0,0.3333333333333333,0.06666666666666667,0.4,0.2,0.26666666666666666,0.13333333333333333,0.0,0.3333333333333333,0.13333333333333333,0.06666666666666667,0.06666666666666667,0.06666666666666667,0.0,0.13333333333333333,0.06666666666666667,0.06666666666666667,0.4666666666666667,0.26666666666666666,0.06666666666666667,0.2,0.2,0.06666666666666667,0.06666666666666667,0.06666666666666667,[]
23,Coinage x DAIC,4,2,0,9,0,15,15,15,7,6,0.4666666666666667,0.4,1.0,3,0.4,0.2,0.0,0.2,0.3333333333333333,0.4,0.0,0.06666666666666667,0.26666666666666666,0.4666666666666667,0.0,0.13333333333333333,0.26666666666666666,0.6,0.4,0.4,0.3333333333333333,0.2,0.3333333333333333,0.13333333333333333,0.4666666666666667,0.26666666666666666,0.4666666666666667,1.0,0.26666666666666666,0.0,0.26666666666666666,0.26666666666666666,0.2,0.4,0.4,0.4,0.13333333333333333,0.0,0.0,0.2,0.06666666666666667,0.26666666666666666,0.13333333333333333,0.26666666666666666,0.2,0.0,0.06666666666666667,0.06666666666666667,0.0,0.4,0.2,0.5333333333333333,0.3333333333333333,0.2,0.06666666666666667,0.2,0.3333333333333333,0.2,0.4,0.26666666666666666,0.13333333333333333,0.06666666666666667,0.06666666666666667,0.4666666666666667,0.0,0.5333333333333333,0.3333333333333333,0.26666666666666666,0.26666666666666666,0.06666666666666667,0.3333333333333333,0.13333333333333333,0.06666666666666667,0.26666666666666666,0.06666666666666667,0.06666666666666667,0.0,0.06666666666666667,0.06666666666666667,0.6,0.4,0.06666666666666667,0.26666666666666666,0.3333333333333333,0.0,0.13333333333333333,0.06666666666666667,"['Nocturnal Labs', 'Ledger by Meria']"
24,Dora Factory,3,1,0,3,7,7,14,15,6,10,0.42857142857142855,0.7142857142857143,0.4666666666666667,6,0.4,0.0,0.4666666666666667,0.2,0.06666666666666667,0.26666666666666666,0.0,0.0,0.13333333333333333,0.2,0.4666666666666667,0.0,0.26666666666666666,0.26666666666666666,0.2,0.4,0.26666666666666666,0.4,0.2,0.06666666666666667,0.3333333333333333,0.3333333333333333,0.26666666666666666,0.26666666666666666,1.0,0.06666666666666667,0.26666666666666666,0.3333333333333333,0.26666666666666666,0.3333333333333333,0.2,0.26666666666666666,0.13333333333333333,0.06666666666666667,0.3333333333333333,0.2,0.2,0.26666666666666666,0.0,0.3333333333333333,0.2,0.4666666666666667,0.0,0.0,0.4666666666666667,0.2,0.06666666666666667,0.13333333333333333,0.26666666666666666,0.13333333333333333,0.4666666666666667,0.2,0.4,0.2,0.4,0.13333333333333333,0.4,0.06666666666666667,0.0,0.13333333333333333,0.06666666666666667,0.4,0.06666666666666667,0.3333333333333333,0.13333333333333333,0.0,0.2,0.26666666666666666,0.4,0.13333333333333333,0.13333333333333333,0.0,0.06666666666666667,0.0,0.4,0.13333333333333333,0.2,0.2,0.4666666666666667,0.4666666666666667,0.13333333333333333,0.2,0.06666666666666667,[]
25,blockscape,0,0,0,1,0,1,1,15,0,0,0.0,0.0,0.06666666666666667,3,0.0,0.0,0.0,0.0,0.0,0.06666666666666667,0.0,0.0,0.0,0.0,0.0,0.0,0.0,0.0,0.0,0.0,0.0,0.0,0.0,0.0,0.06666666666666667,0.06666666666666667,0.06666666666666667,0.0,0.06666666666666667,1.0,0.06666666666666667,0.06666666666666667,0.0,0.0,0.0,0.0,0.06666666666666667,0.0,0.0,0.0,0.0,0.0,0.0,0.0,0.06666666666666667,0.0,0.0,0.0,0.0,0.0,0.0,0.0,0.06666666666666667,0.0,0.0,0.0,0.06666666666666667,0.06666666666666667,0.06666666666666667,0.0,0.0,0.06666666666666667,0.0,0.0,0.06666666666666667,0.0,0.0,0.0,0.0,0.0,0.0,0.0,0.0,0.0,0.0,0.0,0.0,0.0,0.0,0.0,0.0,0.0,0.0,0.0,0.0,0.0,0.0,[]
26,Keplr,5,3,0,4,0,12,12,15,7,11,0.5833333333333334,0.9166666666666666,0.8,0,0.4666666666666667,0.13333333333333333,0.0,0.4,0.2,0.7333333333333333,0.0,0.0,0.13333333333333333,0.4666666666666667,0.0,0.06666666666666667,0.2,0.26666666666666666,0.4,0.4,0.4666666666666667,0.4666666666666667,0.4,0.06666666666666667,0.6,0.5333333333333333,0.3333333333333333,0.26666666666666666,0.26666666666666666,0.06666666666666667,1.0,0.5333333333333333,0.4666666666666667,0.4,0.2,0.3333333333333333,0.26666666666666666,0.0,0.13333333333333333,0.2,0.4,0.4,0.0,0.4666666666666667,0.4,0.0,0.0,0.0,0.0,0.4,0.06666666666666667,0.26666666666666666,0.4666666666666667,0.13333333333333333,0.0,0.3333333333333333,0.3333333333333333,0.2,0.6,0.13333333333333333,0.0,0.06666666666666667,0.0,0.26666666666666666,0.06666666666666667,0.4666666666666667,0.2,0.4,0.3333333333333333,0.0,0.3333333333333333,0.06666666666666667,0.0,0.4666666666666667,0.2,0.0,0.2,0.0,0.0,0.2,0.2,0.13333333333333333,0.26666666666666666,0.4,0.0,0.13333333333333333,0.06666666666666667,"['Chorus One', 'Frens ', 'Validation Cloud']"
27,Stakecito,11,3,0,1,0,15,15,15,12,13,0.8,0.8666666666666667,1.0,3,0.7333333333333333,0.26666666666666666,0.0,0.5333333333333333,0.2,0.7333333333333333,0.0,0.0,0.26666666666666666,0.6,0.06666666666666667,0.2,0.2,0.26666666666666666,0.4,0.6666666666666666,0.5333333333333333,0.6666666666666666,0.6666666666666666,0.13333333333333333,0.7333333333333333,0.6666666666666666,0.3333333333333333,0.26666666666666666,0.3333333333333333,0.06666666666666667,0.5333333333333333,1.0,0.7333333333333333,0.8,0.2,0.6666666666666666,0.2,0.0,0.13333333333333333,0.3333333333333333,0.6666666666666666,0.6,0.13333333333333333,0.6666666666666666,0.4666666666666667,0.0,0.06666666666666667,0.0,0.0,0.5333333333333333,0.2,0.3333333333333333,0.6,0.2,0.2,0.26666666666666666,0.4,0.26666666666666666,0.6,0.2,0.06666666666666667,0.13333333333333333,0.0,0.13333333333333333,0.06666666666666667,0.5333333333333333,0.4,0.6666666666666666,0.4,0.06666666666666667,0.6,0.26666666666666666,0.06666666666666667,0.5333333333333333,0.4,0.06666666666666667,0.4,0.06666666666666667,0.06666666666666667,0.0,0.2,0.3333333333333333,0.26666666666666666,0.6666666666666666,0.0,0.13333333333333333,0.13333333333333333,"['Imperatorco', 'Chorus One', '0basevc', 'ECO Stake ', 'Informal Systems', ' LavenderFive Nodes ', 'Frens ', 'Cosmostation', 'polkachucom', 'Meria', 'Interstellar Lounge ', 'strangelove', 'Allnodes', 'Enigma', 'Kiln', 'Validation Cloud', ' Silk Nodes', '  AutoStake  StakeDrops', 'Nodeplus']"
28,polkachucom,10,5,0,0,0,15,15,15,11,12,0.7333333333333333,0.8,1.0,3,0.8,0.13333333333333333,0.0,0.5333333333333333,0.26666666666666666,0.5333333333333333,0.0,0.06666666666666667,0.13333333333333333,0.5333333333333333,0.06666666666666667,0.2,0.2,0.26666666666666666,0.4,0.6666666666666666,0.4666666666666667,0.8,0.5333333333333333,0.06666666666666667,0.6,0.6,0.3333333333333333,0.2,0.26666666666666666,0.0,0.4666666666666667,0.7333333333333333,1.0,0.6,0.26666666666666666,0.5333333333333333,0.2,0.0,0.2,0.4,0.6,0.5333333333333333,0.0,0.7333333333333333,0.3333333333333333,0.0,0.0,0.06666666666666667,0.0,0.6666666666666666,0.06666666666666667,0.2,0.6,0.2,0.2,0.3333333333333333,0.3333333333333333,0.2,0.4666666666666667,0.2,0.06666666666666667,0.0,0.06666666666666667,0.13333333333333333,0.0,0.5333333333333333,0.3333333333333333,0.6,0.4,0.0,0.4666666666666667,0.13333333333333333,0.0,0.4666666666666667,0.26666666666666666,0.0,0.4666666666666667,0.06666666666666667,0.0,0.0,0.2,0.26666666666666666,0.2,0.6,0.0,0.13333333333333333,0.13333333333333333,"['Imperatorco', 'ECO Stake ', 'Informal Systems', 'Frens ', 'Cosmostation', 'Stakecito', 'Meria', 'strangelove', 'Enigma', 'P2PORG  P2P Validator', 'Kiln', ' Silk Nodes', 'Nodeplus']"
29,Meria,12,2,0,1,0,15,15,15,12,12,0.8,0.8,1.0,7,0.7333333333333333,0.26666666666666666,0.0,0.4666666666666667,0.13333333333333333,0.5333333333333333,0.06666666666666667,0.0,0.26666666666666666,0.4666666666666667,0.06666666666666667,0.06666666666666667,0.26666666666666666,0.3333333333333333,0.4,0.8666666666666667,0.5333333333333333,0.5333333333333333,0.6666666666666666,0.2,0.6666666666666666,0.5333333333333333,0.26666666666666666,0.4,0.3333333333333333,0.0,0.4,0.8,0.6,1.0,0.2,0.7333333333333333,0.13333333333333333,0.06666666666666667,0.13333333333333333,0.4,0.6,0.6,0.13333333333333333,0.5333333333333333,0.4,0.0,0.06666666666666667,0.0,0.0,0.4666666666666667,0.26666666666666666,0.4,0.4,0.26666666666666666,0.13333333333333333,0.3333333333333333,0.3333333333333333,0.2,0.5333333333333333,0.2,0.06666666666666667,0.06666666666666667,0.0,0.13333333333333333,0.0,0.5333333333333333,0.4,0.5333333333333333,0.3333333333333333,0.13333333333333333,0.6666666666666666,0.2,0.06666666666666667,0.4666666666666667,0.4,0.06666666666666667,0.26666666666666666,0.06666666666666667,0.06666666666666667,0.06666666666666667,0.2,0.26666666666666666,0.26666666666666666,0.6666666666666666,0.0,0.13333333333333333,0.06666666666666667,"['Imperatorco', 'ECO Stake ', ' LavenderFive Nodes ', 'Frens ', 'Stakecito', 'polkachucom', 'Interstellar Lounge ', 'strangelove', 'Allnodes', '  AutoStake  StakeDrops', 'Nodeplus']"
30,PRO Delegators,2,9,0,4,0,15,15,15,6,5,0.4,0.3333333333333333,1.0,7,0.3333333333333333,0.06666666666666667,0.0,0.2,0.5333333333333333,0.13333333333333333,0.0,0.06666666666666667,0.13333333333333333,0.4,0.0,0.13333333333333333,0.2,0.3333333333333333,0.2,0.3333333333333333,0.13333333333333333,0.26666666666666666,0.2,0.06666666666666667,0.26666666666666666,0.06666666666666667,0.2,0.4,0.2,0.0,0.2,0.2,0.26666666666666666,0.2,1.0,0.4,0.0,0.0,0.0,0.2,0.13333333333333333,0.2,0.13333333333333333,0.26666666666666666,0.06666666666666667,0.0,0.06666666666666667,0.06666666666666667,0.0,0.4,0.13333333333333333,0.2,0.3333333333333333,0.13333333333333333,0.06666666666666667,0.13333333333333333,0.26666666666666666,0.06666666666666667,0.3333333333333333,0.2,0.06666666666666667,0.0,0.06666666666666667,0.6666666666666666,0.0,0.3333333333333333,0.2,0.2,0.13333333333333333,0.0,0.26666666666666666,0.13333333333333333,0.0,0.2,0.0,0.0,0.2,0.2,0.0,0.26666666666666666,0.2,0.06666666666666667,0.13333333333333333,0.3333333333333333,0.0,0.2,0.13333333333333333,['CryptoCrew X Defi Dojo']
31,Interstellar Lounge ,11,1,0,3,0,15,15,15,12,6,0.8,0.4,1.0,6,0.7333333333333333,0.3333333333333333,0.0,0.4666666666666667,0.2,0.4,0.06666666666666667,0.0,0.2,0.5333333333333333,0.06666666666666667,0.13333333333333333,0.26666666666666666,0.3333333333333333,0.2,0.7333333333333333,0.4,0.5333333333333333,0.4666666666666667,0.2,0.6,0.4,0.26666666666666666,0.4,0.26666666666666666,0.0,0.3333333333333333,0.6666666666666666,0.5333333333333333,0.7333333333333333,0.4,1.0,0.06666666666666667,0.06666666666666667,0.13333333333333333,0.4666666666666667,0.5333333333333333,0.6666666666666666,0.13333333333333333,0.5333333333333333,0.3333333333333333,0.0,0.13333333333333333,0.0,0.0,0.4,0.26666666666666666,0.3333333333333333,0.4,0.3333333333333333,0.13333333333333333,0.26666666666666666,0.3333333333333333,0.13333333333333333,0.6,0.13333333333333333,0.06666666666666667,0.06666666666666667,0.0,0.3333333333333333,0.0,0.5333333333333333,0.4,0.4666666666666667,0.3333333333333333,0.13333333333333333,0.7333333333333333,0.26666666666666666,0.06666666666666667,0.4666666666666667,0.3333333333333333,0.06666666666666667,0.26666666666666666,0.06666666666666667,0.06666666666666667,0.2,0.26666666666666666,0.13333333333333333,0.13333333333333333,0.6666666666666666,0.0,0.2,0.2,"['Imperatorco', 'ECO Stake ', 'Frens ', 'Stakecito', 'Meria', 'Allnodes', 'Validation Cloud', '  AutoStake  StakeDrops', 'Nodeplus']"
32,DELIGHT,1,2,0,3,0,6,6,15,2,2,0.3333333333333333,0.3333333333333333,0.4,7,0.2,0.13333333333333333,0.0,0.06666666666666667,0.0,0.26666666666666666,0.0,0.0,0.06666666666666667,0.06666666666666667,0.0,0.0,0.06666666666666667,0.2,0.06666666666666667,0.13333333333333333,0.13333333333333333,0.2,0.13333333333333333,0.0,0.26666666666666666,0.2,0.26666666666666666,0.13333333333333333,0.13333333333333333,0.06666666666666667,0.26666666666666666,0.2,0.2,0.13333333333333333,0.0,0.06666666666666667,1.0,0.0,0.06666666666666667,0.13333333333333333,0.06666666666666667,0.13333333333333333,0.06666666666666667,0.13333333333333333,0.13333333333333333,0.0,0.0,0.0,0.0,0.13333333333333333,0.0,0.13333333333333333,0.13333333333333333,0.0,0.0,0.06666666666666667,0.2,0.2,0.13333333333333333,0.06666666666666667,0.0,0.06666666666666667,0.0,0.13333333333333333,0.06666666666666667,0.06666666666666667,0.06666666666666667,0.13333333333333333,0.13333333333333333,0.0,0.2,0.0,0.0,0.2,0.06666666666666667,0.0,0.06666666666666667,0.0,0.0,0.13333333333333333,0.2,0.0,0.13333333333333333,0.13333333333333333,0.0,0.0,0.0,[]
33,DSRV,1,0,0,0,4,1,5,15,0,0,0.0,0.0,0.06666666666666667,3,0.0,0.0,0.26666666666666666,0.0,0.0,0.0,0.06666666666666667,0.0,0.0,0.0,0.0,0.0,0.0,0.0,0.0,0.06666666666666667,0.0,0.0,0.0,0.06666666666666667,0.0,0.0,0.0,0.0,0.06666666666666667,0.0,0.0,0.0,0.0,0.06666666666666667,0.0,0.06666666666666667,0.0,1.0,0.26666666666666666,0.0,0.0,0.0,0.0,0.0,0.0,0.26666666666666666,0.0,0.0,0.2,0.0,0.06666666666666667,0.06666666666666667,0.0,0.06666666666666667,0.0,0.0,0.0,0.0,0.0,0.0,0.13333333333333333,0.0,0.0,0.0,0.0,0.0,0.06666666666666667,0.0,0.2,0.06666666666666667,0.06666666666666667,0.06666666666666667,0.06666666666666667,0.0,0.0,0.0,0.0,0.0,0.0,0.0,0.0,0.0,0.0,0.0,0.0,0.0,0.0,[]
34,Blockdaemon,3,1,0,0,11,4,15,15,2,2,0.13333333333333333,0.13333333333333333,0.26666666666666666,3,0.13333333333333333,0.2,0.7333333333333333,0.2,0.0,0.13333333333333333,0.0,0.0,0.0,0.13333333333333333,0.3333333333333333,0.0,0.0,0.06666666666666667,0.13333333333333333,0.13333333333333333,0.13333333333333333,0.26666666666666666,0.2,0.0,0.2,0.13333333333333333,0.13333333333333333,0.0,0.3333333333333333,0.0,0.13333333333333333,0.13333333333333333,0.2,0.13333333333333333,0.0,0.13333333333333333,0.06666666666666667,0.26666666666666666,1.0,0.13333333333333333,0.2,0.13333333333333333,0.0,0.13333333333333333,0.13333333333333333,0.7333333333333333,0.0,0.0,0.6666666666666666,0.2,0.0,0.06666666666666667,0.2,0.13333333333333333,0.4,0.2,0.0,0.0,0.13333333333333333,0.0,0.5333333333333333,0.0,0.0,0.0,0.0,0.06666666666666667,0.2,0.13333333333333333,0.3333333333333333,0.0,0.13333333333333333,0.4,0.5333333333333333,0.2,0.5333333333333333,0.0,0.13333333333333333,0.0,0.4,0.0,0.0,0.0,0.2,0.06666666666666667,0.2,0.0,0.0,"['BHarvest', ' ', 'Bit Cat']"
35,DACM,5,1,0,3,0,9,9,15,7,6,0.7777777777777778,0.6666666666666666,0.6,4,0.5333333333333333,0.13333333333333333,0.0,0.2,0.06666666666666667,0.2,0.0,0.0,0.06666666666666667,0.26666666666666666,0.0,0.0,0.26666666666666666,0.26666666666666666,0.13333333333333333,0.4666666666666667,0.26666666666666666,0.4,0.26666666666666666,0.06666666666666667,0.3333333333333333,0.26666666666666666,0.2,0.2,0.2,0.0,0.2,0.3333333333333333,0.4,0.4,0.2,0.4666666666666667,0.13333333333333333,0.0,0.13333333333333333,1.0,0.3333333333333333,0.4,0.0,0.3333333333333333,0.2,0.0,0.0,0.0,0.0,0.2,0.06666666666666667,0.13333333333333333,0.2,0.06666666666666667,0.0,0.26666666666666666,0.26666666666666666,0.13333333333333333,0.3333333333333333,0.06666666666666667,0.0,0.0,0.0,0.13333333333333333,0.0,0.26666666666666666,0.2,0.2,0.13333333333333333,0.0,0.4,0.06666666666666667,0.0,0.26666666666666666,0.2,0.0,0.2,0.0,0.0,0.2,0.2,0.06666666666666667,0.06666666666666667,0.4,0.0,0.13333333333333333,0.0,[]
36,strangelove,8,3,0,0,0,11,11,15,9,4,0.8181818181818182,0.36363636363636365,0.7333333333333333,1,0.6,0.13333333333333333,0.0,0.5333333333333333,0.13333333333333333,0.4666666666666667,0.0,0.0,0.06666666666666667,0.4,0.06666666666666667,0.06666666666666667,0.13333333333333333,0.13333333333333333,0.2,0.5333333333333333,0.4,0.5333333333333333,0.5333333333333333,0.06666666666666667,0.4666666666666667,0.4,0.13333333333333333,0.06666666666666667,0.2,0.0,0.4,0.6666666666666666,0.6,0.6,0.13333333333333333,0.5333333333333333,0.06666666666666667,0.0,0.2,0.3333333333333333,1.0,0.4666666666666667,0.0,0.5333333333333333,0.3333333333333333,0.0,0.0,0.0,0.0,0.4666666666666667,0.06666666666666667,0.13333333333333333,0.4,0.2,0.06666666666666667,0.26666666666666666,0.2,0.06666666666666667,0.4666666666666667,0.06666666666666667,0.0,0.0,0.0,0.06666666666666667,0.0,0.4,0.2,0.4666666666666667,0.3333333333333333,0.0,0.4,0.13333333333333333,0.0,0.5333333333333333,0.4,0.0,0.3333333333333333,0.0,0.0,0.0,0.06666666666666667,0.26666666666666666,0.13333333333333333,0.5333333333333333,0.0,0.13333333333333333,0.13333333333333333,"['Imperatorco', 'Stakecito', 'polkachucom', 'Meria']"
37,Allnodes,7,4,0,3,0,14,14,15,11,10,0.7857142857142857,0.7142857142857143,0.9333333333333333,3,0.7333333333333333,0.2,0.0,0.4666666666666667,0.06666666666666667,0.4666666666666667,0.0,0.0,0.13333333333333333,0.4,0.06666666666666667,0.13333333333333333,0.3333333333333333,0.26666666666666666,0.26666666666666666,0.6,0.3333333333333333,0.5333333333333333,0.4,0.06666666666666667,0.5333333333333333,0.4666666666666667,0.3333333333333333,0.26666666666666666,0.26666666666666666,0.0,0.4,0.6,0.5333333333333333,0.6,0.2,0.6666666666666666,0.13333333333333333,0.0,0.13333333333333333,0.4,0.4666666666666667,1.0,0.06666666666666667,0.5333333333333333,0.26666666666666666,0.0,0.0,0.0,0.0,0.3333333333333333,0.06666666666666667,0.2,0.26666666666666666,0.06666666666666667,0.06666666666666667,0.26666666666666666,0.3333333333333333,0.13333333333333333,0.6,0.06666666666666667,0.06666666666666667,0.06666666666666667,0.0,0.3333333333333333,0.0,0.6,0.2,0.6,0.3333333333333333,0.06666666666666667,0.6666666666666666,0.2,0.06666666666666667,0.3333333333333333,0.3333333333333333,0.06666666666666667,0.26666666666666666,0.06666666666666667,0.06666666666666667,0.2,0.3333333333333333,0.06666666666666667,0.06666666666666667,0.6,0.0,0.2,0.13333333333333333,"['Imperatorco', 'ECO Stake ', 'Stakecito', 'Meria', 'Interstellar Lounge ', 'Validation Cloud', '    Kingnodes ', ' Silk Nodes', '  AutoStake  StakeDrops', 'Nodeplus']"
38,Everstake,2,0,0,2,0,4,4,15,2,3,0.5,0.75,0.26666666666666666,6,0.06666666666666667,0.2,0.0,0.13333333333333333,0.13333333333333333,0.06666666666666667,0.0,0.0,0.13333333333333333,0.2,0.0,0.06666666666666667,0.0,0.06666666666666667,0.06666666666666667,0.06666666666666667,0.06666666666666667,0.0,0.13333333333333333,0.06666666666666667,0.13333333333333333,0.06666666666666667,0.06666666666666667,0.13333333333333333,0.0,0.0,0.0,0.13333333333333333,0.0,0.13333333333333333,0.13333333333333333,0.13333333333333333,0.06666666666666667,0.0,0.0,0.0,0.0,0.06666666666666667,1.0,0.0,0.06666666666666667,0.0,0.06666666666666667,0.0,0.0,0.06666666666666667,0.13333333333333333,0.26666666666666666,0.13333333333333333,0.06666666666666667,0.06666666666666667,0.0,0.06666666666666667,0.06666666666666667,0.13333333333333333,0.06666666666666667,0.06666666666666667,0.06666666666666667,0.0,0.2,0.0,0.06666666666666667,0.2,0.06666666666666667,0.06666666666666667,0.06666666666666667,0.2,0.13333333333333333,0.06666666666666667,0.06666666666666667,0.06666666666666667,0.06666666666666667,0.0,0.13333333333333333,0.06666666666666667,0.13333333333333333,0.13333333333333333,0.0,0.06666666666666667,0.06666666666666667,0.0,0.0,0.0,[]
39,Enigma,8,3,0,1,0,12,12,15,11,10,0.9166666666666666,0.8333333333333334,0.8,7,0.7333333333333333,0.13333333333333333,0.0,0.4,0.2,0.5333333333333333,0.0,0.06666666666666667,0.13333333333333333,0.6,0.06666666666666667,0.2,0.26666666666666666,0.26666666666666666,0.3333333333333333,0.6,0.4666666666666667,0.7333333333333333,0.4666666666666667,0.06666666666666667,0.5333333333333333,0.4666666666666667,0.3333333333333333,0.26666666666666666,0.3333333333333333,0.0,0.4666666666666667,0.6666666666666666,0.7333333333333333,0.5333333333333333,0.26666666666666666,0.5333333333333333,0.13333333333333333,0.0,0.13333333333333333,0.3333333333333333,0.5333333333333333,0.5333333333333333,0.0,1.0,0.3333333333333333,0.0,0.0,0.06666666666666667,0.0,0.5333333333333333,0.06666666666666667,0.26666666666666666,0.4666666666666667,0.13333333333333333,0.13333333333333333,0.26666666666666666,0.3333333333333333,0.13333333333333333,0.5333333333333333,0.2,0.06666666666666667,0.0,0.06666666666666667,0.2,0.0,0.6,0.26666666666666666,0.6,0.4,0.0,0.4666666666666667,0.13333333333333333,0.0,0.3333333333333333,0.2,0.0,0.3333333333333333,0.0,0.0,0.06666666666666667,0.2,0.26666666666666666,0.2,0.6,0.0,0.2,0.13333333333333333,"['Imperatorco', '0basevc', 'ECO Stake ', 'Informal Systems', 'Stakecito', 'polkachucom', '    Kingnodes ', ' Silk Nodes', 'Nodeplus']"
40,HashKey Cloud,6,0,0,2,0,8,8,15,6,7,0.75,0.875,0.5333333333333333,7,0.4,0.26666666666666666,0.0,0.3333333333333333,0.06666666666666667,0.5333333333333333,0.0,0.0,0.13333333333333333,0.4666666666666667,0.0,0.06666666666666667,0.06666666666666667,0.2,0.3333333333333333,0.3333333333333333,0.4,0.3333333333333333,0.4,0.13333333333333333,0.5333333333333333,0.4,0.2,0.2,0.2,0.06666666666666667,0.4,0.4666666666666667,0.3333333333333333,0.4,0.06666666666666667,0.3333333333333333,0.13333333333333333,0.0,0.13333333333333333,0.2,0.3333333333333333,0.26666666666666666,0.06666666666666667,0.3333333333333333,1.0,0.0,0.0,0.0,0.0,0.3333333333333333,0.13333333333333333,0.26666666666666666,0.4,0.06666666666666667,0.0,0.2,0.26666666666666666,0.2,0.5333333333333333,0.06666666666666667,0.06666666666666667,0.13333333333333333,0.0,0.06666666666666667,0.06666666666666667,0.4,0.3333333333333333,0.26666666666666666,0.26666666666666666,0.06666666666666667,0.26666666666666666,0.06666666666666667,0.06666666666666667,0.3333333333333333,0.26666666666666666,0.06666666666666667,0.13333333333333333,0.0,0.06666666666666667,0.06666666666666667,0.06666666666666667,0.13333333333333333,0.13333333333333333,0.26666666666666666,0.0,0.06666666666666667,0.0,[]
41, ,0,0,0,0,15,0,15,15,0,5,0.0,0.3333333333333333,0.0,1,0.0,0.06666666666666667,1.0,0.0,0.0,0.0,0.0,0.0,0.0,0.0,0.6,0.0,0.0,0.0,0.0,0.0,0.0,0.13333333333333333,0.0,0.0,0.0,0.0,0.06666666666666667,0.0,0.4666666666666667,0.0,0.0,0.0,0.0,0.0,0.0,0.0,0.0,0.26666666666666666,0.7333333333333333,0.0,0.0,0.0,0.0,0.0,0.0,1.0,0.0,0.0,0.9333333333333333,0.0,0.0,0.0,0.0,0.0,0.4666666666666667,0.0,0.0,0.0,0.0,0.0,0.8,0.0,0.0,0.0,0.0,0.0,0.0,0.13333333333333333,0.4,0.0,0.0,0.6666666666666666,0.8,0.06666666666666667,0.3333333333333333,0.0,0.0,0.0,0.6666666666666666,0.0,0.0,0.0,0.26666666666666666,0.06666666666666667,0.2,0.0,0.0,"['BHarvest', 'NodeStake', 'Blockdaemon', 'Bit Cat', 'Tan', 'Pareto', 'Sunsetting please redelegate Forbole', 'Staker Space']"
42,Validatriumcom,2,0,0,0,0,2,2,15,1,2,0.5,1.0,0.13333333333333333,2,0.0,0.13333333333333333,0.0,0.0,0.06666666666666667,0.0,0.0,0.0,0.06666666666666667,0.06666666666666667,0.0,0.0,0.0,0.06666666666666667,0.0,0.06666666666666667,0.06666666666666667,0.0,0.06666666666666667,0.0,0.06666666666666667,0.0,0.0,0.06666666666666667,0.0,0.0,0.0,0.06666666666666667,0.0,0.06666666666666667,0.06666666666666667,0.13333333333333333,0.0,0.0,0.0,0.0,0.0,0.0,0.06666666666666667,0.0,0.0,0.0,1.0,0.0,0.0,0.06666666666666667,0.06666666666666667,0.06666666666666667,0.06666666666666667,0.13333333333333333,0.06666666666666667,0.0,0.0,0.0,0.0,0.06666666666666667,0.0,0.0,0.0,0.0,0.0,0.0,0.06666666666666667,0.0,0.0,0.0,0.06666666666666667,0.06666666666666667,0.0,0.06666666666666667,0.0,0.0,0.0,0.06666666666666667,0.0,0.0,0.0,0.0,0.06666666666666667,0.06666666666666667,0.0,0.0,0.0,[]
43,DO NOT DELEGATE,0,1,0,0,0,1,1,15,1,1,1.0,1.0,0.06666666666666667,2,0.06666666666666667,0.0,0.0,0.0,0.06666666666666667,0.0,0.0,0.06666666666666667,0.0,0.06666666666666667,0.0,0.06666666666666667,0.0,0.0,0.0,0.0,0.0,0.0,0.06666666666666667,0.0,0.0,0.0,0.0,0.06666666666666667,0.0,0.0,0.0,0.0,0.06666666666666667,0.0,0.06666666666666667,0.0,0.0,0.0,0.0,0.0,0.0,0.0,0.0,0.06666666666666667,0.0,0.0,0.0,1.0,0.0,0.06666666666666667,0.0,0.0,0.0,0.0,0.0,0.0,0.0,0.0,0.0,0.06666666666666667,0.06666666666666667,0.0,0.06666666666666667,0.06666666666666667,0.0,0.06666666666666667,0.0,0.06666666666666667,0.06666666666666667,0.0,0.0,0.0,0.0,0.0,0.0,0.0,0.0,0.0,0.0,0.0,0.0,0.0,0.0,0.0,0.0,0.0,0.0,[]
44,Bit Cat,0,0,0,0,14,0,14,15,0,5,0.0,0.35714285714285715,0.0,1,0.0,0.06666666666666667,0.9333333333333333,0.0,0.0,0.0,0.0,0.0,0.0,0.0,0.6,0.0,0.0,0.0,0.0,0.0,0.0,0.13333333333333333,0.0,0.0,0.0,0.0,0.06666666666666667,0.0,0.4666666666666667,0.0,0.0,0.0,0.0,0.0,0.0,0.0,0.0,0.2,0.6666666666666666,0.0,0.0,0.0,0.0,0.0,0.0,0.9333333333333333,0.0,0.0,1.0,0.0,0.0,0.0,0.0,0.0,0.4666666666666667,0.0,0.0,0.0,0.0,0.0,0.8,0.0,0.0,0.0,0.0,0.0,0.0,0.13333333333333333,0.3333333333333333,0.0,0.0,0.6666666666666666,0.8,0.06666666666666667,0.3333333333333333,0.0,0.0,0.0,0.6666666666666666,0.0,0.0,0.0,0.26666666666666666,0.06666666666666667,0.2,0.0,0.0,"['BHarvest', 'NodeStake', 'Blockdaemon', ' ', 'Tan', 'Pareto', 'Sunsetting please redelegate Forbole', 'Staker Space']"
45,P2PORG  P2P Validator,7,6,0,2,0,15,15,15,9,9,0.6,0.6,1.0,7,0.5333333333333333,0.2,0.0,0.5333333333333333,0.4,0.4666666666666667,0.0,0.06666666666666667,0.2,0.5333333333333333,0.0,0.13333333333333333,0.2,0.4666666666666667,0.3333333333333333,0.5333333333333333,0.4666666666666667,0.5333333333333333,0.5333333333333333,0.06666666666666667,0.6666666666666666,0.4,0.26666666666666666,0.4,0.2,0.0,0.4,0.5333333333333333,0.6666666666666666,0.4666666666666667,0.4,0.4,0.13333333333333333,0.0,0.2,0.2,0.4666666666666667,0.3333333333333333,0.06666666666666667,0.5333333333333333,0.3333333333333333,0.0,0.06666666666666667,0.06666666666666667,0.0,1.0,0.13333333333333333,0.2,0.5333333333333333,0.26666666666666666,0.13333333333333333,0.2,0.26666666666666666,0.13333333333333333,0.4,0.26666666666666666,0.06666666666666667,0.0,0.06666666666666667,0.2,0.0,0.4666666666666667,0.3333333333333333,0.4666666666666667,0.4666666666666667,0.0,0.4,0.2,0.0,0.4,0.2,0.0,0.4,0.13333333333333333,0.0,0.13333333333333333,0.13333333333333333,0.13333333333333333,0.26666666666666666,0.5333333333333333,0.0,0.13333333333333333,0.06666666666666667,"['Frens ', 'polkachucom']"
46,TTT ,4,0,0,0,0,4,4,15,3,4,0.75,1.0,0.26666666666666666,7,0.13333333333333333,0.13333333333333333,0.0,0.13333333333333333,0.13333333333333333,0.13333333333333333,0.06666666666666667,0.0,0.2,0.2,0.0,0.06666666666666667,0.06666666666666667,0.13333333333333333,0.13333333333333333,0.2,0.13333333333333333,0.06666666666666667,0.2,0.2,0.2,0.13333333333333333,0.0,0.2,0.06666666666666667,0.0,0.06666666666666667,0.2,0.06666666666666667,0.26666666666666666,0.13333333333333333,0.26666666666666666,0.0,0.06666666666666667,0.0,0.06666666666666667,0.06666666666666667,0.06666666666666667,0.13333333333333333,0.06666666666666667,0.13333333333333333,0.0,0.06666666666666667,0.0,0.0,0.13333333333333333,1.0,0.2,0.13333333333333333,0.2,0.06666666666666667,0.0,0.13333333333333333,0.13333333333333333,0.13333333333333333,0.13333333333333333,0.06666666666666667,0.06666666666666667,0.0,0.06666666666666667,0.0,0.13333333333333333,0.26666666666666666,0.13333333333333333,0.06666666666666667,0.13333333333333333,0.2,0.13333333333333333,0.06666666666666667,0.13333333333333333,0.06666666666666667,0.06666666666666667,0.0,0.06666666666666667,0.06666666666666667,0.0,0.06666666666666667,0.06666666666666667,0.13333333333333333,0.13333333333333333,0.0,0.0,0.0,[]
47,coinhallorg ,7,0,0,7,0,14,14,15,5,7,0.35714285714285715,0.5,0.9333333333333333,6,0.26666666666666666,0.3333333333333333,0.0,0.2,0.2,0.4666666666666667,0.06666666666666667,0.0,0.13333333333333333,0.6,0.0,0.13333333333333333,0.06666666666666667,0.26666666666666666,0.4666666666666667,0.4,0.3333333333333333,0.26666666666666666,0.26666666666666666,0.13333333333333333,0.4,0.26666666666666666,0.5333333333333333,0.5333333333333333,0.13333333333333333,0.0,0.26666666666666666,0.3333333333333333,0.2,0.4,0.2,0.3333333333333333,0.13333333333333333,0.06666666666666667,0.06666666666666667,0.13333333333333333,0.13333333333333333,0.2,0.26666666666666666,0.26666666666666666,0.26666666666666666,0.0,0.06666666666666667,0.0,0.0,0.2,0.2,1.0,0.4666666666666667,0.2,0.13333333333333333,0.2,0.2,0.06666666666666667,0.4666666666666667,0.06666666666666667,0.06666666666666667,0.06666666666666667,0.0,0.3333333333333333,0.0,0.4,0.4666666666666667,0.13333333333333333,0.2,0.13333333333333333,0.4,0.13333333333333333,0.06666666666666667,0.26666666666666666,0.13333333333333333,0.06666666666666667,0.13333333333333333,0.13333333333333333,0.06666666666666667,0.4666666666666667,0.3333333333333333,0.13333333333333333,0.2,0.2,0.0,0.13333333333333333,0.0,['0basevc']
48,Kiln,8,2,0,5,0,15,15,15,7,8,0.4666666666666667,0.5333333333333333,1.0,6,0.4,0.26666666666666666,0.0,0.4666666666666667,0.4,0.6,0.0,0.0,0.13333333333333333,0.6666666666666666,0.06666666666666667,0.13333333333333333,0.06666666666666667,0.4,0.4666666666666667,0.4666666666666667,0.5333333333333333,0.5333333333333333,0.3333333333333333,0.06666666666666667,0.6,0.5333333333333333,0.3333333333333333,0.3333333333333333,0.26666666666666666,0.06666666666666667,0.4666666666666667,0.6,0.6,0.4,0.3333333333333333,0.4,0.13333333333333333,0.0,0.2,0.2,0.4,0.26666666666666666,0.13333333333333333,0.4666666666666667,0.4,0.0,0.06666666666666667,0.0,0.0,0.5333333333333333,0.13333333333333333,0.4666666666666667,1.0,0.3333333333333333,0.26666666666666666,0.4666666666666667,0.26666666666666666,0.13333333333333333,0.6666666666666666,0.13333333333333333,0.0,0.06666666666666667,0.0,0.13333333333333333,0.06666666666666667,0.4,0.6,0.3333333333333333,0.2,0.0,0.26666666666666666,0.13333333333333333,0.0,0.3333333333333333,0.13333333333333333,0.0,0.3333333333333333,0.2,0.0,0.26666666666666666,0.13333333333333333,0.26666666666666666,0.2,0.4,0.0,0.13333333333333333,0.13333333333333333,"['Chorus One', '0basevc', 'Frens ', 'Stakecito', 'polkachucom', 'Validation Cloud', '0 Fee until 2025  Cosmic Validator']"
49,Luganodes,6,1,0,1,0,8,8,15,3,4,0.375,0.5,0.5333333333333333,7,0.13333333333333333,0.13333333333333333,0.0,0.26666666666666666,0.2,0.13333333333333333,0.06666666666666667,0.0,0.13333333333333333,0.2,0.06666666666666667,0.0,0.06666666666666667,0.13333333333333333,0.2,0.26666666666666666,0.26666666666666666,0.13333333333333333,0.2,0.13333333333333333,0.2,0.26666666666666666,0.0,0.2,0.13333333333333333,0.0,0.13333333333333333,0.2,0.2,0.26666666666666666,0.13333333333333333,0.3333333333333333,0.0,0.06666666666666667,0.13333333333333333,0.06666666666666667,0.2,0.06666666666666667,0.06666666666666667,0.13333333333333333,0.06666666666666667,0.0,0.13333333333333333,0.0,0.0,0.26666666666666666,0.2,0.2,0.3333333333333333,1.0,0.2,0.2,0.06666666666666667,0.06666666666666667,0.2,0.13333333333333333,0.0,0.0,0.0,0.0,0.0,0.13333333333333333,0.26666666666666666,0.13333333333333333,0.0,0.06666666666666667,0.13333333333333333,0.06666666666666667,0.0,0.26666666666666666,0.06666666666666667,0.0,0.06666666666666667,0.06666666666666667,0.0,0.06666666666666667,0.06666666666666667,0.13333333333333333,0.13333333333333333,0.2,0.0,0.0,0.06666666666666667,[]
50,InfStones,4,0,0,0,7,4,11,15,2,8,0.18181818181818182,0.7272727272727273,0.26666666666666666,6,0.06666666666666667,0.06666666666666667,0.4666666666666667,0.13333333333333333,0.06666666666666667,0.06666666666666667,0.0,0.0,0.06666666666666667,0.13333333333333333,0.5333333333333333,0.06666666666666667,0.0,0.06666666666666667,0.13333333333333333,0.13333333333333333,0.13333333333333333,0.2,0.06666666666666667,0.0,0.13333333333333333,0.2,0.13333333333333333,0.06666666666666667,0.4666666666666667,0.0,0.0,0.2,0.2,0.13333333333333333,0.06666666666666667,0.13333333333333333,0.0,0.0,0.4,0.0,0.06666666666666667,0.06666666666666667,0.06666666666666667,0.13333333333333333,0.0,0.4666666666666667,0.06666666666666667,0.0,0.4666666666666667,0.13333333333333333,0.06666666666666667,0.13333333333333333,0.26666666666666666,0.2,1.0,0.13333333333333333,0.0,0.0,0.06666666666666667,0.06666666666666667,0.4666666666666667,0.0,0.0,0.0,0.0,0.06666666666666667,0.2,0.26666666666666666,0.06666666666666667,0.0,0.06666666666666667,0.4,0.4666666666666667,0.0,0.2,0.0,0.13333333333333333,0.06666666666666667,0.4666666666666667,0.0,0.0,0.13333333333333333,0.3333333333333333,0.2,0.13333333333333333,0.0,0.06666666666666667,[]
51,CEXIO Validator,5,1,0,4,0,10,10,15,5,5,0.5,0.5,0.6666666666666666,7,0.3333333333333333,0.13333333333333333,0.0,0.26666666666666666,0.06666666666666667,0.26666666666666666,0.0,0.0,0.0,0.26666666666666666,0.06666666666666667,0.0,0.06666666666666667,0.2,0.26666666666666666,0.3333333333333333,0.4,0.26666666666666666,0.2,0.0,0.3333333333333333,0.4,0.06666666666666667,0.2,0.2,0.0,0.3333333333333333,0.26666666666666666,0.3333333333333333,0.3333333333333333,0.13333333333333333,0.26666666666666666,0.06666666666666667,0.0,0.2,0.26666666666666666,0.26666666666666666,0.26666666666666666,0.0,0.26666666666666666,0.2,0.0,0.0,0.0,0.0,0.2,0.0,0.2,0.4666666666666667,0.2,0.13333333333333333,1.0,0.13333333333333333,0.0,0.4,0.0,0.0,0.0,0.0,0.13333333333333333,0.0,0.26666666666666666,0.26666666666666666,0.13333333333333333,0.13333333333333333,0.0,0.2,0.0,0.0,0.2,0.13333333333333333,0.0,0.2,0.0,0.0,0.26666666666666666,0.13333333333333333,0.13333333333333333,0.06666666666666667,0.26666666666666666,0.0,0.13333333333333333,0.06666666666666667,[]
52,Ex Machina,3,3,0,3,0,9,9,15,7,7,0.7777777777777778,0.7777777777777778,0.6,4,0.5333333333333333,0.06666666666666667,0.0,0.26666666666666666,0.13333333333333333,0.4,0.0,0.0,0.2,0.3333333333333333,0.0,0.13333333333333333,0.26666666666666666,0.26666666666666666,0.26666666666666666,0.3333333333333333,0.2,0.4,0.26666666666666666,0.13333333333333333,0.4666666666666667,0.3333333333333333,0.2,0.3333333333333333,0.4,0.06666666666666667,0.3333333333333333,0.4,0.3333333333333333,0.3333333333333333,0.26666666666666666,0.3333333333333333,0.2,0.0,0.0,0.26666666666666666,0.2,0.3333333333333333,0.06666666666666667,0.3333333333333333,0.26666666666666666,0.0,0.0,0.0,0.0,0.26666666666666666,0.13333333333333333,0.2,0.26666666666666666,0.06666666666666667,0.0,0.13333333333333333,1.0,0.3333333333333333,0.4666666666666667,0.13333333333333333,0.06666666666666667,0.13333333333333333,0.0,0.26666666666666666,0.06666666666666667,0.4666666666666667,0.13333333333333333,0.26666666666666666,0.2,0.06666666666666667,0.3333333333333333,0.13333333333333333,0.06666666666666667,0.3333333333333333,0.06666666666666667,0.06666666666666667,0.13333333333333333,0.0,0.06666666666666667,0.13333333333333333,0.4,0.13333333333333333,0.2,0.4,0.0,0.26666666666666666,0.06666666666666667,[]
53,purple fog,2,2,0,1,0,5,5,15,3,4,0.6,0.8,0.3333333333333333,0,0.26666666666666666,0.06666666666666667,0.0,0.13333333333333333,0.06666666666666667,0.26666666666666666,0.0,0.0,0.2,0.13333333333333333,0.0,0.06666666666666667,0.13333333333333333,0.13333333333333333,0.2,0.13333333333333333,0.13333333333333333,0.2,0.2,0.13333333333333333,0.26666666666666666,0.26666666666666666,0.13333333333333333,0.2,0.2,0.06666666666666667,0.2,0.26666666666666666,0.2,0.2,0.06666666666666667,0.13333333333333333,0.2,0.0,0.0,0.13333333333333333,0.06666666666666667,0.13333333333333333,0.06666666666666667,0.13333333333333333,0.2,0.0,0.0,0.0,0.0,0.13333333333333333,0.13333333333333333,0.06666666666666667,0.13333333333333333,0.06666666666666667,0.0,0.0,0.3333333333333333,1.0,0.2,0.13333333333333333,0.06666666666666667,0.13333333333333333,0.0,0.06666666666666667,0.06666666666666667,0.2,0.13333333333333333,0.2,0.06666666666666667,0.06666666666666667,0.13333333333333333,0.06666666666666667,0.06666666666666667,0.2,0.06666666666666667,0.06666666666666667,0.0,0.0,0.06666666666666667,0.0,0.2,0.06666666666666667,0.13333333333333333,0.13333333333333333,0.0,0.0,0.0,[]
54,Validation Cloud,7,1,0,7,0,15,15,15,10,12,0.6666666666666666,0.8,1.0,2,0.6666666666666666,0.26666666666666666,0.0,0.6,0.26666666666666666,0.7333333333333333,0.0,0.0,0.13333333333333333,0.7333333333333333,0.06666666666666667,0.13333333333333333,0.26666666666666666,0.3333333333333333,0.4666666666666667,0.5333333333333333,0.5333333333333333,0.5333333333333333,0.4,0.13333333333333333,0.6666666666666666,0.6,0.3333333333333333,0.4,0.4,0.06666666666666667,0.6,0.6,0.4666666666666667,0.5333333333333333,0.3333333333333333,0.6,0.13333333333333333,0.0,0.13333333333333333,0.3333333333333333,0.4666666666666667,0.6,0.13333333333333333,0.5333333333333333,0.5333333333333333,0.0,0.0,0.0,0.0,0.4,0.13333333333333333,0.4666666666666667,0.6666666666666666,0.2,0.06666666666666667,0.4,0.4666666666666667,0.2,1.0,0.06666666666666667,0.06666666666666667,0.13333333333333333,0.0,0.4,0.06666666666666667,0.7333333333333333,0.4,0.4666666666666667,0.3333333333333333,0.06666666666666667,0.4666666666666667,0.13333333333333333,0.06666666666666667,0.4666666666666667,0.26666666666666666,0.06666666666666667,0.2,0.06666666666666667,0.06666666666666667,0.4,0.3333333333333333,0.2,0.13333333333333333,0.5333333333333333,0.0,0.26666666666666666,0.13333333333333333,"['Imperatorco', 'Provalidator', 'Chorus One', '0basevc', 'Frens ', 'Cosmostation', 'Keplr', 'Stakecito', 'Interstellar Lounge ', 'Allnodes', 'Kiln', '    Kingnodes ']"
55,Smart Stake   5 max,2,2,0,1,0,5,5,15,4,3,0.8,0.6,0.3333333333333333,0,0.2,0.06666666666666667,0.0,0.06666666666666667,0.2,0.13333333333333333,0.0,0.06666666666666667,0.2,0.2,0.0,0.06666666666666667,0.13333333333333333,0.2,0.13333333333333333,0.2,0.2,0.13333333333333333,0.26666666666666666,0.06666666666666667,0.2,0.13333333333333333,0.06666666666666667,0.26666666666666666,0.13333333333333333,0.0,0.13333333333333333,0.2,0.2,0.2,0.2,0.13333333333333333,0.06666666666666667,0.0,0.0,0.06666666666666667,0.06666666666666667,0.06666666666666667,0.06666666666666667,0.2,0.06666666666666667,0.0,0.06666666666666667,0.06666666666666667,0.0,0.26666666666666666,0.13333333333333333,0.06666666666666667,0.13333333333333333,0.13333333333333333,0.06666666666666667,0.0,0.13333333333333333,0.13333333333333333,0.06666666666666667,1.0,0.06666666666666667,0.0,0.06666666666666667,0.06666666666666667,0.0,0.2,0.13333333333333333,0.2,0.06666666666666667,0.0,0.13333333333333333,0.06666666666666667,0.0,0.06666666666666667,0.0,0.0,0.0,0.06666666666666667,0.0,0.06666666666666667,0.06666666666666667,0.06666666666666667,0.2,0.2,0.0,0.0,0.0,[]
56,Tan,1,1,0,0,12,2,14,15,2,3,0.14285714285714285,0.21428571428571427,0.13333333333333333,4,0.13333333333333333,0.06666666666666667,0.8,0.06666666666666667,0.06666666666666667,0.06666666666666667,0.0,0.06666666666666667,0.06666666666666667,0.13333333333333333,0.6,0.13333333333333333,0.0,0.0,0.06666666666666667,0.0,0.0,0.06666666666666667,0.13333333333333333,0.06666666666666667,0.06666666666666667,0.06666666666666667,0.06666666666666667,0.13333333333333333,0.4,0.0,0.0,0.06666666666666667,0.06666666666666667,0.06666666666666667,0.06666666666666667,0.06666666666666667,0.0,0.13333333333333333,0.5333333333333333,0.0,0.0,0.06666666666666667,0.06666666666666667,0.06666666666666667,0.06666666666666667,0.8,0.0,0.06666666666666667,0.8,0.06666666666666667,0.06666666666666667,0.06666666666666667,0.0,0.0,0.4666666666666667,0.0,0.06666666666666667,0.06666666666666667,0.06666666666666667,0.06666666666666667,1.0,0.06666666666666667,0.06666666666666667,0.13333333333333333,0.0,0.13333333333333333,0.06666666666666667,0.26666666666666666,0.4666666666666667,0.06666666666666667,0.06666666666666667,0.6666666666666666,0.8,0.06666666666666667,0.3333333333333333,0.06666666666666667,0.0,0.0,0.7333333333333333,0.0,0.06666666666666667,0.0,0.26666666666666666,0.06666666666666667,0.2,0.0,0.0,"['BHarvest', 'NodeStake', ' ', 'Bit Cat', 'Pareto', 'Sunsetting please redelegate Forbole', 'Staker Space']"
57,StakeCraft,1,0,0,1,0,2,2,15,1,2,0.5,1.0,0.13333333333333333,5,0.06666666666666667,0.06666666666666667,0.0,0.06666666666666667,0.0,0.13333333333333333,0.0,0.0,0.06666666666666667,0.06666666666666667,0.0,0.06666666666666667,0.0,0.0,0.06666666666666667,0.0,0.0,0.0,0.06666666666666667,0.06666666666666667,0.13333333333333333,0.13333333333333333,0.06666666666666667,0.06666666666666667,0.06666666666666667,0.06666666666666667,0.06666666666666667,0.13333333333333333,0.0,0.06666666666666667,0.0,0.06666666666666667,0.06666666666666667,0.0,0.0,0.0,0.0,0.06666666666666667,0.06666666666666667,0.0,0.13333333333333333,0.0,0.0,0.0,0.0,0.0,0.06666666666666667,0.06666666666666667,0.06666666666666667,0.0,0.0,0.0,0.13333333333333333,0.13333333333333333,0.13333333333333333,0.0,0.06666666666666667,1.0,0.0,0.06666666666666667,0.06666666666666667,0.06666666666666667,0.06666666666666667,0.06666666666666667,0.06666666666666667,0.06666666666666667,0.06666666666666667,0.06666666666666667,0.06666666666666667,0.06666666666666667,0.06666666666666667,0.06666666666666667,0.0,0.0,0.06666666666666667,0.0,0.06666666666666667,0.0,0.0,0.0,0.0,0.0,0.0,[]
58,Decommissioned  Delegate Away,0,1,0,0,0,1,1,15,1,1,1.0,1.0,0.06666666666666667,2,0.06666666666666667,0.0,0.0,0.0,0.06666666666666667,0.0,0.0,0.06666666666666667,0.0,0.06666666666666667,0.0,0.06666666666666667,0.0,0.0,0.0,0.0,0.0,0.0,0.06666666666666667,0.0,0.0,0.0,0.0,0.06666666666666667,0.0,0.0,0.0,0.0,0.06666666666666667,0.0,0.06666666666666667,0.0,0.0,0.0,0.0,0.0,0.0,0.0,0.0,0.06666666666666667,0.0,0.0,0.0,0.06666666666666667,0.0,0.06666666666666667,0.0,0.0,0.0,0.0,0.0,0.0,0.0,0.0,0.0,0.06666666666666667,0.06666666666666667,0.0,1.0,0.06666666666666667,0.0,0.06666666666666667,0.0,0.06666666666666667,0.06666666666666667,0.0,0.0,0.0,0.0,0.0,0.0,0.0,0.0,0.0,0.0,0.0,0.0,0.0,0.0,0.0,0.0,0.0,0.0,[]
59,CryptoCrew X Defi Dojo,1,6,0,8,0,15,15,15,5,6,0.3333333333333333,0.4,1.0,4,0.3333333333333333,0.13333333333333333,0.0,0.3333333333333333,0.4,0.26666666666666666,0.0,0.06666666666666667,0.06666666666666667,0.3333333333333333,0.0,0.2,0.2,0.26666666666666666,0.26666666666666666,0.13333333333333333,0.0,0.13333333333333333,0.13333333333333333,0.06666666666666667,0.26666666666666666,0.13333333333333333,0.3333333333333333,0.4666666666666667,0.13333333333333333,0.0,0.26666666666666666,0.13333333333333333,0.13333333333333333,0.13333333333333333,0.6666666666666666,0.3333333333333333,0.13333333333333333,0.0,0.0,0.13333333333333333,0.06666666666666667,0.3333333333333333,0.2,0.2,0.06666666666666667,0.0,0.0,0.06666666666666667,0.0,0.2,0.06666666666666667,0.3333333333333333,0.13333333333333333,0.0,0.0,0.13333333333333333,0.26666666666666666,0.06666666666666667,0.4,0.06666666666666667,0.13333333333333333,0.06666666666666667,0.06666666666666667,1.0,0.0,0.4,0.13333333333333333,0.26666666666666666,0.3333333333333333,0.06666666666666667,0.3333333333333333,0.13333333333333333,0.06666666666666667,0.2,0.06666666666666667,0.06666666666666667,0.06666666666666667,0.06666666666666667,0.06666666666666667,0.5333333333333333,0.3333333333333333,0.0,0.06666666666666667,0.2,0.0,0.2,0.13333333333333333,['PRO Delegators']
60,Orbital Command,0,0,0,1,0,1,1,15,0,1,0.0,1.0,0.06666666666666667,6,0.0,0.0,0.0,0.0,0.0,0.06666666666666667,0.0,0.0,0.0,0.0,0.0,0.0,0.0,0.0,0.0,0.0,0.0,0.0,0.0,0.0,0.06666666666666667,0.06666666666666667,0.06666666666666667,0.0,0.06666666666666667,0.06666666666666667,0.06666666666666667,0.06666666666666667,0.0,0.0,0.0,0.0,0.06666666666666667,0.0,0.0,0.0,0.0,0.0,0.0,0.0,0.06666666666666667,0.0,0.0,0.0,0.0,0.0,0.0,0.0,0.06666666666666667,0.0,0.0,0.0,0.06666666666666667,0.06666666666666667,0.06666666666666667,0.0,0.0,0.06666666666666667,0.0,0.0,1.0,0.0,0.0,0.0,0.0,0.0,0.0,0.0,0.0,0.0,0.0,0.0,0.0,0.0,0.0,0.0,0.0,0.0,0.0,0.0,0.0,0.0,0.0,[]
61,    Kingnodes ,6,3,0,5,0,14,14,15,11,9,0.7857142857142857,0.6428571428571429,0.9333333333333333,4,0.7333333333333333,0.2,0.0,0.4666666666666667,0.2,0.6,0.0,0.06666666666666667,0.2,0.6,0.06666666666666667,0.2,0.3333333333333333,0.3333333333333333,0.4666666666666667,0.5333333333333333,0.4666666666666667,0.5333333333333333,0.4666666666666667,0.13333333333333333,0.6,0.4666666666666667,0.4,0.5333333333333333,0.4,0.0,0.4666666666666667,0.5333333333333333,0.5333333333333333,0.5333333333333333,0.3333333333333333,0.5333333333333333,0.06666666666666667,0.0,0.06666666666666667,0.26666666666666666,0.4,0.6,0.06666666666666667,0.6,0.4,0.0,0.0,0.06666666666666667,0.0,0.4666666666666667,0.13333333333333333,0.4,0.4,0.13333333333333333,0.06666666666666667,0.26666666666666666,0.4666666666666667,0.2,0.7333333333333333,0.2,0.13333333333333333,0.06666666666666667,0.06666666666666667,0.4,0.0,1.0,0.26666666666666666,0.5333333333333333,0.3333333333333333,0.06666666666666667,0.4666666666666667,0.13333333333333333,0.06666666666666667,0.3333333333333333,0.2,0.06666666666666667,0.13333333333333333,0.0,0.06666666666666667,0.3333333333333333,0.4,0.2,0.2,0.5333333333333333,0.0,0.26666666666666666,0.13333333333333333,"['Imperatorco', 'Chorus One', '0basevc', 'Frens ', 'Allnodes', 'Enigma', 'Validation Cloud']"
62,0 Fee until 2025  Cosmic Validator,8,0,0,3,0,11,11,15,5,7,0.45454545454545453,0.6363636363636364,0.7333333333333333,0,0.26666666666666666,0.3333333333333333,0.0,0.3333333333333333,0.2,0.4,0.06666666666666667,0.0,0.2,0.5333333333333333,0.0,0.13333333333333333,0.06666666666666667,0.3333333333333333,0.4,0.3333333333333333,0.3333333333333333,0.26666666666666666,0.3333333333333333,0.2,0.4666666666666667,0.3333333333333333,0.2,0.3333333333333333,0.06666666666666667,0.0,0.2,0.4,0.3333333333333333,0.4,0.2,0.4,0.06666666666666667,0.06666666666666667,0.2,0.2,0.2,0.2,0.2,0.26666666666666666,0.3333333333333333,0.0,0.06666666666666667,0.0,0.0,0.3333333333333333,0.26666666666666666,0.4666666666666667,0.6,0.26666666666666666,0.2,0.26666666666666666,0.13333333333333333,0.13333333333333333,0.4,0.13333333333333333,0.06666666666666667,0.06666666666666667,0.0,0.13333333333333333,0.0,0.26666666666666666,1.0,0.26666666666666666,0.13333333333333333,0.13333333333333333,0.3333333333333333,0.13333333333333333,0.06666666666666667,0.2,0.2,0.06666666666666667,0.2,0.13333333333333333,0.06666666666666667,0.2,0.06666666666666667,0.13333333333333333,0.13333333333333333,0.2,0.0,0.0,0.0,['Kiln']
63, Silk Nodes,7,5,0,1,2,13,15,15,9,9,0.6,0.6,0.8666666666666667,4,0.6,0.13333333333333333,0.13333333333333333,0.4666666666666667,0.2,0.6,0.0,0.06666666666666667,0.2,0.4666666666666667,0.2,0.26666666666666666,0.26666666666666666,0.2,0.3333333333333333,0.4,0.3333333333333333,0.6,0.4666666666666667,0.13333333333333333,0.4666666666666667,0.5333333333333333,0.26666666666666666,0.26666666666666666,0.3333333333333333,0.0,0.4,0.6666666666666666,0.6,0.5333333333333333,0.2,0.4666666666666667,0.13333333333333333,0.0,0.13333333333333333,0.2,0.4666666666666667,0.6,0.06666666666666667,0.6,0.26666666666666666,0.13333333333333333,0.0,0.06666666666666667,0.13333333333333333,0.4666666666666667,0.13333333333333333,0.13333333333333333,0.3333333333333333,0.13333333333333333,0.26666666666666666,0.13333333333333333,0.26666666666666666,0.2,0.4666666666666667,0.2,0.26666666666666666,0.06666666666666667,0.06666666666666667,0.26666666666666666,0.0,0.5333333333333333,0.26666666666666666,1.0,0.4666666666666667,0.06666666666666667,0.4,0.3333333333333333,0.2,0.4,0.26666666666666666,0.06666666666666667,0.26666666666666666,0.0,0.2,0.06666666666666667,0.2,0.26666666666666666,0.26666666666666666,0.5333333333333333,0.0,0.06666666666666667,0.13333333333333333,"['Imperatorco', 'Chorus One', 'Informal Systems', 'Stakecito', 'polkachucom', 'Allnodes', 'Enigma']"
64,  RHINO,5,2,0,2,6,9,15,15,7,8,0.4666666666666667,0.5333333333333333,0.6,4,0.4666666666666667,0.13333333333333333,0.4,0.4,0.2,0.4,0.0,0.06666666666666667,0.06666666666666667,0.4,0.2,0.2,0.06666666666666667,0.2,0.13333333333333333,0.26666666666666666,0.2,0.4,0.3333333333333333,0.06666666666666667,0.4666666666666667,0.26666666666666666,0.13333333333333333,0.26666666666666666,0.13333333333333333,0.0,0.3333333333333333,0.4,0.4,0.3333333333333333,0.13333333333333333,0.3333333333333333,0.13333333333333333,0.2,0.3333333333333333,0.13333333333333333,0.3333333333333333,0.3333333333333333,0.06666666666666667,0.4,0.26666666666666666,0.4,0.0,0.06666666666666667,0.3333333333333333,0.4666666666666667,0.06666666666666667,0.2,0.2,0.0,0.06666666666666667,0.13333333333333333,0.2,0.06666666666666667,0.3333333333333333,0.06666666666666667,0.4666666666666667,0.06666666666666667,0.06666666666666667,0.3333333333333333,0.0,0.3333333333333333,0.13333333333333333,0.4666666666666667,1.0,0.06666666666666667,0.3333333333333333,0.4666666666666667,0.3333333333333333,0.4,0.2,0.06666666666666667,0.26666666666666666,0.0,0.26666666666666666,0.13333333333333333,0.13333333333333333,0.06666666666666667,0.2,0.3333333333333333,0.0,0.13333333333333333,0.06666666666666667,[]
65,LTP,2,0,0,0,0,2,2,15,1,1,0.5,0.5,0.13333333333333333,2,0.06666666666666667,0.06666666666666667,0.0,0.06666666666666667,0.0,0.06666666666666667,0.06666666666666667,0.0,0.06666666666666667,0.06666666666666667,0.0,0.06666666666666667,0.0,0.0,0.06666666666666667,0.06666666666666667,0.0,0.0,0.06666666666666667,0.13333333333333333,0.06666666666666667,0.06666666666666667,0.0,0.06666666666666667,0.0,0.0,0.0,0.06666666666666667,0.0,0.13333333333333333,0.0,0.13333333333333333,0.0,0.06666666666666667,0.0,0.0,0.0,0.06666666666666667,0.06666666666666667,0.0,0.06666666666666667,0.0,0.0,0.0,0.0,0.0,0.13333333333333333,0.13333333333333333,0.0,0.06666666666666667,0.0,0.0,0.06666666666666667,0.06666666666666667,0.06666666666666667,0.0,0.06666666666666667,0.06666666666666667,0.0,0.06666666666666667,0.0,0.06666666666666667,0.13333333333333333,0.06666666666666667,0.06666666666666667,1.0,0.13333333333333333,0.06666666666666667,0.06666666666666667,0.06666666666666667,0.06666666666666667,0.06666666666666667,0.0,0.0,0.06666666666666667,0.0,0.06666666666666667,0.0,0.0,0.0,0.0,0.0,0.0,[]
66,  AutoStake  StakeDrops,8,2,0,3,0,13,13,15,11,10,0.8461538461538461,0.7692307692307693,0.8666666666666667,4,0.6666666666666666,0.3333333333333333,0.0,0.3333333333333333,0.13333333333333333,0.4,0.06666666666666667,0.0,0.2,0.4666666666666667,0.0,0.13333333333333333,0.26666666666666666,0.3333333333333333,0.2,0.6666666666666666,0.3333333333333333,0.4666666666666667,0.4666666666666667,0.13333333333333333,0.6,0.3333333333333333,0.3333333333333333,0.3333333333333333,0.2,0.0,0.3333333333333333,0.6,0.4666666666666667,0.6666666666666666,0.26666666666666666,0.7333333333333333,0.2,0.06666666666666667,0.13333333333333333,0.4,0.4,0.6666666666666666,0.2,0.4666666666666667,0.26666666666666666,0.0,0.06666666666666667,0.0,0.0,0.4,0.2,0.4,0.26666666666666666,0.13333333333333333,0.06666666666666667,0.2,0.3333333333333333,0.13333333333333333,0.4666666666666667,0.13333333333333333,0.06666666666666667,0.06666666666666667,0.0,0.3333333333333333,0.0,0.4666666666666667,0.3333333333333333,0.4,0.3333333333333333,0.13333333333333333,1.0,0.26666666666666666,0.06666666666666667,0.3333333333333333,0.3333333333333333,0.06666666666666667,0.26666666666666666,0.06666666666666667,0.06666666666666667,0.2,0.4,0.0,0.13333333333333333,0.6,0.0,0.2,0.06666666666666667,"['Imperatorco', 'ECO Stake ', 'Frens ', 'Stakecito', 'Meria', 'Interstellar Lounge ', 'Allnodes', 'Nodeplus']"
67,Pareto,3,1,0,0,10,4,14,15,4,5,0.2857142857142857,0.35714285714285715,0.26666666666666666,4,0.2,0.2,0.6666666666666666,0.13333333333333333,0.13333333333333333,0.13333333333333333,0.0,0.0,0.13333333333333333,0.2,0.4666666666666667,0.13333333333333333,0.06666666666666667,0.06666666666666667,0.06666666666666667,0.13333333333333333,0.06666666666666667,0.26666666666666666,0.13333333333333333,0.06666666666666667,0.26666666666666666,0.06666666666666667,0.13333333333333333,0.13333333333333333,0.26666666666666666,0.0,0.06666666666666667,0.26666666666666666,0.13333333333333333,0.2,0.13333333333333333,0.26666666666666666,0.0,0.06666666666666667,0.4,0.06666666666666667,0.13333333333333333,0.2,0.13333333333333333,0.13333333333333333,0.06666666666666667,0.6666666666666666,0.06666666666666667,0.0,0.6666666666666666,0.2,0.13333333333333333,0.13333333333333333,0.13333333333333333,0.06666666666666667,0.4,0.0,0.13333333333333333,0.06666666666666667,0.13333333333333333,0.06666666666666667,0.6666666666666666,0.06666666666666667,0.0,0.13333333333333333,0.0,0.13333333333333333,0.13333333333333333,0.3333333333333333,0.4666666666666667,0.06666666666666667,0.26666666666666666,1.0,0.7333333333333333,0.2,0.26666666666666666,0.06666666666666667,0.13333333333333333,0.06666666666666667,0.6,0.0,0.13333333333333333,0.0,0.26666666666666666,0.26666666666666666,0.13333333333333333,0.06666666666666667,0.06666666666666667,"['BHarvest', ' ', 'Bit Cat', 'Tan', 'Sunsetting please redelegate Forbole', 'Staker Space']"
68,Sunsetting please redelegate Forbole,1,0,0,0,12,1,13,15,1,2,0.07692307692307693,0.15384615384615385,0.06666666666666667,4,0.06666666666666667,0.13333333333333333,0.8,0.06666666666666667,0.0,0.06666666666666667,0.0,0.0,0.06666666666666667,0.06666666666666667,0.6,0.06666666666666667,0.0,0.0,0.06666666666666667,0.0,0.0,0.13333333333333333,0.06666666666666667,0.06666666666666667,0.06666666666666667,0.06666666666666667,0.06666666666666667,0.06666666666666667,0.4,0.0,0.0,0.06666666666666667,0.0,0.06666666666666667,0.0,0.06666666666666667,0.0,0.06666666666666667,0.5333333333333333,0.0,0.0,0.06666666666666667,0.06666666666666667,0.0,0.06666666666666667,0.8,0.0,0.0,0.8,0.0,0.06666666666666667,0.06666666666666667,0.0,0.0,0.4666666666666667,0.0,0.06666666666666667,0.06666666666666667,0.06666666666666667,0.0,0.8,0.06666666666666667,0.0,0.06666666666666667,0.0,0.06666666666666667,0.06666666666666667,0.2,0.3333333333333333,0.06666666666666667,0.06666666666666667,0.7333333333333333,1.0,0.13333333333333333,0.4,0.06666666666666667,0.0,0.0,0.7333333333333333,0.0,0.06666666666666667,0.0,0.26666666666666666,0.06666666666666667,0.2,0.0,0.0,"['BHarvest', 'NodeStake', ' ', 'Bit Cat', 'Tan', 'Pareto', 'Staker Space']"
69,Crypto Learning Club  dYdX Validator,7,5,0,2,1,14,15,15,7,8,0.4666666666666667,0.5333333333333333,0.9333333333333333,4,0.5333333333333333,0.26666666666666666,0.06666666666666667,0.5333333333333333,0.2,0.6,0.0,0.0,0.13333333333333333,0.4666666666666667,0.0,0.13333333333333333,0.06666666666666667,0.2,0.26666666666666666,0.3333333333333333,0.3333333333333333,0.4666666666666667,0.5333333333333333,0.13333333333333333,0.4666666666666667,0.4666666666666667,0.06666666666666667,0.26666666666666666,0.13333333333333333,0.0,0.4666666666666667,0.5333333333333333,0.4666666666666667,0.4666666666666667,0.2,0.4666666666666667,0.2,0.0,0.2,0.26666666666666666,0.5333333333333333,0.3333333333333333,0.06666666666666667,0.3333333333333333,0.3333333333333333,0.06666666666666667,0.06666666666666667,0.0,0.06666666666666667,0.4,0.13333333333333333,0.26666666666666666,0.3333333333333333,0.26666666666666666,0.0,0.2,0.3333333333333333,0.2,0.4666666666666667,0.06666666666666667,0.06666666666666667,0.06666666666666667,0.0,0.2,0.0,0.3333333333333333,0.2,0.4,0.4,0.06666666666666667,0.3333333333333333,0.2,0.13333333333333333,1.0,0.4666666666666667,0.06666666666666667,0.3333333333333333,0.0,0.06666666666666667,0.13333333333333333,0.26666666666666666,0.2,0.2,0.4,0.0,0.13333333333333333,0.06666666666666667,['Chorus One']
70,Cosmic Nexus,5,2,0,0,5,7,12,15,5,4,0.4166666666666667,0.3333333333333333,0.4666666666666667,4,0.3333333333333333,0.26666666666666666,0.3333333333333333,0.3333333333333333,0.0,0.3333333333333333,0.0,0.0,0.06666666666666667,0.26666666666666666,0.2,0.06666666666666667,0.0,0.06666666666666667,0.13333333333333333,0.26666666666666666,0.2,0.26666666666666666,0.4666666666666667,0.06666666666666667,0.26666666666666666,0.26666666666666666,0.06666666666666667,0.06666666666666667,0.13333333333333333,0.0,0.2,0.4,0.26666666666666666,0.4,0.0,0.3333333333333333,0.06666666666666667,0.0,0.5333333333333333,0.2,0.4,0.3333333333333333,0.06666666666666667,0.2,0.26666666666666666,0.3333333333333333,0.0,0.0,0.3333333333333333,0.2,0.06666666666666667,0.13333333333333333,0.13333333333333333,0.06666666666666667,0.2,0.13333333333333333,0.06666666666666667,0.06666666666666667,0.26666666666666666,0.0,0.3333333333333333,0.06666666666666667,0.0,0.06666666666666667,0.0,0.2,0.2,0.26666666666666666,0.2,0.06666666666666667,0.3333333333333333,0.26666666666666666,0.4,0.4666666666666667,1.0,0.06666666666666667,0.13333333333333333,0.0,0.3333333333333333,0.0,0.06666666666666667,0.06666666666666667,0.06666666666666667,0.2,0.13333333333333333,0.0,0.0,[]
71,BwareLabs,1,0,0,0,0,1,1,15,1,1,1.0,1.0,0.06666666666666667,6,0.06666666666666667,0.06666666666666667,0.0,0.06666666666666667,0.0,0.06666666666666667,0.0,0.0,0.06666666666666667,0.06666666666666667,0.0,0.06666666666666667,0.0,0.0,0.06666666666666667,0.0,0.0,0.0,0.06666666666666667,0.06666666666666667,0.06666666666666667,0.06666666666666667,0.0,0.06666666666666667,0.0,0.0,0.0,0.06666666666666667,0.0,0.06666666666666667,0.0,0.06666666666666667,0.0,0.0,0.0,0.0,0.0,0.06666666666666667,0.06666666666666667,0.0,0.06666666666666667,0.0,0.0,0.0,0.0,0.0,0.06666666666666667,0.06666666666666667,0.0,0.0,0.0,0.0,0.06666666666666667,0.06666666666666667,0.06666666666666667,0.0,0.06666666666666667,0.06666666666666667,0.0,0.06666666666666667,0.0,0.06666666666666667,0.06666666666666667,0.06666666666666667,0.06666666666666667,0.06666666666666667,0.06666666666666667,0.06666666666666667,0.06666666666666667,0.06666666666666667,0.06666666666666667,1.0,0.0,0.0,0.06666666666666667,0.0,0.06666666666666667,0.0,0.0,0.0,0.0,0.0,0.0,[]
72,DragonStake ,6,3,0,0,0,9,9,15,5,5,0.5555555555555556,0.5555555555555556,0.6,4,0.3333333333333333,0.06666666666666667,0.0,0.3333333333333333,0.06666666666666667,0.26666666666666666,0.0,0.0,0.0,0.26666666666666666,0.0,0.13333333333333333,0.06666666666666667,0.06666666666666667,0.2,0.26666666666666666,0.13333333333333333,0.3333333333333333,0.2,0.0,0.3333333333333333,0.3333333333333333,0.13333333333333333,0.0,0.06666666666666667,0.0,0.2,0.4,0.4666666666666667,0.26666666666666666,0.2,0.26666666666666666,0.06666666666666667,0.0,0.13333333333333333,0.2,0.3333333333333333,0.26666666666666666,0.0,0.3333333333333333,0.13333333333333333,0.0,0.0,0.0,0.0,0.4,0.0,0.13333333333333333,0.3333333333333333,0.06666666666666667,0.13333333333333333,0.2,0.13333333333333333,0.0,0.2,0.0,0.0,0.0,0.0,0.06666666666666667,0.0,0.13333333333333333,0.2,0.26666666666666666,0.26666666666666666,0.0,0.26666666666666666,0.13333333333333333,0.0,0.3333333333333333,0.13333333333333333,0.0,1.0,0.0,0.0,0.0,0.06666666666666667,0.13333333333333333,0.06666666666666667,0.3333333333333333,0.0,0.13333333333333333,0.06666666666666667,[]
73,StableLab,1,2,0,1,0,4,4,15,1,1,0.25,0.25,0.26666666666666666,0,0.0,0.06666666666666667,0.0,0.06666666666666667,0.2,0.0,0.0,0.0,0.06666666666666667,0.13333333333333333,0.0,0.0,0.0,0.13333333333333333,0.0,0.13333333333333333,0.06666666666666667,0.06666666666666667,0.06666666666666667,0.0,0.06666666666666667,0.0,0.06666666666666667,0.06666666666666667,0.0,0.0,0.0,0.06666666666666667,0.06666666666666667,0.06666666666666667,0.2,0.06666666666666667,0.0,0.0,0.0,0.0,0.0,0.06666666666666667,0.13333333333333333,0.0,0.0,0.0,0.06666666666666667,0.0,0.0,0.13333333333333333,0.06666666666666667,0.13333333333333333,0.2,0.06666666666666667,0.06666666666666667,0.0,0.0,0.0,0.06666666666666667,0.06666666666666667,0.0,0.0,0.0,0.06666666666666667,0.0,0.0,0.13333333333333333,0.0,0.0,0.0,0.06666666666666667,0.06666666666666667,0.0,0.0,0.0,0.0,0.0,1.0,0.0,0.06666666666666667,0.0,0.0,0.06666666666666667,0.06666666666666667,0.0,0.0,0.0,[]
74,Staker Space,1,0,0,0,10,1,11,15,1,6,0.09090909090909091,0.5454545454545454,0.06666666666666667,6,0.06666666666666667,0.06666666666666667,0.6666666666666666,0.06666666666666667,0.0,0.06666666666666667,0.0,0.0,0.06666666666666667,0.06666666666666667,0.6,0.06666666666666667,0.0,0.0,0.06666666666666667,0.0,0.0,0.06666666666666667,0.06666666666666667,0.06666666666666667,0.06666666666666667,0.06666666666666667,0.06666666666666667,0.06666666666666667,0.4,0.0,0.0,0.06666666666666667,0.0,0.06666666666666667,0.0,0.06666666666666667,0.0,0.0,0.4,0.0,0.0,0.06666666666666667,0.06666666666666667,0.0,0.06666666666666667,0.6666666666666666,0.0,0.0,0.6666666666666666,0.0,0.06666666666666667,0.06666666666666667,0.0,0.0,0.4666666666666667,0.0,0.06666666666666667,0.06666666666666667,0.06666666666666667,0.0,0.7333333333333333,0.06666666666666667,0.0,0.06666666666666667,0.0,0.06666666666666667,0.06666666666666667,0.2,0.26666666666666666,0.06666666666666667,0.06666666666666667,0.6,0.7333333333333333,0.06666666666666667,0.3333333333333333,0.06666666666666667,0.0,0.0,1.0,0.0,0.06666666666666667,0.0,0.26666666666666666,0.06666666666666667,0.2,0.0,0.0,"['BHarvest', 'NodeStake', ' ', 'Bit Cat', 'Tan', 'Pareto', 'Sunsetting please redelegate Forbole']"
75,Ledger by Meria,0,0,0,14,0,14,14,15,2,3,0.14285714285714285,0.21428571428571427,0.9333333333333333,4,0.13333333333333333,0.13333333333333333,0.0,0.2,0.2,0.26666666666666666,0.0,0.0,0.0,0.26666666666666666,0.0,0.0,0.2,0.4,0.2,0.13333333333333333,0.2,0.06666666666666667,0.0,0.0,0.2,0.2,0.4666666666666667,0.6,0.13333333333333333,0.0,0.2,0.0,0.0,0.06666666666666667,0.26666666666666666,0.2,0.13333333333333333,0.0,0.0,0.2,0.0,0.2,0.13333333333333333,0.06666666666666667,0.06666666666666667,0.0,0.0,0.0,0.0,0.13333333333333333,0.0,0.4666666666666667,0.26666666666666666,0.06666666666666667,0.0,0.26666666666666666,0.13333333333333333,0.0,0.4,0.06666666666666667,0.0,0.0,0.0,0.5333333333333333,0.0,0.3333333333333333,0.2,0.06666666666666667,0.13333333333333333,0.0,0.2,0.0,0.0,0.13333333333333333,0.0,0.0,0.0,0.06666666666666667,0.0,1.0,0.3333333333333333,0.0,0.06666666666666667,0.13333333333333333,0.0,0.13333333333333333,0.06666666666666667,['Coinage x DAIC']
76,santorini,1,3,0,5,0,9,9,15,5,5,0.5555555555555556,0.5555555555555556,0.6,4,0.4,0.13333333333333333,0.0,0.13333333333333333,0.13333333333333333,0.26666666666666666,0.0,0.0,0.13333333333333333,0.26666666666666666,0.0,0.13333333333333333,0.2,0.2,0.2,0.2,0.13333333333333333,0.26666666666666666,0.13333333333333333,0.06666666666666667,0.26666666666666666,0.2,0.26666666666666666,0.4,0.2,0.0,0.2,0.2,0.2,0.2,0.2,0.26666666666666666,0.2,0.0,0.0,0.2,0.06666666666666667,0.3333333333333333,0.13333333333333333,0.2,0.06666666666666667,0.0,0.0,0.0,0.0,0.13333333333333333,0.06666666666666667,0.3333333333333333,0.13333333333333333,0.06666666666666667,0.0,0.13333333333333333,0.4,0.2,0.3333333333333333,0.06666666666666667,0.06666666666666667,0.06666666666666667,0.0,0.3333333333333333,0.0,0.4,0.06666666666666667,0.2,0.13333333333333333,0.06666666666666667,0.4,0.13333333333333333,0.06666666666666667,0.26666666666666666,0.06666666666666667,0.06666666666666667,0.06666666666666667,0.0,0.06666666666666667,0.3333333333333333,1.0,0.0,0.06666666666666667,0.26666666666666666,0.0,0.2,0.06666666666666667,[]
77,Skycatcher,4,1,0,0,0,5,5,15,3,2,0.6,0.4,0.3333333333333333,4,0.2,0.0,0.0,0.2,0.06666666666666667,0.26666666666666666,0.0,0.0,0.06666666666666667,0.2,0.06666666666666667,0.06666666666666667,0.06666666666666667,0.06666666666666667,0.2,0.2,0.2,0.26666666666666666,0.2,0.06666666666666667,0.13333333333333333,0.26666666666666666,0.06666666666666667,0.06666666666666667,0.2,0.0,0.13333333333333333,0.3333333333333333,0.26666666666666666,0.26666666666666666,0.06666666666666667,0.13333333333333333,0.0,0.0,0.0,0.06666666666666667,0.26666666666666666,0.06666666666666667,0.0,0.26666666666666666,0.13333333333333333,0.0,0.0,0.0,0.0,0.13333333333333333,0.06666666666666667,0.13333333333333333,0.26666666666666666,0.13333333333333333,0.13333333333333333,0.13333333333333333,0.13333333333333333,0.06666666666666667,0.2,0.06666666666666667,0.0,0.0,0.0,0.0,0.0,0.2,0.13333333333333333,0.26666666666666666,0.06666666666666667,0.0,0.0,0.0,0.0,0.2,0.06666666666666667,0.0,0.13333333333333333,0.0,0.0,0.0,0.0,1.0,0.13333333333333333,0.2,0.0,0.06666666666666667,0.06666666666666667,[]
78,XMG Capital,3,1,0,1,4,5,9,15,4,6,0.4444444444444444,0.6666666666666666,0.3333333333333333,4,0.2,0.06666666666666667,0.26666666666666666,0.13333333333333333,0.13333333333333333,0.26666666666666666,0.0,0.0,0.2,0.2,0.26666666666666666,0.0,0.13333333333333333,0.26666666666666666,0.2,0.26666666666666666,0.26666666666666666,0.26666666666666666,0.26666666666666666,0.06666666666666667,0.3333333333333333,0.2,0.2,0.26666666666666666,0.4666666666666667,0.0,0.26666666666666666,0.26666666666666666,0.2,0.26666666666666666,0.13333333333333333,0.13333333333333333,0.13333333333333333,0.0,0.2,0.06666666666666667,0.13333333333333333,0.06666666666666667,0.06666666666666667,0.2,0.13333333333333333,0.26666666666666666,0.06666666666666667,0.0,0.26666666666666666,0.26666666666666666,0.13333333333333333,0.2,0.2,0.13333333333333333,0.3333333333333333,0.06666666666666667,0.2,0.13333333333333333,0.13333333333333333,0.2,0.26666666666666666,0.0,0.0,0.06666666666666667,0.0,0.2,0.13333333333333333,0.26666666666666666,0.2,0.0,0.13333333333333333,0.26666666666666666,0.26666666666666666,0.2,0.06666666666666667,0.0,0.06666666666666667,0.06666666666666667,0.26666666666666666,0.06666666666666667,0.06666666666666667,0.13333333333333333,1.0,0.3333333333333333,0.13333333333333333,0.06666666666666667,0.0,[]
79,Nodeplus,8,2,0,2,1,12,13,15,12,12,0.9230769230769231,0.9230769230769231,0.8,4,0.7333333333333333,0.13333333333333333,0.06666666666666667,0.4666666666666667,0.2,0.4,0.0,0.0,0.2,0.4666666666666667,0.13333333333333333,0.06666666666666667,0.3333333333333333,0.4,0.2,0.7333333333333333,0.4666666666666667,0.6,0.4666666666666667,0.06666666666666667,0.6,0.4666666666666667,0.2,0.3333333333333333,0.4666666666666667,0.0,0.4,0.6666666666666666,0.6,0.6666666666666666,0.3333333333333333,0.6666666666666666,0.13333333333333333,0.0,0.06666666666666667,0.4,0.5333333333333333,0.6,0.06666666666666667,0.6,0.26666666666666666,0.06666666666666667,0.06666666666666667,0.0,0.06666666666666667,0.5333333333333333,0.13333333333333333,0.2,0.4,0.2,0.2,0.26666666666666666,0.4,0.13333333333333333,0.5333333333333333,0.2,0.06666666666666667,0.0,0.0,0.2,0.0,0.5333333333333333,0.2,0.5333333333333333,0.3333333333333333,0.0,0.6,0.26666666666666666,0.06666666666666667,0.4,0.2,0.0,0.3333333333333333,0.06666666666666667,0.06666666666666667,0.13333333333333333,0.26666666666666666,0.2,0.3333333333333333,1.0,0.0,0.26666666666666666,0.13333333333333333,"['Imperatorco', 'ECO Stake ', 'Informal Systems', 'Frens ', 'Stakecito', 'polkachucom', 'Meria', 'Interstellar Lounge ', 'Allnodes', 'Enigma', '  AutoStake  StakeDrops']"
80,AUDITone,0,0,0,0,3,0,3,15,0,2,0.0,0.6666666666666666,0.0,6,0.0,0.0,0.2,0.0,0.0,0.0,0.0,0.0,0.0,0.0,0.13333333333333333,0.0,0.0,0.0,0.0,0.0,0.0,0.0,0.0,0.0,0.0,0.0,0.06666666666666667,0.0,0.13333333333333333,0.0,0.0,0.0,0.0,0.0,0.0,0.0,0.0,0.0,0.2,0.0,0.0,0.0,0.0,0.0,0.0,0.2,0.0,0.0,0.2,0.0,0.0,0.0,0.0,0.0,0.13333333333333333,0.0,0.0,0.0,0.0,0.0,0.2,0.0,0.0,0.0,0.0,0.0,0.0,0.0,0.0,0.0,0.0,0.13333333333333333,0.2,0.0,0.13333333333333333,0.0,0.0,0.0,0.2,0.0,0.0,0.0,0.13333333333333333,0.0,1.0,0.0,0.0,[]
81,Polychain,1,1,0,2,0,4,4,15,4,4,1.0,1.0,0.26666666666666666,4,0.26666666666666666,0.0,0.0,0.13333333333333333,0.06666666666666667,0.13333333333333333,0.0,0.0,0.0,0.2,0.0,0.06666666666666667,0.13333333333333333,0.13333333333333333,0.06666666666666667,0.2,0.06666666666666667,0.2,0.06666666666666667,0.0,0.2,0.06666666666666667,0.06666666666666667,0.13333333333333333,0.2,0.0,0.13333333333333333,0.13333333333333333,0.13333333333333333,0.13333333333333333,0.2,0.2,0.0,0.0,0.0,0.13333333333333333,0.13333333333333333,0.2,0.0,0.2,0.06666666666666667,0.0,0.0,0.0,0.0,0.13333333333333333,0.0,0.13333333333333333,0.13333333333333333,0.0,0.0,0.13333333333333333,0.26666666666666666,0.0,0.26666666666666666,0.0,0.0,0.0,0.0,0.2,0.0,0.26666666666666666,0.0,0.06666666666666667,0.13333333333333333,0.0,0.2,0.06666666666666667,0.0,0.13333333333333333,0.0,0.0,0.13333333333333333,0.0,0.0,0.13333333333333333,0.2,0.06666666666666667,0.06666666666666667,0.26666666666666666,0.0,1.0,0.06666666666666667,[]
82,OWALLET,1,1,0,1,0,3,3,15,2,2,0.6666666666666666,0.6666666666666666,0.2,2,0.13333333333333333,0.0,0.0,0.13333333333333333,0.06666666666666667,0.06666666666666667,0.0,0.0,0.0,0.06666666666666667,0.06666666666666667,0.06666666666666667,0.0,0.0,0.0,0.06666666666666667,0.06666666666666667,0.13333333333333333,0.0,0.0,0.06666666666666667,0.06666666666666667,0.06666666666666667,0.06666666666666667,0.06666666666666667,0.0,0.06666666666666667,0.13333333333333333,0.13333333333333333,0.06666666666666667,0.13333333333333333,0.2,0.0,0.0,0.0,0.0,0.13333333333333333,0.13333333333333333,0.0,0.13333333333333333,0.0,0.0,0.0,0.0,0.0,0.06666666666666667,0.0,0.0,0.13333333333333333,0.06666666666666667,0.06666666666666667,0.06666666666666667,0.06666666666666667,0.0,0.13333333333333333,0.0,0.0,0.0,0.0,0.13333333333333333,0.0,0.13333333333333333,0.0,0.13333333333333333,0.06666666666666667,0.0,0.06666666666666667,0.06666666666666667,0.0,0.06666666666666667,0.0,0.0,0.06666666666666667,0.0,0.0,0.06666666666666667,0.06666666666666667,0.06666666666666667,0.0,0.13333333333333333,0.0,0.06666666666666667,1.0,[]
