,voter,yes,no,veto,abstain,no_vote,valid_votes,total_votes,proposal_num,overall_match,cluster_match,overall_match_rate,cluster_match_rate,participation_rate,cluster_label, AutoStake  Slash Protected,Cosmic Validator,StakeWithUs,StakeLabzone,Mandragora,SpacePotato,Noderunners,KalpaTech,Forbole,Notional,WhisperNode ,stakefish,Alex Bambarello Validator,Ubik Capital,Chihuahua,CommunityStaking,Citadelone,Zenscape,Cosmostation,Kleomedes,BlueStake   100 insurance,artifact,OmniFlix Network,Stakecito,polkachucom,SOLAR Labs,ChainLayer,strangelove,Komikuri,Allnodes,BadgerBite,Klub Staking,PoS Node,Sarvodaya Validators,WeStaking,SmartNodes  Slash Protected,Stake Frites  ,Decloud Nodes Lab,ChainTools,chainvibes,DECOMISSIONED AUDITone,Perfect Stake ,Wanderer Staking,Redelegateyourfunds,Bit Cat,CosmicNode,Autonomy  Formerly PrithviDevs ,ValidatorNode,Dwebnet,BridgeTower,MedasDigital,TRGC By Liquify,UNBONDING,50 Validator  Airdrop,Crypto Lab Tech,DECOMMISSIONED, Quokka Stake,DragonStake ,REDELEGATEPLEASE,Winter Validator,Trivium  TriviumNetwork,Liquify,Tavis Digital,Easy2Stake,Stakewollecom  full insurance,Daksha Validator,Woodstock Fund,Active Nodes  Please Redelegate before 3 June,Secret LLC,Decommissioned,BlueFrenDAO,NorthCap,MathNodes,Shutting down soon,exnihilovalidator,Swiss Staking  Discontinued please redelegate,Stakin Discontinued Redelegate,GreyWolfCo,Bitveil,Nous Host,zeroserviceseu,Avril14th,Low FEES sustainability and profits  Stakers Hub,Anonymity Network,Stopping Please redelegate to New Witner,Foxinodes,Strata One,CryptoNet,ChronoBitEnterprise,A4ADAO,Norse Labs,Trinity Validator,lux8net,AtmosferMuda  REStakeapp ,dvMiku Validator,0xbas3d,Sentinel Growth DAO,TkdAlex,Oneiric Stake,RoomIT,openstakenet,Summit Nodes,AntMan,Busurnode,high_similarity_voters
0, AutoStake  Slash Protected,7,5,0,3,1,15,16,16,11,12,0.6875,0.75,0.9375,3,1.0,0.6875,0.125,0.25,0.5625,0.375,0.3125,0.3125,0.25,0.4375,0.625,0.0625,0.3125,0.375,0.0625,0.625,0.625,0.0625,0.5,0.125,0.8125,0.0625,0.75,0.625,0.1875,0.1875,0.1875,0.125,0.625,0.6875,0.75,0.1875,0.3125,0.0625,0.5,0.125,0.375,0.5,0.625,0.5625,0.1875,0.125,0.3125,0.1875,0.25,0.0625,0.25,0.25,0.4375,0.5625,0.625,0.0625,0.0625,0.125,0.0625,0.25,0.625,0.0,0.5,0.125,0.5,0.0,0.25,0.375,0.6875,0.25,0.125,0.5,0.0,0.125,0.4375,0.25,0.6875,0.1875,0.5625,0.25,0.625,0.1875,0.0625,0.5,0.1875,0.0625,0.0,0.1875,0.125,0.4375,0.25,0.375,0.375,0.1875,0.0625,0.25,0.0,0.25,0.0625,0.0,0.125,0.125,0.125,0.125,0.0625,0.0625,0.0,0.0,"['Cosmic Validator', 'WhisperNode ', 'CommunityStaking', 'Citadelone', 'BlueStake   100 insurance', 'OmniFlix Network', 'Stakecito', 'Komikuri', 'Allnodes', 'BadgerBite', 'ChainTools', 'MedasDigital', ' Quokka Stake', 'Stakewollecom  full insurance', 'MathNodes', 'Stakin Discontinued Redelegate']"
1,Cosmic Validator,6,5,0,5,0,16,16,16,10,10,0.625,0.625,1.0,0,0.6875,1.0,0.125,0.25,0.5,0.25,0.25,0.5,0.375,0.3125,0.625,0.0,0.3125,0.5,0.0,0.6875,0.6875,0.0,0.6875,0.25,0.625,0.0,0.6875,0.5625,0.25,0.125,0.1875,0.125,0.5625,0.625,0.6875,0.1875,0.375,0.0,0.375,0.125,0.4375,0.4375,0.4375,0.6875,0.1875,0.0625,0.3125,0.1875,0.125,0.0,0.25,0.25,0.3125,0.5625,0.4375,0.1875,0.0,0.1875,0.0,0.25,0.6875,0.0,0.4375,0.25,0.3125,0.0625,0.1875,0.4375,0.625,0.1875,0.0625,0.375,0.0,0.0625,0.3125,0.5,0.625,0.25,0.6875,0.1875,0.4375,0.1875,0.0625,0.4375,0.25,0.1875,0.0,0.125,0.0625,0.5,0.1875,0.375,0.375,0.25,0.0625,0.1875,0.0,0.3125,0.125,0.0,0.1875,0.1875,0.1875,0.125,0.0625,0.0,0.0625,0.0625,"[' AutoStake  Slash Protected', 'WhisperNode ', 'CommunityStaking', 'Citadelone', 'Cosmostation', 'BlueStake   100 insurance', 'OmniFlix Network', 'Allnodes', 'BadgerBite', 'chainvibes', ' Quokka Stake', 'Stakewollecom  full insurance', 'MathNodes', 'exnihilovalidator']"
2,StakeWithUs,1,2,0,0,0,3,3,16,3,3,1.0,1.0,0.1875,3,0.125,0.125,1.0,0.125,0.0625,0.1875,0.0,0.0625,0.125,0.1875,0.1875,0.0,0.125,0.0,0.0,0.0,0.1875,0.0,0.125,0.0,0.1875,0.0,0.1875,0.125,0.0,0.0,0.1875,0.0,0.0,0.125,0.125,0.0625,0.0,0.0,0.1875,0.0625,0.0,0.0,0.0,0.1875,0.1875,0.0,0.125,0.125,0.0,0.0,0.1875,0.0,0.0625,0.0625,0.0625,0.0,0.0,0.0,0.0,0.0,0.125,0.0625,0.125,0.0,0.0,0.0,0.1875,0.1875,0.125,0.1875,0.0,0.0,0.0625,0.0,0.0,0.0,0.125,0.1875,0.1875,0.0625,0.1875,0.1875,0.0,0.0,0.0,0.0,0.0,0.0,0.0,0.0,0.0,0.0,0.0,0.0,0.0,0.0,0.0,0.0,0.0,0.0,0.0,0.0,0.0,0.0,0.0,0.0,0.0,0.0,[]
3,StakeLabzone,0,4,0,0,0,4,4,16,3,3,0.75,0.75,0.25,3,0.25,0.25,0.125,1.0,0.0,0.1875,0.0625,0.0,0.1875,0.1875,0.1875,0.0,0.1875,0.0625,0.0,0.0625,0.1875,0.0,0.25,0.0,0.1875,0.0,0.1875,0.25,0.0,0.0625,0.1875,0.0,0.0625,0.25,0.25,0.0,0.0,0.0,0.1875,0.0,0.0,0.0,0.0625,0.1875,0.1875,0.0625,0.1875,0.1875,0.0,0.0,0.1875,0.0,0.0,0.1875,0.0,0.0,0.0,0.0,0.0,0.0,0.1875,0.0,0.25,0.0,0.0,0.0,0.1875,0.1875,0.25,0.1875,0.0625,0.0,0.0,0.0625,0.0625,0.0625,0.1875,0.1875,0.1875,0.0,0.1875,0.1875,0.0,0.0,0.0,0.0,0.0,0.0,0.0,0.0,0.0,0.0,0.0,0.0,0.0,0.0,0.0,0.0,0.0,0.0,0.0,0.0,0.0,0.0,0.0,0.0,0.0,0.0,[]
4,Mandragora,9,2,0,4,0,15,15,16,11,11,0.7333333333333333,0.7333333333333333,0.9375,7,0.5625,0.5,0.0625,0.0,1.0,0.25,0.3125,0.5,0.0625,0.3125,0.5625,0.0,0.125,0.5,0.0,0.8125,0.5625,0.0,0.375,0.1875,0.625,0.0,0.5625,0.5,0.3125,0.125,0.0625,0.1875,0.6875,0.5,0.625,0.4375,0.4375,0.0,0.3125,0.1875,0.5625,0.625,0.75,0.5625,0.0625,0.0,0.125,0.0,0.1875,0.0,0.125,0.3125,0.5625,0.4375,0.6875,0.1875,0.0,0.1875,0.0625,0.1875,0.5625,0.0625,0.25,0.25,0.4375,0.0625,0.0625,0.25,0.5625,0.125,0.0,0.5625,0.0625,0.0,0.5625,0.3125,0.625,0.0625,0.5625,0.5,0.4375,0.0625,0.125,0.625,0.3125,0.1875,0.0,0.125,0.0625,0.5,0.25,0.375,0.4375,0.25,0.0625,0.3125,0.0,0.375,0.125,0.0,0.125,0.25,0.25,0.1875,0.125,0.0625,0.0625,0.0625,"['CommunityStaking', 'BlueStake   100 insurance', 'Komikuri', 'BadgerBite', 'Decloud Nodes Lab', 'ChainTools', 'MedasDigital', 'MathNodes', 'Nous Host']"
5,SpacePotato,3,4,0,2,0,9,9,16,7,7,0.7777777777777778,0.7777777777777778,0.5625,3,0.375,0.25,0.1875,0.1875,0.25,1.0,0.125,0.1875,0.25,0.5,0.4375,0.0,0.25,0.1875,0.0,0.125,0.375,0.0,0.375,0.0,0.4375,0.0,0.375,0.5,0.0,0.25,0.25,0.0,0.1875,0.375,0.375,0.125,0.0,0.0,0.375,0.125,0.125,0.1875,0.1875,0.3125,0.25,0.0,0.25,0.1875,0.0625,0.0,0.25,0.0,0.25,0.25,0.25,0.0,0.0,0.0,0.0,0.0625,0.3125,0.0625,0.3125,0.0,0.125,0.0,0.25,0.375,0.375,0.3125,0.0,0.1875,0.0625,0.125,0.1875,0.1875,0.375,0.25,0.3125,0.1875,0.4375,0.25,0.0,0.1875,0.0,0.0,0.0,0.0,0.0,0.0625,0.0625,0.1875,0.125,0.0625,0.125,0.0625,0.0,0.0,0.0,0.0,0.0,0.0,0.0,0.0,0.0,0.0,0.0,0.0,[]
6,Noderunners,6,3,3,4,0,16,16,16,6,6,0.375,0.375,1.0,3,0.3125,0.25,0.0,0.0625,0.3125,0.125,1.0,0.1875,0.3125,0.125,0.3125,0.0,0.125,0.375,0.0,0.3125,0.25,0.0,0.375,0.125,0.3125,0.0,0.25,0.4375,0.25,0.125,0.0,0.1875,0.375,0.5,0.4375,0.125,0.3125,0.0,0.0625,0.0,0.1875,0.4375,0.4375,0.3125,0.0,0.0625,0.0625,0.0625,0.0625,0.0,0.0,0.1875,0.1875,0.375,0.375,0.125,0.0,0.25,0.0625,0.25,0.375,0.0,0.25,0.1875,0.1875,0.0,0.0,0.25,0.375,0.0,0.0625,0.5625,0.0,0.125,0.25,0.3125,0.4375,0.0,0.375,0.0625,0.125,0.0,0.0625,0.4375,0.3125,0.1875,0.0625,0.0625,0.0,0.25,0.125,0.3125,0.375,0.1875,0.0625,0.3125,0.0625,0.25,0.0,0.0,0.0625,0.25,0.25,0.25,0.125,0.0625,0.0,0.0,[]
7,KalpaTech,10,1,0,3,2,14,16,16,8,9,0.5,0.5625,0.875,3,0.3125,0.5,0.0625,0.0,0.5,0.1875,0.1875,1.0,0.125,0.1875,0.4375,0.0625,0.125,0.375,0.125,0.4375,0.5625,0.125,0.5,0.1875,0.375,0.125,0.375,0.4375,0.3125,0.25,0.125,0.125,0.4375,0.25,0.4375,0.1875,0.4375,0.125,0.3125,0.1875,0.25,0.4375,0.375,0.5,0.0625,0.125,0.125,0.0,0.1875,0.0,0.125,0.375,0.375,0.375,0.5625,0.1875,0.125,0.25,0.0,0.1875,0.5,0.0625,0.125,0.3125,0.3125,0.0625,0.1875,0.1875,0.4375,0.0625,0.125,0.375,0.125,0.1875,0.375,0.5,0.4375,0.125,0.5,0.1875,0.25,0.0625,0.125,0.4375,0.375,0.375,0.125,0.1875,0.1875,0.375,0.125,0.25,0.375,0.375,0.0625,0.25,0.0,0.375,0.125,0.0,0.125,0.25,0.25,0.1875,0.125,0.0,0.0625,0.0625,[]
8,Forbole,3,3,0,5,0,11,11,16,6,5,0.5454545454545454,0.45454545454545453,0.6875,3,0.25,0.375,0.125,0.1875,0.0625,0.25,0.3125,0.125,1.0,0.25,0.375,0.0,0.1875,0.1875,0.0,0.125,0.25,0.0,0.4375,0.0,0.3125,0.0,0.3125,0.375,0.125,0.0625,0.1875,0.0,0.0625,0.3125,0.375,0.0625,0.1875,0.0,0.25,0.0,0.1875,0.125,0.1875,0.4375,0.1875,0.0,0.1875,0.1875,0.0,0.0,0.25,0.0625,0.0,0.1875,0.125,0.0,0.0,0.0625,0.0,0.125,0.4375,0.0,0.25,0.125,0.125,0.0,0.1875,0.375,0.3125,0.1875,0.0,0.1875,0.0,0.0625,0.125,0.125,0.3125,0.25,0.4375,0.0625,0.25,0.1875,0.0,0.125,0.0625,0.0625,0.0,0.125,0.0,0.125,0.0625,0.1875,0.125,0.0625,0.0625,0.125,0.0625,0.0625,0.0625,0.0625,0.0,0.0625,0.0625,0.0625,0.0625,0.0,0.0,0.0,[]
9,Notional,4,5,0,1,0,10,10,16,8,8,0.8,0.8,0.625,3,0.4375,0.3125,0.1875,0.1875,0.3125,0.5,0.125,0.1875,0.25,1.0,0.5,0.0,0.3125,0.1875,0.0,0.1875,0.375,0.0,0.3125,0.0625,0.5,0.0,0.4375,0.5,0.0625,0.1875,0.25,0.0,0.25,0.4375,0.4375,0.125,0.0625,0.0,0.375,0.125,0.125,0.25,0.25,0.375,0.25,0.0,0.3125,0.1875,0.125,0.0,0.25,0.0625,0.375,0.3125,0.3125,0.0,0.0,0.0625,0.0,0.0625,0.375,0.0625,0.3125,0.0625,0.1875,0.0,0.25,0.4375,0.5,0.3125,0.0,0.25,0.0625,0.0625,0.1875,0.1875,0.4375,0.25,0.375,0.1875,0.5,0.25,0.0,0.25,0.0625,0.0,0.0,0.0,0.0625,0.125,0.0625,0.1875,0.1875,0.0625,0.1875,0.125,0.0,0.0625,0.0625,0.0,0.0,0.0,0.0,0.0,0.0,0.0,0.0,0.0,[]
10,WhisperNode ,9,5,0,1,0,15,15,16,14,13,0.9333333333333333,0.8666666666666667,0.9375,3,0.625,0.625,0.1875,0.1875,0.5625,0.4375,0.3125,0.4375,0.375,0.5,1.0,0.0,0.3125,0.3125,0.0,0.4375,0.5625,0.0,0.4375,0.1875,0.8125,0.0,0.625,0.6875,0.3125,0.125,0.25,0.125,0.5,0.5625,0.8125,0.25,0.4375,0.0,0.5,0.1875,0.4375,0.5625,0.625,0.75,0.25,0.0,0.3125,0.1875,0.125,0.0,0.375,0.1875,0.4375,0.5625,0.625,0.125,0.0,0.25,0.0,0.1875,0.75,0.0625,0.4375,0.3125,0.375,0.0,0.25,0.3125,0.75,0.3125,0.0,0.625,0.0625,0.0,0.4375,0.3125,0.75,0.25,0.75,0.3125,0.625,0.25,0.0,0.5625,0.25,0.1875,0.0,0.1875,0.0625,0.4375,0.1875,0.25,0.5,0.3125,0.0625,0.375,0.0,0.25,0.125,0.0625,0.0625,0.1875,0.1875,0.1875,0.0625,0.0,0.0,0.0,"[' AutoStake  Slash Protected', 'Cosmic Validator', 'BlueStake   100 insurance', 'OmniFlix Network', 'Stakecito', 'BadgerBite', 'ChainTools', 'chainvibes', 'MedasDigital', ' Quokka Stake', 'Stakewollecom  full insurance', 'Active Nodes  Please Redelegate before 3 June', 'MathNodes', 'exnihilovalidator', 'Stakin Discontinued Redelegate']"
11,stakefish,0,0,0,0,2,0,2,16,0,0,0.0,0.0,0.0,3,0.0625,0.0,0.0,0.0,0.0,0.0,0.0,0.0625,0.0,0.0,0.0,1.0,0.0,0.0,0.125,0.0,0.0,0.125,0.0,0.0,0.0625,0.125,0.0625,0.0,0.0,0.0625,0.0625,0.0,0.0,0.0,0.0,0.0,0.0625,0.125,0.125,0.0,0.0,0.0,0.0625,0.0,0.0,0.125,0.0,0.0,0.0625,0.0625,0.0,0.0625,0.0,0.0,0.0625,0.0,0.125,0.0,0.0,0.0625,0.0,0.0,0.0,0.0,0.0,0.0,0.125,0.0,0.0,0.0,0.125,0.0,0.0625,0.125,0.0,0.0625,0.0,0.0,0.0,0.0,0.0625,0.0,0.0625,0.0,0.0625,0.0625,0.0,0.125,0.125,0.0,0.0,0.0,0.0,0.0625,0.0,0.0,0.0,0.0,0.0,0.0,0.0,0.0,0.0,0.0,0.0,0.0,0.0,0.0,[]
12,Alex Bambarello Validator,3,5,1,0,0,9,9,16,5,5,0.5555555555555556,0.5555555555555556,0.5625,3,0.3125,0.3125,0.125,0.1875,0.125,0.25,0.125,0.125,0.1875,0.3125,0.3125,0.0,1.0,0.0,0.0,0.125,0.25,0.0,0.25,0.0,0.3125,0.0,0.25,0.25,0.0,0.0625,0.1875,0.0,0.125,0.25,0.3125,0.1875,0.0625,0.0,0.3125,0.125,0.125,0.1875,0.125,0.3125,0.1875,0.0,0.4375,0.25,0.0,0.0,0.25,0.0,0.1875,0.3125,0.125,0.0,0.0,0.0625,0.0,0.125,0.3125,0.0,0.375,0.0,0.125,0.0,0.1875,0.375,0.375,0.1875,0.0,0.125,0.0,0.0,0.125,0.125,0.375,0.1875,0.375,0.125,0.3125,0.1875,0.0,0.1875,0.0625,0.0,0.0,0.0625,0.0,0.125,0.125,0.0625,0.1875,0.125,0.125,0.0,0.0,0.0,0.0,0.0,0.0,0.0,0.0,0.0,0.0,0.0,0.0,0.0,[]
13,Ubik Capital,3,2,0,10,0,15,15,16,4,15,0.26666666666666666,1.0,0.9375,6,0.375,0.5,0.0,0.0625,0.5,0.1875,0.375,0.375,0.1875,0.1875,0.3125,0.0,0.0,1.0,0.0,0.5625,0.5,0.0,0.4375,0.25,0.3125,0.0,0.3125,0.4375,0.1875,0.1875,0.0,0.125,0.375,0.4375,0.3125,0.1875,0.1875,0.0,0.0,0.0,0.375,0.25,0.5,0.1875,0.0,0.0625,0.0,0.0,0.1875,0.0,0.0,0.1875,0.1875,0.3125,0.3125,0.125,0.0,0.1875,0.0,0.0,0.3125,0.0,0.125,0.1875,0.125,0.0,0.0,0.125,0.3125,0.0,0.0625,0.25,0.0,0.1875,0.4375,0.5,0.25,0.0625,0.1875,0.1875,0.125,0.0,0.0,0.25,0.1875,0.125,0.0,0.0,0.0625,0.25,0.0,0.3125,0.25,0.125,0.0625,0.25,0.0,0.25,0.0625,0.0,0.1875,0.125,0.125,0.125,0.0,0.0,0.0,0.0,[]
14,Chihuahua,0,0,0,0,16,0,16,16,0,0,0.0,0.0,0.0,3,0.0625,0.0,0.0,0.0,0.0,0.0,0.0,0.125,0.0,0.0,0.0,0.125,0.0,0.0,1.0,0.0,0.0625,1.0,0.0625,0.0,0.0625,1.0,0.125,0.0,0.0,0.625,0.0625,0.0,0.0,0.0625,0.0,0.0,0.4375,1.0,0.5,0.0,0.0,0.0,0.0625,0.0625,0.0,0.9375,0.0,0.0,0.8125,0.0625,0.0,0.1875,0.0,0.0,0.1875,0.0,1.0,0.0,0.0,0.1875,0.0,0.0,0.0,0.0,0.0,0.0,0.25,0.0,0.0,0.0,0.9375,0.0,0.0625,0.8125,0.0,0.25,0.0,0.0,0.0,0.0,0.0625,0.0,0.875,0.25,0.5625,0.625,0.0,0.4375,0.25,0.0,0.0,0.0,0.0,0.0625,0.0,0.0,0.0,0.0,0.0,0.0,0.0,0.0,0.0,0.0,0.0,0.0,0.0,0.0,"['Zenscape', 'artifact', 'SOLAR Labs', 'Sarvodaya Validators', 'Perfect Stake ', 'Bit Cat', 'UNBONDING', 'Woodstock Fund', 'Decommissioned', 'Bitveil', 'Avril14th']"
15,CommunityStaking,7,3,0,6,0,16,16,16,9,10,0.5625,0.625,1.0,3,0.625,0.6875,0.0,0.0625,0.8125,0.125,0.3125,0.4375,0.125,0.1875,0.4375,0.0,0.125,0.5625,0.0,1.0,0.5,0.0,0.5,0.1875,0.5625,0.0,0.625,0.5,0.3125,0.1875,0.0,0.1875,0.6875,0.5625,0.625,0.375,0.4375,0.0,0.25,0.125,0.6875,0.5625,0.75,0.5625,0.0,0.0625,0.125,0.0,0.125,0.0,0.0625,0.3125,0.4375,0.4375,0.5625,0.1875,0.0,0.1875,0.0625,0.25,0.5,0.0,0.25,0.25,0.4375,0.0625,0.0,0.3125,0.5625,0.0625,0.0625,0.5,0.0,0.0625,0.625,0.375,0.5625,0.0,0.5625,0.4375,0.3125,0.0,0.125,0.5625,0.3125,0.1875,0.0,0.125,0.0625,0.5625,0.25,0.375,0.375,0.25,0.0625,0.25,0.0,0.375,0.125,0.0,0.1875,0.25,0.25,0.1875,0.125,0.0625,0.0625,0.0625,"[' AutoStake  Slash Protected', 'Cosmic Validator', 'Mandragora', 'OmniFlix Network', 'Komikuri', 'BadgerBite', 'Stake Frites  ', 'ChainTools', 'BlueFrenDAO']"
16,Citadelone,7,4,0,4,1,15,16,16,11,12,0.6875,0.75,0.9375,3,0.625,0.6875,0.1875,0.1875,0.5625,0.375,0.25,0.5625,0.25,0.375,0.5625,0.0,0.25,0.5,0.0625,0.5,1.0,0.0625,0.625,0.1875,0.6875,0.0625,0.625,0.625,0.3125,0.0625,0.25,0.1875,0.5,0.6875,0.625,0.125,0.4375,0.0625,0.3125,0.125,0.25,0.4375,0.375,0.625,0.25,0.0625,0.25,0.1875,0.25,0.0,0.3125,0.3125,0.4375,0.4375,0.5,0.1875,0.0625,0.1875,0.0625,0.0625,0.6875,0.0625,0.3125,0.25,0.25,0.0625,0.25,0.4375,0.625,0.25,0.0625,0.375,0.0625,0.125,0.3125,0.375,0.625,0.3125,0.625,0.125,0.4375,0.25,0.1875,0.4375,0.375,0.1875,0.0,0.0625,0.0625,0.4375,0.125,0.3125,0.3125,0.1875,0.0,0.3125,0.0,0.375,0.125,0.0,0.1875,0.25,0.25,0.1875,0.125,0.0625,0.0625,0.0625,"[' AutoStake  Slash Protected', 'Cosmic Validator', 'Cosmostation', 'BlueStake   100 insurance', 'OmniFlix Network', 'Stakecito', 'Allnodes', 'BadgerBite', 'chainvibes', ' Quokka Stake', 'Stakewollecom  full insurance', 'MathNodes', 'exnihilovalidator']"
17,Zenscape,0,0,0,0,16,0,16,16,0,8,0.0,0.5,0.0,1,0.0625,0.0,0.0,0.0,0.0,0.0,0.0,0.125,0.0,0.0,0.0,0.125,0.0,0.0,1.0,0.0,0.0625,1.0,0.0625,0.0,0.0625,1.0,0.125,0.0,0.0,0.625,0.0625,0.0,0.0,0.0625,0.0,0.0,0.4375,1.0,0.5,0.0,0.0,0.0,0.0625,0.0625,0.0,0.9375,0.0,0.0,0.8125,0.0625,0.0,0.1875,0.0,0.0,0.1875,0.0,1.0,0.0,0.0,0.1875,0.0,0.0,0.0,0.0,0.0,0.0,0.25,0.0,0.0,0.0,0.9375,0.0,0.0625,0.8125,0.0,0.25,0.0,0.0,0.0,0.0,0.0625,0.0,0.875,0.25,0.5625,0.625,0.0,0.4375,0.25,0.0,0.0,0.0,0.0,0.0625,0.0,0.0,0.0,0.0,0.0,0.0,0.0,0.0,0.0,0.0,0.0,0.0,0.0,0.0,"['Chihuahua', 'artifact', 'SOLAR Labs', 'Sarvodaya Validators', 'Perfect Stake ', 'Bit Cat', 'UNBONDING', 'Woodstock Fund', 'Decommissioned', 'Bitveil', 'Avril14th']"
18,Cosmostation,5,5,0,5,1,15,16,16,9,10,0.5625,0.625,0.9375,3,0.5,0.6875,0.125,0.25,0.375,0.375,0.375,0.5,0.4375,0.3125,0.4375,0.0,0.25,0.4375,0.0625,0.5,0.625,0.0625,1.0,0.125,0.4375,0.0625,0.5625,0.75,0.3125,0.3125,0.1875,0.1875,0.4375,0.5625,0.625,0.0625,0.3125,0.0625,0.3125,0.0625,0.25,0.375,0.375,0.625,0.1875,0.125,0.25,0.1875,0.0625,0.0,0.1875,0.3125,0.25,0.375,0.375,0.1875,0.0625,0.1875,0.0625,0.125,0.625,0.0,0.3125,0.25,0.25,0.0625,0.1875,0.5,0.625,0.1875,0.125,0.3125,0.0,0.25,0.375,0.5,0.5625,0.25,0.625,0.0625,0.25,0.1875,0.1875,0.375,0.3125,0.3125,0.0,0.0625,0.0,0.3125,0.125,0.3125,0.25,0.25,0.125,0.25,0.0,0.375,0.0625,0.0,0.125,0.3125,0.3125,0.25,0.1875,0.0625,0.0625,0.0625,"['Cosmic Validator', 'Citadelone', 'Stakecito', 'BadgerBite', 'chainvibes', ' Quokka Stake', 'Stakewollecom  full insurance', 'exnihilovalidator']"
19,Kleomedes,1,2,0,4,0,7,7,16,2,2,0.2857142857142857,0.2857142857142857,0.4375,1,0.125,0.25,0.0,0.0,0.1875,0.0,0.125,0.1875,0.0,0.0625,0.1875,0.0,0.0,0.25,0.0,0.1875,0.1875,0.0,0.125,1.0,0.125,0.0,0.1875,0.125,0.125,0.0,0.0,0.125,0.1875,0.125,0.125,0.0,0.125,0.0,0.0,0.0,0.0625,0.125,0.125,0.125,0.0,0.0,0.0,0.0,0.125,0.0,0.0,0.125,0.0625,0.125,0.1875,0.0625,0.0,0.125,0.0,0.0,0.125,0.0,0.0,0.125,0.1875,0.0,0.0,0.0,0.125,0.0,0.0,0.125,0.0,0.0,0.0625,0.25,0.125,0.0,0.125,0.0,0.0625,0.0,0.0,0.125,0.125,0.0625,0.0,0.0,0.0625,0.125,0.0,0.0625,0.125,0.0625,0.0,0.125,0.0,0.1875,0.0625,0.0,0.125,0.0625,0.0625,0.0625,0.0,0.0,0.0,0.0,[]
20,BlueStake   100 insurance,9,5,0,1,1,15,16,16,14,9,0.875,0.5625,0.9375,1,0.8125,0.625,0.1875,0.1875,0.625,0.4375,0.3125,0.375,0.3125,0.5,0.8125,0.0625,0.3125,0.3125,0.0625,0.5625,0.6875,0.0625,0.4375,0.125,1.0,0.0625,0.8125,0.6875,0.3125,0.125,0.25,0.1875,0.5625,0.6875,0.8125,0.25,0.4375,0.0625,0.5625,0.1875,0.5,0.5625,0.6875,0.75,0.25,0.0625,0.3125,0.1875,0.1875,0.0625,0.375,0.1875,0.5,0.5625,0.6875,0.125,0.0625,0.1875,0.0625,0.25,0.75,0.0625,0.4375,0.25,0.375,0.0,0.3125,0.4375,0.75,0.3125,0.0625,0.625,0.0625,0.0625,0.4375,0.25,0.75,0.25,0.75,0.3125,0.6875,0.25,0.0625,0.5625,0.25,0.125,0.0,0.25,0.125,0.5625,0.25,0.3125,0.4375,0.25,0.0625,0.375,0.0,0.25,0.125,0.0625,0.125,0.1875,0.1875,0.1875,0.0625,0.0625,0.0,0.0,"[' AutoStake  Slash Protected', 'Cosmic Validator', 'Mandragora', 'WhisperNode ', 'Citadelone', 'OmniFlix Network', 'Stakecito', 'Allnodes', 'BadgerBite', 'ChainTools', 'chainvibes', 'MedasDigital', ' Quokka Stake', 'Stakewollecom  full insurance', 'Active Nodes  Please Redelegate before 3 June', 'MathNodes', 'exnihilovalidator', 'Stakin Discontinued Redelegate']"
21,artifact,0,0,0,0,16,0,16,16,0,8,0.0,0.5,0.0,1,0.0625,0.0,0.0,0.0,0.0,0.0,0.0,0.125,0.0,0.0,0.0,0.125,0.0,0.0,1.0,0.0,0.0625,1.0,0.0625,0.0,0.0625,1.0,0.125,0.0,0.0,0.625,0.0625,0.0,0.0,0.0625,0.0,0.0,0.4375,1.0,0.5,0.0,0.0,0.0,0.0625,0.0625,0.0,0.9375,0.0,0.0,0.8125,0.0625,0.0,0.1875,0.0,0.0,0.1875,0.0,1.0,0.0,0.0,0.1875,0.0,0.0,0.0,0.0,0.0,0.0,0.25,0.0,0.0,0.0,0.9375,0.0,0.0625,0.8125,0.0,0.25,0.0,0.0,0.0,0.0,0.0625,0.0,0.875,0.25,0.5625,0.625,0.0,0.4375,0.25,0.0,0.0,0.0,0.0,0.0625,0.0,0.0,0.0,0.0,0.0,0.0,0.0,0.0,0.0,0.0,0.0,0.0,0.0,0.0,"['Chihuahua', 'Zenscape', 'SOLAR Labs', 'Sarvodaya Validators', 'Perfect Stake ', 'Bit Cat', 'UNBONDING', 'Woodstock Fund', 'Decommissioned', 'Bitveil', 'Avril14th']"
22,OmniFlix Network,6,5,0,3,2,14,16,16,11,12,0.6875,0.75,0.875,3,0.75,0.6875,0.1875,0.1875,0.5625,0.375,0.25,0.375,0.3125,0.4375,0.625,0.0625,0.25,0.3125,0.125,0.625,0.625,0.125,0.5625,0.1875,0.8125,0.125,1.0,0.5625,0.25,0.125,0.25,0.1875,0.5,0.625,0.625,0.1875,0.3125,0.125,0.5,0.125,0.4375,0.4375,0.5,0.6875,0.25,0.125,0.25,0.1875,0.25,0.0625,0.25,0.25,0.375,0.4375,0.625,0.125,0.125,0.1875,0.0625,0.25,0.5625,0.0625,0.3125,0.1875,0.375,0.0,0.3125,0.5,0.5625,0.3125,0.125,0.4375,0.0625,0.0625,0.3125,0.25,0.625,0.25,0.6875,0.25,0.5625,0.25,0.125,0.4375,0.3125,0.125,0.0,0.125,0.125,0.4375,0.1875,0.3125,0.3125,0.1875,0.0625,0.25,0.0,0.3125,0.0625,0.0,0.1875,0.1875,0.1875,0.1875,0.0625,0.0625,0.0,0.0,"[' AutoStake  Slash Protected', 'Cosmic Validator', 'WhisperNode ', 'CommunityStaking', 'Citadelone', 'BlueStake   100 insurance', 'Allnodes', 'BadgerBite', 'chainvibes', 'MedasDigital', 'MathNodes', 'exnihilovalidator']"
23,Stakecito,8,6,0,2,0,16,16,16,13,12,0.8125,0.75,1.0,3,0.625,0.5625,0.125,0.25,0.5,0.5,0.4375,0.4375,0.375,0.5,0.6875,0.0,0.25,0.4375,0.0,0.5,0.625,0.0,0.75,0.125,0.6875,0.0,0.5625,1.0,0.4375,0.3125,0.1875,0.1875,0.5625,0.75,0.875,0.0625,0.4375,0.0,0.3125,0.0625,0.3125,0.5625,0.625,0.6875,0.1875,0.0625,0.25,0.1875,0.125,0.0,0.25,0.3125,0.4375,0.5,0.5,0.1875,0.0,0.25,0.0625,0.0625,0.75,0.0,0.375,0.375,0.3125,0.0625,0.1875,0.4375,0.875,0.25,0.0625,0.5625,0.0,0.1875,0.5625,0.5,0.75,0.1875,0.6875,0.125,0.4375,0.1875,0.125,0.5625,0.375,0.25,0.0,0.0625,0.0625,0.4375,0.125,0.3125,0.375,0.25,0.125,0.4375,0.0,0.375,0.1875,0.0625,0.0625,0.3125,0.3125,0.25,0.1875,0.0625,0.0625,0.0625,"[' AutoStake  Slash Protected', 'WhisperNode ', 'Citadelone', 'Cosmostation', 'BlueStake   100 insurance', 'Allnodes', 'BadgerBite', 'ChainTools', 'chainvibes', ' Quokka Stake', 'Stakewollecom  full insurance', 'MathNodes', 'exnihilovalidator']"
24,polkachucom,6,1,0,0,0,7,7,16,7,6,1.0,0.8571428571428571,0.4375,3,0.1875,0.25,0.0,0.0,0.3125,0.0,0.25,0.3125,0.125,0.0625,0.3125,0.0,0.0,0.1875,0.0,0.3125,0.3125,0.0,0.3125,0.125,0.3125,0.0,0.25,0.4375,1.0,0.0,0.0,0.1875,0.3125,0.3125,0.4375,0.0,0.4375,0.0,0.0,0.0,0.1875,0.375,0.375,0.4375,0.0,0.0,0.0,0.0,0.0625,0.0,0.0625,0.3125,0.25,0.1875,0.3125,0.1875,0.0,0.25,0.0625,0.0,0.4375,0.0,0.0,0.375,0.1875,0.0625,0.0,0.125,0.4375,0.0,0.0,0.375,0.0,0.0,0.3125,0.25,0.375,0.0,0.4375,0.0,0.0625,0.0,0.125,0.375,0.375,0.25,0.0,0.0625,0.0625,0.375,0.0625,0.125,0.25,0.1875,0.0,0.375,0.0,0.375,0.1875,0.0625,0.0625,0.3125,0.3125,0.25,0.1875,0.0625,0.0625,0.0625,[]
25,SOLAR Labs,1,2,0,2,10,5,15,16,2,4,0.13333333333333333,0.26666666666666666,0.3125,0,0.1875,0.125,0.0,0.0625,0.125,0.25,0.125,0.25,0.0625,0.1875,0.125,0.0625,0.0625,0.1875,0.625,0.1875,0.0625,0.625,0.3125,0.0,0.125,0.625,0.125,0.3125,0.0,1.0,0.0625,0.0,0.1875,0.1875,0.1875,0.0625,0.25,0.625,0.5625,0.0625,0.125,0.125,0.1875,0.0625,0.0,0.6875,0.0625,0.0,0.4375,0.0,0.0,0.125,0.125,0.125,0.25,0.0,0.625,0.0,0.0,0.125,0.0625,0.0,0.125,0.0,0.125,0.0,0.125,0.125,0.1875,0.0625,0.6875,0.125,0.0625,0.8125,0.25,0.5,0.125,0.0,0.0625,0.125,0.125,0.0,0.5625,0.3125,0.25,0.4375,0.0,0.3125,0.125,0.0625,0.0625,0.125,0.0625,0.125,0.125,0.0,0.0,0.0,0.0,0.0,0.0,0.0,0.0,0.0,0.0,0.0,0.0,0.0,"['Chihuahua', 'Zenscape', 'artifact', 'Sarvodaya Validators', 'Perfect Stake ', 'UNBONDING', 'Woodstock Fund', 'Decommissioned']"
26,ChainLayer,1,3,0,0,1,4,5,16,4,4,0.8,0.8,0.25,3,0.1875,0.1875,0.1875,0.1875,0.0625,0.25,0.0,0.125,0.1875,0.25,0.25,0.0625,0.1875,0.0,0.0625,0.0,0.25,0.0625,0.1875,0.0,0.25,0.0625,0.25,0.1875,0.0,0.0625,1.0,0.0,0.0,0.1875,0.1875,0.0625,0.0625,0.0625,0.3125,0.0625,0.0,0.0,0.0,0.25,0.25,0.0625,0.1875,0.1875,0.0,0.0,0.25,0.0625,0.0625,0.125,0.0625,0.0,0.0625,0.0,0.0,0.0,0.1875,0.0625,0.1875,0.0,0.0,0.0,0.3125,0.25,0.1875,0.25,0.0625,0.0,0.125,0.0625,0.0,0.0625,0.1875,0.25,0.25,0.0625,0.25,0.25,0.0625,0.0,0.0625,0.0625,0.0,0.0625,0.0625,0.0,0.0,0.0,0.0,0.0625,0.0,0.0,0.0,0.0,0.0,0.0,0.0,0.0,0.0,0.0,0.0,0.0,0.0,0.0,[]
27,strangelove,2,2,0,0,0,4,4,16,3,3,0.75,0.75,0.25,1,0.125,0.125,0.0,0.0,0.1875,0.0,0.1875,0.125,0.0,0.0,0.125,0.0,0.0,0.125,0.0,0.1875,0.1875,0.0,0.1875,0.125,0.1875,0.0,0.1875,0.1875,0.1875,0.0,0.0,1.0,0.1875,0.1875,0.1875,0.0,0.1875,0.0,0.0,0.0,0.125,0.1875,0.1875,0.1875,0.0,0.0,0.0,0.0,0.0,0.0,0.0,0.125,0.125,0.125,0.1875,0.125,0.0,0.125,0.0625,0.0,0.1875,0.0,0.0,0.125,0.0625,0.0,0.0,0.0625,0.1875,0.0,0.0,0.1875,0.0,0.0,0.125,0.1875,0.1875,0.0,0.1875,0.0,0.0,0.0,0.0625,0.1875,0.1875,0.125,0.0,0.0,0.0,0.1875,0.0625,0.0625,0.125,0.125,0.0,0.1875,0.0,0.1875,0.0,0.0,0.0625,0.1875,0.1875,0.1875,0.0625,0.0625,0.0,0.0,[]
28,Komikuri,8,3,0,1,0,12,12,16,10,11,0.8333333333333334,0.9166666666666666,0.75,3,0.625,0.5625,0.0,0.0625,0.6875,0.1875,0.375,0.4375,0.0625,0.25,0.5,0.0,0.125,0.375,0.0,0.6875,0.5,0.0,0.4375,0.1875,0.5625,0.0,0.5,0.5625,0.3125,0.1875,0.0,0.1875,1.0,0.5625,0.6875,0.1875,0.4375,0.0,0.25,0.125,0.375,0.625,0.625,0.5,0.0,0.0625,0.125,0.0,0.1875,0.0,0.0625,0.3125,0.5,0.5,0.625,0.1875,0.0,0.1875,0.0625,0.1875,0.5625,0.0,0.3125,0.25,0.4375,0.0625,0.0,0.1875,0.625,0.0625,0.0625,0.5625,0.0,0.0625,0.4375,0.375,0.625,0.0,0.5,0.25,0.375,0.0,0.125,0.625,0.3125,0.1875,0.0,0.125,0.0625,0.5,0.25,0.375,0.4375,0.25,0.0625,0.3125,0.0,0.375,0.125,0.0,0.125,0.25,0.25,0.1875,0.125,0.0625,0.0625,0.0625,"[' AutoStake  Slash Protected', 'Mandragora', 'CommunityStaking', 'BadgerBite', 'Decloud Nodes Lab', 'ChainTools', 'MedasDigital', 'Stakewollecom  full insurance', 'MathNodes', 'Nous Host']"
29,Allnodes,6,7,0,2,1,15,16,16,11,11,0.6875,0.6875,0.9375,3,0.6875,0.625,0.125,0.25,0.5,0.375,0.5,0.25,0.3125,0.4375,0.5625,0.0,0.25,0.4375,0.0625,0.5625,0.6875,0.0625,0.5625,0.125,0.6875,0.0625,0.625,0.75,0.3125,0.1875,0.1875,0.1875,0.5625,1.0,0.75,0.0625,0.4375,0.0625,0.3125,0.0,0.3125,0.5625,0.5,0.5625,0.1875,0.125,0.1875,0.25,0.1875,0.0,0.1875,0.25,0.375,0.5,0.4375,0.1875,0.0625,0.25,0.0625,0.0625,0.625,0.0,0.375,0.25,0.25,0.0625,0.1875,0.4375,0.6875,0.25,0.125,0.4375,0.0,0.1875,0.3125,0.4375,0.75,0.1875,0.5625,0.125,0.4375,0.1875,0.1875,0.5625,0.4375,0.1875,0.0,0.0625,0.0625,0.4375,0.125,0.375,0.375,0.125,0.0625,0.3125,0.0,0.3125,0.125,0.0,0.125,0.25,0.25,0.1875,0.125,0.0625,0.0625,0.0625,"[' AutoStake  Slash Protected', 'Cosmic Validator', 'Citadelone', 'BlueStake   100 insurance', 'OmniFlix Network', 'Stakecito', 'BadgerBite', ' Quokka Stake', 'Stakewollecom  full insurance', 'MathNodes']"
30,BadgerBite,10,6,0,0,0,16,16,16,15,13,0.9375,0.8125,1.0,0,0.75,0.6875,0.125,0.25,0.625,0.375,0.4375,0.4375,0.375,0.4375,0.8125,0.0,0.3125,0.3125,0.0,0.625,0.625,0.0,0.625,0.125,0.8125,0.0,0.625,0.875,0.4375,0.1875,0.1875,0.1875,0.6875,0.75,1.0,0.1875,0.5625,0.0,0.4375,0.125,0.4375,0.6875,0.75,0.8125,0.1875,0.0625,0.3125,0.1875,0.125,0.0,0.3125,0.3125,0.5,0.625,0.625,0.1875,0.0,0.25,0.0625,0.1875,0.875,0.0,0.5,0.375,0.4375,0.0625,0.1875,0.375,0.9375,0.25,0.0625,0.6875,0.0,0.0625,0.5625,0.375,0.875,0.1875,0.8125,0.25,0.5625,0.1875,0.125,0.6875,0.375,0.25,0.0,0.1875,0.0625,0.5625,0.25,0.3125,0.5,0.3125,0.0625,0.4375,0.0,0.375,0.1875,0.0625,0.0625,0.3125,0.3125,0.25,0.1875,0.0625,0.0625,0.0625,"[' AutoStake  Slash Protected', 'Cosmic Validator', 'Mandragora', 'WhisperNode ', 'CommunityStaking', 'Citadelone', 'Cosmostation', 'BlueStake   100 insurance', 'OmniFlix Network', 'Stakecito', 'Komikuri', 'Allnodes', 'Decloud Nodes Lab', 'ChainTools', 'chainvibes', 'BridgeTower', 'MedasDigital', ' Quokka Stake', 'Stakewollecom  full insurance', 'Active Nodes  Please Redelegate before 3 June', 'MathNodes', 'exnihilovalidator', 'Nous Host']"
31,Klub Staking,5,0,0,3,0,8,8,16,4,4,0.5,0.5,0.5,3,0.1875,0.1875,0.0625,0.0,0.4375,0.125,0.125,0.1875,0.0625,0.125,0.25,0.0,0.1875,0.1875,0.0,0.375,0.125,0.0,0.0625,0.0,0.25,0.0,0.1875,0.0625,0.0,0.0625,0.0625,0.0,0.1875,0.0625,0.1875,1.0,0.125,0.0,0.25,0.1875,0.375,0.1875,0.375,0.25,0.0625,0.0,0.1875,0.0,0.0,0.0,0.125,0.0,0.1875,0.25,0.25,0.0,0.0,0.0,0.0,0.1875,0.1875,0.0625,0.25,0.0,0.1875,0.0,0.0625,0.1875,0.125,0.0625,0.0,0.1875,0.0625,0.0,0.3125,0.0625,0.1875,0.0625,0.3125,0.4375,0.25,0.0625,0.0,0.1875,0.0,0.0,0.0,0.125,0.0,0.1875,0.1875,0.125,0.1875,0.125,0.0625,0.0,0.0,0.0,0.0,0.0,0.0,0.0,0.0,0.0,0.0,0.0,0.0,0.0,[]
32,PoS Node,8,1,0,0,7,9,16,16,9,13,0.5625,0.8125,0.5625,1,0.3125,0.375,0.0,0.0,0.4375,0.0,0.3125,0.4375,0.1875,0.0625,0.4375,0.0625,0.0625,0.1875,0.4375,0.4375,0.4375,0.4375,0.3125,0.125,0.4375,0.4375,0.3125,0.4375,0.4375,0.25,0.0625,0.1875,0.4375,0.4375,0.5625,0.125,1.0,0.4375,0.1875,0.0625,0.3125,0.5,0.5,0.625,0.0,0.375,0.0625,0.0,0.4375,0.0,0.125,0.4375,0.3125,0.3125,0.5625,0.1875,0.4375,0.25,0.0625,0.1875,0.5625,0.0,0.125,0.375,0.3125,0.0625,0.125,0.125,0.5,0.0,0.375,0.5,0.0625,0.375,0.375,0.5,0.5,0.0,0.5625,0.125,0.1875,0.0,0.5625,0.75,0.8125,0.625,0.0,0.3125,0.1875,0.5,0.1875,0.1875,0.375,0.3125,0.0,0.375,0.0,0.375,0.1875,0.0625,0.0625,0.3125,0.3125,0.25,0.1875,0.0625,0.0625,0.0625,"['chainvibes', 'Nous Host', 'zeroserviceseu', 'Avril14th']"
33,Sarvodaya Validators,0,0,0,0,16,0,16,16,0,8,0.0,0.5,0.0,1,0.0625,0.0,0.0,0.0,0.0,0.0,0.0,0.125,0.0,0.0,0.0,0.125,0.0,0.0,1.0,0.0,0.0625,1.0,0.0625,0.0,0.0625,1.0,0.125,0.0,0.0,0.625,0.0625,0.0,0.0,0.0625,0.0,0.0,0.4375,1.0,0.5,0.0,0.0,0.0,0.0625,0.0625,0.0,0.9375,0.0,0.0,0.8125,0.0625,0.0,0.1875,0.0,0.0,0.1875,0.0,1.0,0.0,0.0,0.1875,0.0,0.0,0.0,0.0,0.0,0.0,0.25,0.0,0.0,0.0,0.9375,0.0,0.0625,0.8125,0.0,0.25,0.0,0.0,0.0,0.0,0.0625,0.0,0.875,0.25,0.5625,0.625,0.0,0.4375,0.25,0.0,0.0,0.0,0.0,0.0625,0.0,0.0,0.0,0.0,0.0,0.0,0.0,0.0,0.0,0.0,0.0,0.0,0.0,0.0,"['Chihuahua', 'Zenscape', 'artifact', 'SOLAR Labs', 'Perfect Stake ', 'Bit Cat', 'UNBONDING', 'Woodstock Fund', 'Decommissioned', 'Bitveil', 'Avril14th']"
34,WeStaking,4,4,0,0,8,8,16,16,8,8,0.5,0.5,0.5,3,0.5,0.375,0.1875,0.1875,0.3125,0.375,0.0625,0.3125,0.25,0.375,0.5,0.125,0.3125,0.0,0.5,0.25,0.3125,0.5,0.3125,0.0,0.5625,0.5,0.5,0.3125,0.0,0.5625,0.3125,0.0,0.25,0.3125,0.4375,0.25,0.1875,0.5,1.0,0.1875,0.25,0.25,0.3125,0.4375,0.25,0.5,0.3125,0.1875,0.3125,0.0625,0.3125,0.125,0.25,0.3125,0.375,0.0,0.5,0.0,0.0,0.3125,0.375,0.0625,0.375,0.0,0.25,0.0,0.4375,0.3125,0.375,0.3125,0.5,0.25,0.125,0.5,0.1875,0.125,0.4375,0.25,0.4375,0.3125,0.5625,0.25,0.375,0.25,0.0625,0.25,0.0,0.5,0.1875,0.1875,0.1875,0.125,0.1875,0.1875,0.0625,0.0,0.0,0.0,0.0,0.0,0.0,0.0,0.0,0.0,0.0,0.0,0.0,0.0,[]
35,SmartNodes  Slash Protected,3,0,0,0,0,3,3,16,3,2,1.0,0.6666666666666666,0.1875,1,0.125,0.125,0.0625,0.0,0.1875,0.125,0.0,0.1875,0.0,0.125,0.1875,0.0,0.125,0.0,0.0,0.125,0.125,0.0,0.0625,0.0,0.1875,0.0,0.125,0.0625,0.0,0.0625,0.0625,0.0,0.125,0.0,0.125,0.1875,0.0625,0.0,0.1875,1.0,0.125,0.125,0.125,0.1875,0.0625,0.0,0.125,0.0,0.0,0.0,0.125,0.0,0.1875,0.125,0.1875,0.0,0.0,0.0,0.0,0.125,0.125,0.0625,0.125,0.0,0.125,0.0,0.0625,0.125,0.125,0.0625,0.0,0.125,0.0625,0.0,0.125,0.0625,0.125,0.0625,0.1875,0.1875,0.1875,0.0625,0.0,0.125,0.0,0.0,0.0,0.0625,0.0,0.125,0.125,0.0625,0.125,0.125,0.0625,0.0,0.0,0.0,0.0,0.0,0.0,0.0,0.0,0.0,0.0,0.0,0.0,0.0,[]
36,Stake Frites  ,5,2,0,5,0,12,12,16,7,6,0.5833333333333334,0.5,0.75,0,0.375,0.4375,0.0,0.0,0.5625,0.125,0.1875,0.25,0.1875,0.125,0.4375,0.0,0.125,0.375,0.0,0.6875,0.25,0.0,0.25,0.0625,0.5,0.0,0.4375,0.3125,0.1875,0.125,0.0,0.125,0.375,0.3125,0.4375,0.375,0.3125,0.0,0.25,0.125,1.0,0.375,0.625,0.4375,0.0,0.0,0.125,0.0,0.0,0.0,0.125,0.0625,0.25,0.3125,0.375,0.125,0.0,0.125,0.0,0.25,0.375,0.0,0.1875,0.1875,0.25,0.0,0.0,0.1875,0.375,0.0625,0.0,0.4375,0.0,0.0,0.5,0.1875,0.375,0.0,0.4375,0.4375,0.25,0.0,0.0,0.375,0.125,0.125,0.0,0.1875,0.0,0.4375,0.1875,0.25,0.3125,0.25,0.0625,0.1875,0.0,0.125,0.0625,0.0625,0.125,0.125,0.125,0.125,0.0,0.0,0.0,0.0,"['CommunityStaking', 'ChainTools']"
37,Decloud Nodes Lab,9,3,0,0,0,12,12,16,11,12,0.9166666666666666,1.0,0.75,4,0.5,0.4375,0.0,0.0,0.625,0.1875,0.4375,0.4375,0.125,0.25,0.5625,0.0,0.1875,0.25,0.0,0.5625,0.4375,0.0,0.375,0.125,0.5625,0.0,0.4375,0.5625,0.375,0.125,0.0,0.1875,0.625,0.5625,0.6875,0.1875,0.5,0.0,0.25,0.125,0.375,1.0,0.625,0.5625,0.0,0.0,0.125,0.0625,0.125,0.0,0.0625,0.3125,0.5,0.4375,0.625,0.1875,0.0,0.3125,0.0625,0.1875,0.625,0.0,0.25,0.3125,0.4375,0.0625,0.0,0.1875,0.625,0.0625,0.0,0.625,0.0,0.0,0.4375,0.375,0.75,0.0,0.5625,0.25,0.375,0.0,0.125,0.75,0.4375,0.25,0.0,0.125,0.0625,0.5,0.25,0.3125,0.5625,0.3125,0.0625,0.375,0.0,0.375,0.125,0.0,0.0625,0.3125,0.3125,0.25,0.1875,0.0625,0.0625,0.0625,"['Mandragora', 'Komikuri', 'BadgerBite', 'ChainTools', 'MedasDigital', ' Quokka Stake', 'Stakewollecom  full insurance', 'Active Nodes  Please Redelegate before 3 June', 'MathNodes', 'Nous Host']"
38,ChainTools,9,3,0,3,1,15,16,16,11,9,0.6875,0.5625,0.9375,1,0.625,0.4375,0.0,0.0625,0.75,0.1875,0.4375,0.375,0.1875,0.25,0.625,0.0625,0.125,0.5,0.0625,0.75,0.375,0.0625,0.375,0.125,0.6875,0.0625,0.5,0.625,0.375,0.1875,0.0,0.1875,0.625,0.5,0.75,0.375,0.5,0.0625,0.3125,0.125,0.625,0.625,1.0,0.5625,0.0,0.125,0.125,0.0,0.1875,0.0625,0.125,0.25,0.4375,0.5,0.6875,0.125,0.0625,0.25,0.0625,0.25,0.625,0.0,0.3125,0.3125,0.4375,0.0,0.0625,0.125,0.6875,0.0625,0.125,0.6875,0.0,0.125,0.75,0.3125,0.625,0.0,0.5625,0.4375,0.4375,0.0,0.0625,0.625,0.3125,0.1875,0.0,0.25,0.125,0.5,0.25,0.25,0.5,0.3125,0.0625,0.4375,0.0,0.3125,0.125,0.0625,0.0625,0.25,0.25,0.25,0.125,0.0625,0.0,0.0,"[' AutoStake  Slash Protected', 'Mandragora', 'WhisperNode ', 'CommunityStaking', 'BlueStake   100 insurance', 'Stakecito', 'Komikuri', 'BadgerBite', 'Stake Frites  ', 'Decloud Nodes Lab', 'MedasDigital', ' Quokka Stake', 'Stakewollecom  full insurance', 'Active Nodes  Please Redelegate before 3 June', 'BlueFrenDAO', 'MathNodes', 'Nous Host']"
39,chainvibes,10,4,0,1,1,15,16,16,14,9,0.875,0.5625,0.9375,1,0.5625,0.6875,0.1875,0.1875,0.5625,0.3125,0.3125,0.5,0.4375,0.375,0.75,0.0,0.3125,0.1875,0.0625,0.5625,0.625,0.0625,0.625,0.125,0.75,0.0625,0.6875,0.6875,0.4375,0.0625,0.25,0.1875,0.5,0.5625,0.8125,0.25,0.625,0.0625,0.4375,0.1875,0.4375,0.5625,0.5625,1.0,0.25,0.0625,0.3125,0.1875,0.125,0.0,0.375,0.375,0.4375,0.5,0.5625,0.1875,0.0625,0.25,0.0625,0.3125,0.8125,0.0625,0.375,0.375,0.375,0.0625,0.3125,0.5,0.75,0.25,0.0625,0.5625,0.0625,0.0625,0.4375,0.3125,0.75,0.25,0.9375,0.25,0.5,0.25,0.1875,0.5625,0.4375,0.3125,0.0,0.25,0.125,0.5625,0.25,0.25,0.4375,0.3125,0.0625,0.375,0.0,0.375,0.1875,0.0625,0.0625,0.3125,0.3125,0.25,0.1875,0.0625,0.0625,0.0625,"['Cosmic Validator', 'WhisperNode ', 'Citadelone', 'Cosmostation', 'BlueStake   100 insurance', 'OmniFlix Network', 'Stakecito', 'BadgerBite', 'PoS Node', ' Quokka Stake', 'Stakewollecom  full insurance', 'MathNodes', 'exnihilovalidator']"
40,DECOMISSIONED AUDITone,1,3,0,0,0,4,4,16,4,4,1.0,1.0,0.25,0,0.1875,0.1875,0.1875,0.1875,0.0625,0.25,0.0,0.0625,0.1875,0.25,0.25,0.0,0.1875,0.0,0.0,0.0,0.25,0.0,0.1875,0.0,0.25,0.0,0.25,0.1875,0.0,0.0,0.25,0.0,0.0,0.1875,0.1875,0.0625,0.0,0.0,0.25,0.0625,0.0,0.0,0.0,0.25,1.0,0.0,0.1875,0.1875,0.0,0.0,0.25,0.0,0.0625,0.125,0.0625,0.0,0.0,0.0,0.0,0.0,0.1875,0.0625,0.1875,0.0,0.0,0.0,0.25,0.25,0.1875,0.25,0.0,0.0,0.0625,0.0,0.0,0.0,0.1875,0.25,0.25,0.0625,0.25,0.25,0.0,0.0,0.0,0.0,0.0,0.0,0.0,0.0,0.0,0.0,0.0,0.0,0.0,0.0,0.0,0.0,0.0,0.0,0.0,0.0,0.0,0.0,0.0,0.0,0.0,0.0,[]
41,Perfect Stake ,0,1,0,0,15,1,16,16,0,2,0.0,0.125,0.0625,0,0.125,0.0625,0.0,0.0625,0.0,0.0,0.0625,0.125,0.0,0.0,0.0,0.125,0.0,0.0625,0.9375,0.0625,0.0625,0.9375,0.125,0.0,0.0625,0.9375,0.125,0.0625,0.0,0.6875,0.0625,0.0,0.0625,0.125,0.0625,0.0,0.375,0.9375,0.5,0.0,0.0,0.0,0.125,0.0625,0.0,1.0,0.0,0.0,0.75,0.0625,0.0,0.1875,0.0,0.0625,0.1875,0.0,0.9375,0.0,0.0,0.1875,0.0,0.0,0.0625,0.0,0.0,0.0,0.25,0.0,0.0625,0.0,1.0,0.0,0.0625,0.875,0.0625,0.3125,0.0,0.0,0.0,0.0,0.0625,0.0,0.8125,0.1875,0.5,0.5625,0.0,0.4375,0.25,0.0,0.0,0.0,0.0,0.0625,0.0,0.0,0.0,0.0,0.0,0.0,0.0,0.0,0.0,0.0,0.0,0.0,0.0,0.0,"['Chihuahua', 'Zenscape', 'artifact', 'SOLAR Labs', 'Sarvodaya Validators', 'Bit Cat', 'UNBONDING', 'Woodstock Fund', 'Decommissioned', 'Bitveil']"
42,Wanderer Staking,3,4,0,0,0,7,7,16,5,2,0.7142857142857143,0.2857142857142857,0.4375,1,0.3125,0.3125,0.125,0.1875,0.125,0.25,0.0625,0.125,0.1875,0.3125,0.3125,0.0,0.4375,0.0,0.0,0.125,0.25,0.0,0.25,0.0,0.3125,0.0,0.25,0.25,0.0,0.0625,0.1875,0.0,0.125,0.1875,0.3125,0.1875,0.0625,0.0,0.3125,0.125,0.125,0.125,0.125,0.3125,0.1875,0.0,1.0,0.1875,0.0,0.0,0.25,0.0,0.1875,0.3125,0.125,0.0,0.0,0.0,0.0,0.125,0.3125,0.0,0.375,0.0,0.125,0.0,0.1875,0.375,0.375,0.1875,0.0,0.125,0.0,0.0,0.125,0.0625,0.3125,0.1875,0.375,0.125,0.3125,0.1875,0.0,0.125,0.0,0.0,0.0,0.0625,0.0,0.125,0.125,0.0625,0.125,0.125,0.125,0.0,0.0,0.0,0.0,0.0,0.0,0.0,0.0,0.0,0.0,0.0,0.0,0.0,[]
43,Redelegateyourfunds,0,4,0,0,0,4,4,16,3,3,0.75,0.75,0.25,0,0.1875,0.1875,0.125,0.1875,0.0,0.1875,0.0625,0.0,0.1875,0.1875,0.1875,0.0,0.25,0.0,0.0,0.0,0.1875,0.0,0.1875,0.0,0.1875,0.0,0.1875,0.1875,0.0,0.0,0.1875,0.0,0.0,0.25,0.1875,0.0,0.0,0.0,0.1875,0.0,0.0,0.0625,0.0,0.1875,0.1875,0.0,0.1875,1.0,0.0,0.0,0.1875,0.0,0.0,0.125,0.0,0.0,0.0,0.0625,0.0,0.0,0.1875,0.0,0.1875,0.0,0.0,0.0,0.1875,0.1875,0.1875,0.1875,0.0,0.0,0.0,0.0,0.0,0.0625,0.25,0.1875,0.1875,0.0,0.1875,0.1875,0.0,0.0625,0.0625,0.0,0.0,0.0,0.0,0.0,0.0,0.0,0.0625,0.0,0.0,0.0,0.0,0.0,0.0,0.0,0.0,0.0,0.0,0.0,0.0,0.0,0.0,0.0,[]
44,Bit Cat,2,0,0,1,13,3,16,16,2,8,0.125,0.5,0.1875,1,0.25,0.125,0.0,0.0,0.1875,0.0625,0.0625,0.1875,0.0,0.125,0.125,0.0625,0.0,0.1875,0.8125,0.125,0.25,0.8125,0.0625,0.125,0.1875,0.8125,0.25,0.125,0.0625,0.4375,0.0,0.0,0.1875,0.1875,0.125,0.0,0.4375,0.8125,0.3125,0.0,0.0,0.125,0.1875,0.125,0.0,0.75,0.0,0.0,1.0,0.0625,0.0,0.25,0.125,0.125,0.375,0.0,0.8125,0.0625,0.0,0.1875,0.125,0.0,0.0625,0.0625,0.125,0.0,0.1875,0.0,0.125,0.0,0.75,0.125,0.0,0.625,0.0625,0.25,0.125,0.0,0.0625,0.0,0.1875,0.0,0.6875,0.375,0.5625,0.4375,0.0,0.3125,0.25,0.0625,0.0,0.125,0.125,0.0,0.0,0.125,0.0,0.125,0.0625,0.0,0.0625,0.0,0.0,0.0,0.0,0.0,0.0,0.0,"['Chihuahua', 'Zenscape', 'artifact', 'Sarvodaya Validators', 'Perfect Stake ', 'UNBONDING', 'Woodstock Fund', 'Decommissioned', 'Bitveil']"
45,CosmicNode,0,0,0,0,1,0,1,16,0,0,0.0,0.0,0.0,2,0.0625,0.0,0.0,0.0,0.0,0.0,0.0,0.0,0.0,0.0,0.0,0.0625,0.0,0.0,0.0625,0.0,0.0,0.0625,0.0,0.0,0.0625,0.0625,0.0625,0.0,0.0,0.0,0.0,0.0,0.0,0.0,0.0,0.0,0.0,0.0625,0.0625,0.0,0.0,0.0,0.0625,0.0,0.0,0.0625,0.0,0.0,0.0625,1.0,0.0,0.0,0.0,0.0,0.0625,0.0,0.0625,0.0,0.0,0.0625,0.0,0.0,0.0,0.0,0.0,0.0,0.0625,0.0,0.0,0.0,0.0625,0.0,0.0,0.0625,0.0,0.0,0.0,0.0,0.0,0.0,0.0625,0.0,0.0,0.0,0.0,0.0,0.0,0.0625,0.0625,0.0,0.0,0.0,0.0,0.0,0.0,0.0,0.0,0.0,0.0,0.0,0.0,0.0,0.0,0.0,0.0,0.0,0.0,0.0,[]
46,Autonomy  Formerly PrithviDevs ,3,3,0,0,0,6,6,16,6,5,1.0,0.8333333333333334,0.375,4,0.25,0.25,0.1875,0.1875,0.125,0.25,0.0,0.125,0.25,0.25,0.375,0.0,0.25,0.0,0.0,0.0625,0.3125,0.0,0.1875,0.0,0.375,0.0,0.25,0.25,0.0625,0.0,0.25,0.0,0.0625,0.1875,0.3125,0.125,0.125,0.0,0.3125,0.125,0.125,0.0625,0.125,0.375,0.25,0.0,0.25,0.1875,0.0,0.0,1.0,0.0,0.125,0.1875,0.125,0.0,0.0,0.0,0.0,0.0625,0.3125,0.0625,0.25,0.0625,0.0625,0.0,0.25,0.25,0.3125,0.25,0.0,0.125,0.0625,0.0,0.125,0.0,0.25,0.25,0.375,0.125,0.3125,0.25,0.0,0.0625,0.0,0.0,0.0,0.125,0.0,0.125,0.0625,0.0,0.0625,0.0625,0.0,0.0625,0.0,0.0,0.0625,0.0625,0.0,0.0,0.0,0.0,0.0,0.0,0.0,0.0,[]
47,ValidatorNode,5,0,0,1,3,6,9,16,5,5,0.5555555555555556,0.5555555555555556,0.375,4,0.25,0.25,0.0,0.0,0.3125,0.0,0.1875,0.375,0.0625,0.0625,0.1875,0.0625,0.0,0.1875,0.1875,0.3125,0.3125,0.1875,0.3125,0.125,0.1875,0.1875,0.25,0.3125,0.3125,0.125,0.0625,0.125,0.3125,0.25,0.3125,0.0,0.4375,0.1875,0.125,0.0,0.0625,0.3125,0.25,0.375,0.0,0.1875,0.0,0.0,0.25,0.0,0.0,1.0,0.25,0.125,0.3125,0.125,0.1875,0.1875,0.0625,0.0625,0.3125,0.0,0.0,0.25,0.25,0.0625,0.125,0.125,0.3125,0.0,0.1875,0.25,0.0625,0.1875,0.25,0.25,0.3125,0.0,0.3125,0.0,0.0625,0.0,0.3125,0.3125,0.4375,0.3125,0.0,0.1875,0.1875,0.25,0.0625,0.1875,0.1875,0.1875,0.0,0.25,0.0,0.375,0.125,0.0,0.0625,0.25,0.25,0.1875,0.1875,0.0625,0.0625,0.0625,[]
48,Dwebnet,8,2,0,0,0,10,10,16,9,9,0.9,0.9,0.625,4,0.4375,0.3125,0.0625,0.0,0.5625,0.25,0.1875,0.375,0.0,0.375,0.4375,0.0,0.1875,0.1875,0.0,0.4375,0.4375,0.0,0.25,0.0625,0.5,0.0,0.375,0.4375,0.25,0.125,0.0625,0.125,0.5,0.375,0.5,0.1875,0.3125,0.0,0.25,0.1875,0.25,0.5,0.4375,0.4375,0.0625,0.0,0.1875,0.0,0.125,0.0,0.125,0.25,1.0,0.3125,0.5,0.125,0.0,0.125,0.0625,0.125,0.4375,0.0625,0.1875,0.1875,0.3125,0.0625,0.0625,0.3125,0.5625,0.125,0.0,0.4375,0.0625,0.0,0.375,0.25,0.5,0.0625,0.4375,0.25,0.375,0.0625,0.125,0.5,0.25,0.125,0.0,0.0625,0.0625,0.375,0.1875,0.25,0.3125,0.1875,0.125,0.25,0.0,0.25,0.125,0.0,0.0,0.1875,0.1875,0.125,0.125,0.0625,0.0625,0.0625,[]
49,BridgeTower,8,4,0,0,0,12,12,16,9,8,0.75,0.6666666666666666,0.75,0,0.5625,0.5625,0.0625,0.1875,0.4375,0.25,0.375,0.375,0.1875,0.3125,0.5625,0.0,0.3125,0.3125,0.0,0.4375,0.4375,0.0,0.375,0.125,0.5625,0.0,0.4375,0.5,0.1875,0.125,0.125,0.125,0.5,0.5,0.625,0.25,0.3125,0.0,0.3125,0.125,0.3125,0.4375,0.5,0.5,0.125,0.0625,0.3125,0.125,0.125,0.0,0.1875,0.125,0.3125,1.0,0.5,0.125,0.0,0.1875,0.0,0.1875,0.5625,0.0,0.5,0.1875,0.25,0.0,0.125,0.25,0.5625,0.125,0.0625,0.4375,0.0,0.0625,0.3125,0.3125,0.5625,0.125,0.5625,0.1875,0.4375,0.125,0.0,0.4375,0.1875,0.125,0.0,0.125,0.0625,0.375,0.1875,0.25,0.4375,0.25,0.0625,0.25,0.0,0.1875,0.0625,0.0,0.0625,0.125,0.125,0.125,0.0,0.0,0.0,0.0,['BadgerBite']
50,MedasDigital,10,2,0,1,3,13,16,16,11,10,0.6875,0.625,0.8125,0,0.625,0.4375,0.0625,0.0,0.6875,0.25,0.375,0.5625,0.125,0.3125,0.625,0.0625,0.125,0.3125,0.1875,0.5625,0.5,0.1875,0.375,0.1875,0.6875,0.1875,0.625,0.5,0.3125,0.25,0.0625,0.1875,0.625,0.4375,0.625,0.25,0.5625,0.1875,0.375,0.1875,0.375,0.625,0.6875,0.5625,0.0625,0.1875,0.125,0.0,0.375,0.0625,0.125,0.3125,0.5,0.5,1.0,0.125,0.1875,0.25,0.0625,0.25,0.5625,0.0625,0.25,0.25,0.5,0.0,0.125,0.1875,0.5625,0.125,0.1875,0.625,0.0625,0.1875,0.4375,0.375,0.625,0.0625,0.5625,0.3125,0.5,0.0625,0.1875,0.75,0.4375,0.3125,0.0,0.1875,0.125,0.4375,0.25,0.3125,0.5,0.3125,0.0625,0.375,0.0,0.375,0.0625,0.0,0.125,0.25,0.25,0.25,0.125,0.0625,0.0,0.0,"[' AutoStake  Slash Protected', 'Mandragora', 'WhisperNode ', 'BlueStake   100 insurance', 'OmniFlix Network', 'Komikuri', 'BadgerBite', 'Decloud Nodes Lab', 'ChainTools', 'Active Nodes  Please Redelegate before 3 June', 'MathNodes', 'Nous Host']"
51,TRGC By Liquify,2,1,0,0,0,3,3,16,3,3,1.0,1.0,0.1875,5,0.0625,0.1875,0.0,0.0,0.1875,0.0,0.125,0.1875,0.0,0.0,0.125,0.0,0.0,0.125,0.0,0.1875,0.1875,0.0,0.1875,0.0625,0.125,0.0,0.125,0.1875,0.1875,0.0,0.0,0.125,0.1875,0.1875,0.1875,0.0,0.1875,0.0,0.0,0.0,0.125,0.1875,0.125,0.1875,0.0,0.0,0.0,0.0,0.0,0.0,0.0,0.125,0.125,0.125,0.125,1.0,0.0,0.125,0.0,0.0,0.1875,0.0,0.0,0.1875,0.0,0.0625,0.0,0.0625,0.1875,0.0,0.0,0.125,0.0,0.0,0.0625,0.1875,0.1875,0.0,0.1875,0.0,0.0,0.0,0.0625,0.1875,0.1875,0.1875,0.0,0.0,0.0,0.1875,0.0,0.125,0.125,0.125,0.0,0.125,0.0,0.1875,0.0625,0.0,0.0625,0.1875,0.1875,0.125,0.0625,0.0,0.0625,0.0625,[]
52,UNBONDING,0,0,0,0,16,0,16,16,0,2,0.0,0.125,0.0,0,0.0625,0.0,0.0,0.0,0.0,0.0,0.0,0.125,0.0,0.0,0.0,0.125,0.0,0.0,1.0,0.0,0.0625,1.0,0.0625,0.0,0.0625,1.0,0.125,0.0,0.0,0.625,0.0625,0.0,0.0,0.0625,0.0,0.0,0.4375,1.0,0.5,0.0,0.0,0.0,0.0625,0.0625,0.0,0.9375,0.0,0.0,0.8125,0.0625,0.0,0.1875,0.0,0.0,0.1875,0.0,1.0,0.0,0.0,0.1875,0.0,0.0,0.0,0.0,0.0,0.0,0.25,0.0,0.0,0.0,0.9375,0.0,0.0625,0.8125,0.0,0.25,0.0,0.0,0.0,0.0,0.0625,0.0,0.875,0.25,0.5625,0.625,0.0,0.4375,0.25,0.0,0.0,0.0,0.0,0.0625,0.0,0.0,0.0,0.0,0.0,0.0,0.0,0.0,0.0,0.0,0.0,0.0,0.0,0.0,"['Chihuahua', 'Zenscape', 'artifact', 'SOLAR Labs', 'Sarvodaya Validators', 'Perfect Stake ', 'Bit Cat', 'Woodstock Fund', 'Decommissioned', 'Bitveil', 'Avril14th']"
53,50 Validator  Airdrop,3,2,0,0,0,5,5,16,4,5,0.8,1.0,0.3125,4,0.125,0.1875,0.0,0.0,0.1875,0.0,0.25,0.25,0.0625,0.0625,0.25,0.0,0.0625,0.1875,0.0,0.1875,0.1875,0.0,0.1875,0.125,0.1875,0.0,0.1875,0.25,0.25,0.0,0.0,0.125,0.1875,0.25,0.25,0.0,0.25,0.0,0.0,0.0,0.125,0.3125,0.25,0.25,0.0,0.0,0.0,0.0625,0.0625,0.0,0.0,0.1875,0.125,0.1875,0.25,0.125,0.0,1.0,0.0,0.0,0.25,0.0,0.0,0.25,0.125,0.0,0.0,0.0,0.25,0.0,0.0,0.25,0.0,0.0,0.1875,0.25,0.3125,0.0,0.25,0.0,0.0625,0.0,0.0,0.3125,0.3125,0.1875,0.0,0.0,0.0625,0.1875,0.0,0.0625,0.3125,0.1875,0.0,0.25,0.0,0.25,0.0625,0.0,0.0625,0.1875,0.1875,0.1875,0.0625,0.0,0.0,0.0,[]
54,Crypto Lab Tech,1,0,0,0,0,1,1,16,1,1,1.0,1.0,0.0625,4,0.0625,0.0,0.0,0.0,0.0625,0.0,0.0625,0.0,0.0,0.0,0.0,0.0,0.0,0.0,0.0,0.0625,0.0625,0.0,0.0625,0.0,0.0625,0.0,0.0625,0.0625,0.0625,0.0,0.0,0.0625,0.0625,0.0625,0.0625,0.0,0.0625,0.0,0.0,0.0,0.0,0.0625,0.0625,0.0625,0.0,0.0,0.0,0.0,0.0,0.0,0.0,0.0625,0.0625,0.0,0.0625,0.0,0.0,0.0,1.0,0.0,0.0625,0.0,0.0,0.0,0.0625,0.0,0.0,0.0625,0.0625,0.0,0.0,0.0625,0.0,0.0,0.0625,0.0,0.0625,0.0,0.0625,0.0,0.0,0.0,0.0625,0.0625,0.0625,0.0,0.0,0.0,0.0,0.0625,0.0625,0.0,0.0,0.0,0.0,0.0625,0.0,0.0625,0.0,0.0,0.0,0.0625,0.0625,0.0625,0.0625,0.0625,0.0,0.0,[]
55,DECOMMISSIONED,3,0,3,2,3,8,11,16,3,3,0.2727272727272727,0.2727272727272727,0.5,0,0.25,0.25,0.0,0.0,0.1875,0.0625,0.25,0.1875,0.125,0.0625,0.1875,0.0625,0.125,0.0,0.1875,0.25,0.0625,0.1875,0.125,0.0,0.25,0.1875,0.25,0.0625,0.0,0.125,0.0,0.0,0.1875,0.0625,0.1875,0.1875,0.1875,0.1875,0.3125,0.125,0.25,0.1875,0.25,0.3125,0.0,0.1875,0.125,0.0,0.1875,0.0625,0.0625,0.0625,0.125,0.1875,0.25,0.0,0.1875,0.0,0.0,1.0,0.25,0.0,0.1875,0.0,0.1875,0.0,0.1875,0.125,0.125,0.0,0.1875,0.4375,0.0,0.1875,0.125,0.0625,0.25,0.0,0.25,0.1875,0.25,0.0,0.0625,0.1875,0.0625,0.125,0.0625,0.3125,0.1875,0.1875,0.1875,0.125,0.1875,0.125,0.0625,0.0,0.0,0.0,0.0,0.0,0.0,0.0,0.0,0.0,0.0,0.0,0.0,0.0,[]
56, Quokka Stake,10,4,0,2,0,16,16,16,14,14,0.875,0.875,1.0,7,0.625,0.6875,0.125,0.1875,0.5625,0.3125,0.375,0.5,0.4375,0.375,0.75,0.0,0.3125,0.3125,0.0,0.5,0.6875,0.0,0.625,0.125,0.75,0.0,0.5625,0.75,0.4375,0.0625,0.1875,0.1875,0.5625,0.625,0.875,0.1875,0.5625,0.0,0.375,0.125,0.375,0.625,0.625,0.8125,0.1875,0.0,0.3125,0.1875,0.125,0.0,0.3125,0.3125,0.4375,0.5625,0.5625,0.1875,0.0,0.25,0.0625,0.25,1.0,0.0,0.4375,0.375,0.375,0.0625,0.1875,0.375,0.8125,0.1875,0.0,0.6875,0.0,0.0,0.4375,0.375,0.875,0.25,0.8125,0.1875,0.5,0.1875,0.125,0.625,0.375,0.25,0.0,0.1875,0.0625,0.5625,0.25,0.3125,0.5,0.3125,0.0625,0.4375,0.0,0.375,0.1875,0.0625,0.0625,0.3125,0.3125,0.25,0.1875,0.0625,0.0625,0.0625,"[' AutoStake  Slash Protected', 'Cosmic Validator', 'WhisperNode ', 'Citadelone', 'Cosmostation', 'BlueStake   100 insurance', 'Stakecito', 'Allnodes', 'BadgerBite', 'Decloud Nodes Lab', 'ChainTools', 'chainvibes', 'Stakewollecom  full insurance', 'Active Nodes  Please Redelegate before 3 June', 'MathNodes', 'exnihilovalidator', 'Nous Host']"
57,DragonStake ,1,0,0,0,0,1,1,16,1,1,1.0,1.0,0.0625,4,0.0,0.0,0.0625,0.0,0.0625,0.0625,0.0,0.0625,0.0,0.0625,0.0625,0.0,0.0,0.0,0.0,0.0,0.0625,0.0,0.0,0.0,0.0625,0.0,0.0625,0.0,0.0,0.0,0.0625,0.0,0.0,0.0,0.0,0.0625,0.0,0.0,0.0625,0.0625,0.0,0.0,0.0,0.0625,0.0625,0.0,0.0,0.0,0.0,0.0,0.0625,0.0,0.0625,0.0,0.0625,0.0,0.0,0.0,0.0,0.0,0.0,1.0,0.0,0.0,0.0,0.0,0.0625,0.0625,0.0,0.0625,0.0,0.0,0.0625,0.0,0.0,0.0,0.0,0.0625,0.0625,0.0625,0.0625,0.0625,0.0,0.0,0.0,0.0,0.0,0.0,0.0,0.0,0.0,0.0,0.0,0.0,0.0,0.0,0.0,0.0,0.0,0.0,0.0,0.0,0.0,0.0,0.0,0.0,0.0,0.0,[]
58,REDELEGATEPLEASE,5,4,0,0,0,9,9,16,7,8,0.7777777777777778,0.8888888888888888,0.5625,5,0.5,0.4375,0.125,0.25,0.25,0.3125,0.25,0.125,0.25,0.3125,0.4375,0.0,0.375,0.125,0.0,0.25,0.3125,0.0,0.3125,0.0,0.4375,0.0,0.3125,0.375,0.0,0.125,0.1875,0.0,0.3125,0.375,0.5,0.25,0.125,0.0,0.375,0.125,0.1875,0.25,0.3125,0.375,0.1875,0.0625,0.375,0.1875,0.0625,0.0,0.25,0.0,0.1875,0.5,0.25,0.0,0.0,0.0,0.0,0.1875,0.4375,0.0,1.0,0.0,0.1875,0.0,0.1875,0.3125,0.4375,0.1875,0.0625,0.25,0.0,0.0625,0.1875,0.125,0.4375,0.1875,0.4375,0.1875,0.4375,0.1875,0.0,0.25,0.0,0.0,0.0,0.125,0.0,0.1875,0.1875,0.1875,0.25,0.125,0.0625,0.0625,0.0,0.0,0.0,0.0,0.0,0.0,0.0,0.0,0.0,0.0,0.0,0.0,[]
59,Winter Validator,5,1,0,0,0,6,6,16,6,6,1.0,1.0,0.375,5,0.125,0.25,0.0,0.0,0.25,0.0,0.1875,0.3125,0.125,0.0625,0.3125,0.0,0.0,0.1875,0.0,0.25,0.25,0.0,0.25,0.125,0.25,0.0,0.1875,0.375,0.375,0.0,0.0,0.125,0.25,0.25,0.375,0.0,0.375,0.0,0.0,0.0,0.1875,0.3125,0.3125,0.375,0.0,0.0,0.0,0.0,0.0625,0.0,0.0625,0.25,0.1875,0.1875,0.25,0.1875,0.0,0.25,0.0,0.0,0.375,0.0,0.0,1.0,0.125,0.0625,0.0,0.0625,0.375,0.0,0.0,0.3125,0.0,0.0,0.25,0.25,0.3125,0.0,0.375,0.0,0.0625,0.0,0.0625,0.3125,0.3125,0.25,0.0,0.0625,0.0625,0.3125,0.0,0.125,0.25,0.1875,0.0,0.3125,0.0,0.3125,0.1875,0.0625,0.0625,0.25,0.25,0.1875,0.125,0.0,0.0625,0.0625,[]
60,Trivium  TriviumNetwork,6,1,0,3,0,10,10,16,7,7,0.7,0.7,0.625,0,0.5,0.3125,0.0,0.0,0.4375,0.125,0.1875,0.3125,0.125,0.1875,0.375,0.0,0.125,0.125,0.0,0.4375,0.25,0.0,0.25,0.1875,0.375,0.0,0.375,0.3125,0.1875,0.125,0.0,0.0625,0.4375,0.25,0.4375,0.1875,0.3125,0.0,0.25,0.125,0.25,0.4375,0.4375,0.375,0.0,0.0,0.125,0.0,0.125,0.0,0.0625,0.25,0.3125,0.25,0.5,0.0,0.0,0.125,0.0625,0.1875,0.375,0.0,0.1875,0.125,1.0,0.0,0.0,0.125,0.375,0.0625,0.0,0.4375,0.0,0.0,0.375,0.125,0.4375,0.0,0.375,0.25,0.3125,0.0,0.0625,0.4375,0.1875,0.0625,0.0,0.125,0.0625,0.3125,0.25,0.1875,0.3125,0.1875,0.0625,0.1875,0.0,0.25,0.0625,0.0,0.0625,0.125,0.125,0.125,0.125,0.0625,0.0,0.0,[]
61,Liquify,1,0,0,0,0,1,1,16,1,1,1.0,1.0,0.0625,6,0.0,0.0625,0.0,0.0,0.0625,0.0,0.0,0.0625,0.0,0.0,0.0,0.0,0.0,0.0,0.0,0.0625,0.0625,0.0,0.0625,0.0,0.0,0.0,0.0,0.0625,0.0625,0.0,0.0,0.0,0.0625,0.0625,0.0625,0.0,0.0625,0.0,0.0,0.0,0.0,0.0625,0.0,0.0625,0.0,0.0,0.0,0.0,0.0,0.0,0.0,0.0625,0.0625,0.0,0.0,0.0625,0.0,0.0,0.0,0.0,0.0625,0.0,0.0,0.0625,0.0,1.0,0.0,0.0625,0.0625,0.0,0.0,0.0,0.0,0.0,0.0,0.0625,0.0625,0.0,0.0625,0.0,0.0,0.0,0.0625,0.0625,0.0625,0.0625,0.0,0.0,0.0,0.0625,0.0,0.0625,0.0,0.0,0.0,0.0,0.0,0.0625,0.0625,0.0,0.0,0.0625,0.0625,0.0,0.0625,0.0,0.0625,0.0625,[]
62,Tavis Digital,1,3,0,0,4,4,8,16,4,5,0.5,0.625,0.25,0,0.25,0.1875,0.1875,0.1875,0.0625,0.25,0.0,0.1875,0.1875,0.25,0.25,0.125,0.1875,0.0,0.25,0.0,0.25,0.25,0.1875,0.0,0.3125,0.25,0.3125,0.1875,0.0,0.125,0.3125,0.0,0.0,0.1875,0.1875,0.0625,0.125,0.25,0.4375,0.0625,0.0,0.0,0.0625,0.3125,0.25,0.25,0.1875,0.1875,0.1875,0.0625,0.25,0.125,0.0625,0.125,0.125,0.0,0.25,0.0,0.0,0.1875,0.1875,0.0625,0.1875,0.0,0.0,0.0,1.0,0.25,0.1875,0.25,0.25,0.0,0.125,0.25,0.0,0.0625,0.1875,0.25,0.25,0.0625,0.3125,0.25,0.125,0.0,0.125,0.1875,0.0,0.25,0.25,0.0,0.0,0.0,0.0,0.0625,0.0,0.0,0.0,0.0,0.0,0.0,0.0,0.0,0.0,0.0,0.0,0.0,0.0,0.0,[]
63,Easy2Stake,5,4,0,4,0,13,13,16,7,7,0.5384615384615384,0.5384615384615384,0.8125,0,0.375,0.4375,0.1875,0.1875,0.25,0.375,0.25,0.1875,0.375,0.4375,0.3125,0.0,0.375,0.125,0.0,0.3125,0.4375,0.0,0.5,0.0,0.4375,0.0,0.5,0.4375,0.125,0.125,0.25,0.0625,0.1875,0.4375,0.375,0.1875,0.125,0.0,0.3125,0.125,0.1875,0.1875,0.125,0.5,0.25,0.0,0.375,0.1875,0.0,0.0,0.25,0.125,0.3125,0.25,0.1875,0.0625,0.0,0.0,0.0625,0.125,0.375,0.0625,0.3125,0.0625,0.125,0.0625,0.25,1.0,0.4375,0.25,0.0,0.125,0.0625,0.0625,0.125,0.1875,0.375,0.25,0.5625,0.125,0.3125,0.25,0.125,0.1875,0.125,0.0625,0.0,0.0,0.0,0.25,0.125,0.3125,0.0625,0.0625,0.1875,0.0625,0.0625,0.125,0.0625,0.0,0.0625,0.125,0.125,0.0625,0.125,0.0625,0.0625,0.0625,[]
64,Stakewollecom  full insurance,9,7,0,0,0,16,16,16,14,12,0.875,0.75,1.0,0,0.6875,0.625,0.125,0.25,0.5625,0.375,0.375,0.4375,0.3125,0.5,0.75,0.0,0.375,0.3125,0.0,0.5625,0.625,0.0,0.625,0.125,0.75,0.0,0.5625,0.875,0.4375,0.1875,0.1875,0.1875,0.625,0.6875,0.9375,0.125,0.5,0.0,0.375,0.125,0.375,0.625,0.6875,0.75,0.1875,0.0625,0.375,0.1875,0.125,0.0,0.3125,0.3125,0.5625,0.5625,0.5625,0.1875,0.0,0.25,0.0625,0.125,0.8125,0.0,0.4375,0.375,0.375,0.0625,0.1875,0.4375,1.0,0.25,0.0625,0.625,0.0,0.0625,0.5625,0.375,0.8125,0.1875,0.75,0.1875,0.5,0.1875,0.125,0.625,0.375,0.25,0.0,0.125,0.0625,0.5,0.1875,0.25,0.4375,0.3125,0.125,0.4375,0.0,0.375,0.1875,0.0625,0.0625,0.3125,0.3125,0.25,0.1875,0.0625,0.0625,0.0625,"[' AutoStake  Slash Protected', 'Cosmic Validator', 'WhisperNode ', 'Citadelone', 'Cosmostation', 'BlueStake   100 insurance', 'Stakecito', 'Komikuri', 'Allnodes', 'BadgerBite', 'Decloud Nodes Lab', 'ChainTools', 'chainvibes', ' Quokka Stake', 'Active Nodes  Please Redelegate before 3 June', 'MathNodes', 'exnihilovalidator', 'Nous Host']"
65,Daksha Validator,1,4,0,0,0,5,5,16,5,5,1.0,1.0,0.3125,0,0.25,0.1875,0.1875,0.1875,0.125,0.3125,0.0,0.0625,0.1875,0.3125,0.3125,0.0,0.1875,0.0,0.0,0.0625,0.25,0.0,0.1875,0.0,0.3125,0.0,0.3125,0.25,0.0,0.0625,0.25,0.0,0.0625,0.25,0.25,0.0625,0.0,0.0,0.3125,0.0625,0.0625,0.0625,0.0625,0.25,0.25,0.0,0.1875,0.1875,0.0,0.0,0.25,0.0,0.125,0.125,0.125,0.0,0.0,0.0,0.0,0.0,0.1875,0.0625,0.1875,0.0,0.0625,0.0,0.25,0.25,0.25,1.0,0.0,0.0625,0.0625,0.0,0.0625,0.0,0.25,0.25,0.25,0.125,0.3125,0.25,0.0,0.0625,0.0,0.0,0.0,0.0,0.0,0.0,0.0,0.0,0.0,0.0,0.0,0.0,0.0,0.0,0.0,0.0,0.0,0.0,0.0,0.0,0.0,0.0,0.0,0.0,[]
66,Woodstock Fund,0,1,0,0,15,1,16,16,0,2,0.0,0.125,0.0625,0,0.125,0.0625,0.0,0.0625,0.0,0.0,0.0625,0.125,0.0,0.0,0.0,0.125,0.0,0.0625,0.9375,0.0625,0.0625,0.9375,0.125,0.0,0.0625,0.9375,0.125,0.0625,0.0,0.6875,0.0625,0.0,0.0625,0.125,0.0625,0.0,0.375,0.9375,0.5,0.0,0.0,0.0,0.125,0.0625,0.0,1.0,0.0,0.0,0.75,0.0625,0.0,0.1875,0.0,0.0625,0.1875,0.0,0.9375,0.0,0.0,0.1875,0.0,0.0,0.0625,0.0,0.0,0.0,0.25,0.0,0.0625,0.0,1.0,0.0,0.0625,0.875,0.0625,0.3125,0.0,0.0,0.0,0.0,0.0625,0.0,0.8125,0.1875,0.5,0.5625,0.0,0.4375,0.25,0.0,0.0,0.0,0.0,0.0625,0.0,0.0,0.0,0.0,0.0,0.0,0.0,0.0,0.0,0.0,0.0,0.0,0.0,0.0,"['Chihuahua', 'Zenscape', 'artifact', 'SOLAR Labs', 'Sarvodaya Validators', 'Perfect Stake ', 'Bit Cat', 'UNBONDING', 'Decommissioned', 'Bitveil']"
67,Active Nodes  Please Redelegate before 3 June,9,2,3,1,0,15,15,16,11,9,0.7333333333333333,0.6,0.9375,0,0.5,0.375,0.0,0.0,0.5625,0.1875,0.5625,0.375,0.1875,0.25,0.625,0.0,0.125,0.25,0.0,0.5,0.375,0.0,0.3125,0.125,0.625,0.0,0.4375,0.5625,0.375,0.125,0.0,0.1875,0.5625,0.4375,0.6875,0.1875,0.5,0.0,0.25,0.125,0.4375,0.625,0.6875,0.5625,0.0,0.0,0.125,0.0,0.125,0.0,0.125,0.25,0.4375,0.4375,0.625,0.125,0.0,0.25,0.0625,0.4375,0.6875,0.0,0.25,0.3125,0.4375,0.0,0.0,0.125,0.625,0.0625,0.0,1.0,0.0,0.0,0.5,0.25,0.6875,0.0,0.5625,0.25,0.375,0.0,0.0625,0.625,0.3125,0.1875,0.0625,0.1875,0.0625,0.5,0.25,0.25,0.5,0.3125,0.0625,0.4375,0.0,0.3125,0.125,0.0625,0.0625,0.25,0.25,0.25,0.125,0.0625,0.0,0.0,"['WhisperNode ', 'BlueStake   100 insurance', 'BadgerBite', 'Decloud Nodes Lab', 'ChainTools', 'MedasDigital', ' Quokka Stake', 'Stakewollecom  full insurance', 'MathNodes', 'Nous Host']"
68,Secret LLC,1,0,0,0,1,1,2,16,1,1,0.5,0.5,0.0625,5,0.0,0.0,0.0625,0.0,0.0625,0.0625,0.0,0.125,0.0,0.0625,0.0625,0.0625,0.0,0.0,0.0625,0.0,0.0625,0.0625,0.0,0.0,0.0625,0.0625,0.0625,0.0,0.0,0.0625,0.125,0.0,0.0,0.0,0.0,0.0625,0.0625,0.0625,0.125,0.0625,0.0,0.0,0.0,0.0625,0.0625,0.0625,0.0,0.0,0.0,0.0,0.0625,0.0625,0.0625,0.0,0.0625,0.0,0.0625,0.0,0.0,0.0,0.0,0.0625,0.0,0.0,0.0,0.0,0.125,0.0625,0.0,0.0625,0.0625,0.0,1.0,0.0625,0.0,0.0625,0.0,0.0625,0.0625,0.0625,0.0625,0.0625,0.0625,0.0,0.0625,0.0625,0.0,0.0625,0.0625,0.0,0.0,0.0,0.0,0.0625,0.0,0.0,0.0,0.0,0.0,0.0,0.0,0.0,0.0,0.0,0.0,0.0,0.0,0.0,[]
69,Decommissioned,0,1,0,2,13,3,16,16,0,2,0.0,0.125,0.1875,0,0.125,0.0625,0.0,0.0625,0.0,0.125,0.125,0.1875,0.0625,0.0625,0.0,0.125,0.0,0.1875,0.8125,0.0625,0.125,0.8125,0.25,0.0,0.0625,0.8125,0.0625,0.1875,0.0,0.8125,0.0625,0.0,0.0625,0.1875,0.0625,0.0,0.375,0.8125,0.5,0.0,0.0,0.0,0.125,0.0625,0.0,0.875,0.0,0.0,0.625,0.0625,0.0,0.1875,0.0,0.0625,0.1875,0.0,0.8125,0.0,0.0,0.1875,0.0,0.0,0.0625,0.0,0.0,0.0,0.25,0.0625,0.0625,0.0,0.875,0.0,0.0625,1.0,0.125,0.4375,0.0,0.0,0.0,0.0,0.0625,0.0,0.6875,0.1875,0.375,0.5,0.0,0.4375,0.25,0.0,0.0,0.0625,0.0,0.0625,0.0625,0.0,0.0,0.0,0.0,0.0,0.0,0.0,0.0,0.0,0.0,0.0,0.0,0.0,"['Chihuahua', 'Zenscape', 'artifact', 'SOLAR Labs', 'Sarvodaya Validators', 'Perfect Stake ', 'Bit Cat', 'UNBONDING', 'Woodstock Fund', 'Bitveil']"
70,BlueFrenDAO,7,2,0,4,0,13,13,16,8,7,0.6153846153846154,0.5384615384615384,0.8125,0,0.4375,0.3125,0.0,0.0625,0.5625,0.1875,0.25,0.375,0.125,0.1875,0.4375,0.0,0.125,0.4375,0.0,0.625,0.3125,0.0,0.375,0.0625,0.4375,0.0,0.3125,0.5625,0.3125,0.25,0.0,0.125,0.4375,0.3125,0.5625,0.3125,0.375,0.0,0.1875,0.125,0.5,0.4375,0.75,0.4375,0.0,0.0625,0.125,0.0,0.0625,0.0,0.125,0.25,0.375,0.3125,0.4375,0.0625,0.0,0.1875,0.0625,0.125,0.4375,0.0,0.1875,0.25,0.375,0.0,0.0,0.125,0.5625,0.0625,0.0625,0.5,0.0,0.125,1.0,0.3125,0.4375,0.0,0.4375,0.375,0.25,0.0,0.0625,0.4375,0.25,0.125,0.0,0.125,0.0625,0.375,0.1875,0.125,0.3125,0.25,0.0625,0.3125,0.0,0.25,0.125,0.0625,0.0,0.1875,0.1875,0.1875,0.125,0.0625,0.0,0.0,"['CommunityStaking', 'ChainTools']"
71,NorthCap,4,4,0,4,4,12,16,16,5,6,0.3125,0.375,0.75,0,0.25,0.5,0.0,0.0625,0.3125,0.1875,0.3125,0.5,0.125,0.1875,0.3125,0.0625,0.125,0.5,0.25,0.375,0.375,0.25,0.5,0.25,0.25,0.25,0.25,0.5,0.25,0.5,0.0625,0.1875,0.375,0.4375,0.375,0.0625,0.5,0.25,0.125,0.0625,0.1875,0.375,0.3125,0.3125,0.0,0.3125,0.0625,0.0625,0.25,0.0,0.0,0.25,0.25,0.3125,0.375,0.1875,0.25,0.25,0.0,0.0625,0.375,0.0,0.125,0.25,0.125,0.0625,0.0625,0.1875,0.375,0.0,0.3125,0.25,0.0625,0.4375,0.3125,1.0,0.375,0.0625,0.3125,0.0625,0.125,0.0,0.3125,0.5625,0.5625,0.4375,0.0,0.0625,0.125,0.3125,0.0625,0.25,0.3125,0.25,0.125,0.1875,0.0,0.25,0.125,0.0,0.0625,0.1875,0.1875,0.125,0.0625,0.0,0.0625,0.0625,[]
72,MathNodes,9,6,0,1,0,16,16,16,14,13,0.875,0.8125,1.0,0,0.6875,0.625,0.125,0.1875,0.625,0.375,0.4375,0.4375,0.3125,0.4375,0.75,0.0,0.375,0.25,0.0,0.5625,0.625,0.0,0.5625,0.125,0.75,0.0,0.625,0.75,0.375,0.125,0.1875,0.1875,0.625,0.75,0.875,0.1875,0.5,0.0,0.4375,0.125,0.375,0.75,0.625,0.75,0.1875,0.0,0.3125,0.25,0.125,0.0,0.25,0.3125,0.5,0.5625,0.625,0.1875,0.0,0.3125,0.0625,0.25,0.875,0.0,0.4375,0.3125,0.4375,0.0625,0.1875,0.375,0.8125,0.25,0.0,0.6875,0.0,0.0,0.4375,0.375,1.0,0.1875,0.75,0.25,0.5625,0.1875,0.125,0.75,0.4375,0.25,0.0,0.125,0.0625,0.5,0.25,0.3125,0.5625,0.3125,0.0625,0.375,0.0,0.375,0.125,0.0,0.0625,0.3125,0.3125,0.25,0.1875,0.0625,0.0625,0.0625,"[' AutoStake  Slash Protected', 'Cosmic Validator', 'Mandragora', 'WhisperNode ', 'Citadelone', 'BlueStake   100 insurance', 'OmniFlix Network', 'Stakecito', 'Komikuri', 'Allnodes', 'BadgerBite', 'Decloud Nodes Lab', 'ChainTools', 'chainvibes', 'MedasDigital', ' Quokka Stake', 'Stakewollecom  full insurance', 'Active Nodes  Please Redelegate before 3 June', 'exnihilovalidator', 'Nous Host']"
73,Shutting down soon,1,3,0,1,0,5,5,16,4,4,0.8,0.8,0.3125,0,0.1875,0.25,0.1875,0.1875,0.0625,0.25,0.0,0.125,0.25,0.25,0.25,0.0,0.1875,0.0625,0.0,0.0,0.3125,0.0,0.25,0.0,0.25,0.0,0.25,0.1875,0.0,0.0,0.25,0.0,0.0,0.1875,0.1875,0.0625,0.0,0.0,0.25,0.0625,0.0,0.0,0.0,0.25,0.25,0.0,0.1875,0.1875,0.0,0.0,0.25,0.0,0.0625,0.125,0.0625,0.0,0.0,0.0,0.0,0.0,0.25,0.0625,0.1875,0.0,0.0,0.0,0.25,0.25,0.1875,0.25,0.0,0.0,0.0625,0.0,0.0,0.0625,0.1875,1.0,0.25,0.0625,0.25,0.25,0.0,0.0,0.0,0.0,0.0,0.0,0.0,0.0,0.0,0.0,0.0,0.0,0.0,0.0,0.0,0.0,0.0,0.0,0.0,0.0,0.0,0.0,0.0,0.0,0.0,0.0,[]
74,exnihilovalidator,11,4,0,1,0,16,16,16,14,13,0.875,0.8125,1.0,0,0.5625,0.6875,0.1875,0.1875,0.5625,0.3125,0.375,0.5,0.4375,0.375,0.75,0.0,0.375,0.1875,0.0,0.5625,0.625,0.0,0.625,0.125,0.75,0.0,0.6875,0.6875,0.4375,0.0625,0.25,0.1875,0.5,0.5625,0.8125,0.3125,0.5625,0.0,0.4375,0.1875,0.4375,0.5625,0.5625,0.9375,0.25,0.0,0.375,0.1875,0.0625,0.0,0.375,0.3125,0.4375,0.5625,0.5625,0.1875,0.0,0.25,0.0625,0.25,0.8125,0.0625,0.4375,0.375,0.375,0.0625,0.25,0.5625,0.75,0.25,0.0,0.5625,0.0625,0.0,0.4375,0.3125,0.75,0.25,1.0,0.25,0.5,0.25,0.125,0.5625,0.375,0.25,0.0,0.1875,0.0625,0.5625,0.25,0.25,0.4375,0.3125,0.0625,0.375,0.0,0.375,0.1875,0.0625,0.0625,0.3125,0.3125,0.25,0.1875,0.0625,0.0625,0.0625,"['Cosmic Validator', 'WhisperNode ', 'Citadelone', 'Cosmostation', 'BlueStake   100 insurance', 'OmniFlix Network', 'Stakecito', 'BadgerBite', 'chainvibes', ' Quokka Stake', 'Stakewollecom  full insurance', 'MathNodes']"
75,Swiss Staking  Discontinued please redelegate,4,1,0,3,0,8,8,16,5,5,0.625,0.625,0.5,0,0.25,0.1875,0.0625,0.0,0.5,0.1875,0.0625,0.1875,0.0625,0.1875,0.3125,0.0,0.125,0.1875,0.0,0.4375,0.125,0.0,0.0625,0.0,0.3125,0.0,0.25,0.125,0.0,0.125,0.0625,0.0,0.25,0.125,0.25,0.4375,0.125,0.0,0.3125,0.1875,0.4375,0.25,0.4375,0.25,0.0625,0.0,0.125,0.0,0.0,0.0,0.125,0.0,0.25,0.1875,0.3125,0.0,0.0,0.0,0.0,0.1875,0.1875,0.0625,0.1875,0.0,0.25,0.0,0.0625,0.125,0.1875,0.125,0.0,0.25,0.0625,0.0,0.375,0.0625,0.25,0.0625,0.25,1.0,0.3125,0.0625,0.0,0.25,0.0,0.0,0.0,0.125,0.0,0.1875,0.1875,0.125,0.1875,0.125,0.0625,0.0,0.0,0.0,0.0,0.0,0.0,0.0,0.0,0.0,0.0,0.0,0.0,0.0,[]
76,Stakin Discontinued Redelegate,6,4,0,0,1,10,11,16,10,9,0.9090909090909091,0.8181818181818182,0.625,0,0.625,0.4375,0.1875,0.1875,0.4375,0.4375,0.125,0.25,0.25,0.5,0.625,0.0625,0.3125,0.125,0.0625,0.3125,0.4375,0.0625,0.25,0.0625,0.6875,0.0625,0.5625,0.4375,0.0625,0.125,0.25,0.0,0.375,0.4375,0.5625,0.25,0.1875,0.0625,0.5625,0.1875,0.25,0.375,0.4375,0.5,0.25,0.0625,0.3125,0.1875,0.1875,0.0625,0.3125,0.0625,0.375,0.4375,0.5,0.0,0.0625,0.0625,0.0,0.25,0.5,0.0625,0.4375,0.0625,0.3125,0.0,0.3125,0.3125,0.5,0.3125,0.0625,0.375,0.0625,0.0625,0.25,0.125,0.5625,0.25,0.5,0.3125,1.0,0.25,0.0,0.375,0.0625,0.0,0.0,0.1875,0.125,0.25,0.1875,0.1875,0.3125,0.125,0.0625,0.125,0.0,0.0625,0.0625,0.0,0.0,0.0,0.0,0.0,0.0,0.0,0.0,0.0,"[' AutoStake  Slash Protected', 'WhisperNode ', 'BlueStake   100 insurance']"
77,GreyWolfCo,1,3,0,0,0,4,4,16,4,4,1.0,1.0,0.25,0,0.1875,0.1875,0.1875,0.1875,0.0625,0.25,0.0,0.0625,0.1875,0.25,0.25,0.0,0.1875,0.0,0.0,0.0,0.25,0.0,0.1875,0.0,0.25,0.0,0.25,0.1875,0.0,0.0,0.25,0.0,0.0,0.1875,0.1875,0.0625,0.0,0.0,0.25,0.0625,0.0,0.0,0.0,0.25,0.25,0.0,0.1875,0.1875,0.0,0.0,0.25,0.0,0.0625,0.125,0.0625,0.0,0.0,0.0,0.0,0.0,0.1875,0.0625,0.1875,0.0,0.0,0.0,0.25,0.25,0.1875,0.25,0.0,0.0,0.0625,0.0,0.0,0.0,0.1875,0.25,0.25,0.0625,0.25,1.0,0.0,0.0,0.0,0.0,0.0,0.0,0.0,0.0,0.0,0.0,0.0,0.0,0.0,0.0,0.0,0.0,0.0,0.0,0.0,0.0,0.0,0.0,0.0,0.0,0.0,0.0,[]
78,Bitveil,2,0,0,0,14,2,16,16,2,4,0.125,0.25,0.125,0,0.0625,0.0625,0.0,0.0,0.125,0.0,0.0625,0.125,0.0,0.0,0.0,0.0625,0.0,0.0,0.875,0.125,0.1875,0.875,0.1875,0.0,0.0625,0.875,0.125,0.125,0.125,0.5625,0.0625,0.0625,0.125,0.1875,0.125,0.0,0.5625,0.875,0.375,0.0,0.0,0.125,0.0625,0.1875,0.0,0.8125,0.0,0.0,0.6875,0.0,0.0,0.3125,0.125,0.0,0.1875,0.0625,0.875,0.0,0.0625,0.0625,0.125,0.0,0.0,0.0625,0.0625,0.0625,0.125,0.125,0.125,0.0,0.8125,0.0625,0.0625,0.6875,0.0625,0.3125,0.125,0.0,0.125,0.0,0.0,0.0,1.0,0.375,0.6875,0.625,0.0,0.3125,0.125,0.125,0.0625,0.0625,0.0,0.0625,0.0,0.0625,0.0,0.125,0.0625,0.0,0.0,0.125,0.125,0.0625,0.125,0.0625,0.0625,0.0625,"['Chihuahua', 'Zenscape', 'artifact', 'Sarvodaya Validators', 'Perfect Stake ', 'Bit Cat', 'UNBONDING', 'Woodstock Fund', 'Decommissioned', 'zeroserviceseu', 'Avril14th']"
79,Nous Host,9,3,0,0,4,12,16,16,11,10,0.6875,0.625,0.75,0,0.5,0.4375,0.0,0.0,0.625,0.1875,0.4375,0.4375,0.125,0.25,0.5625,0.0,0.1875,0.25,0.25,0.5625,0.4375,0.25,0.375,0.125,0.5625,0.25,0.4375,0.5625,0.375,0.3125,0.0,0.1875,0.625,0.5625,0.6875,0.1875,0.75,0.25,0.25,0.125,0.375,0.75,0.625,0.5625,0.0,0.1875,0.125,0.0625,0.375,0.0,0.0625,0.3125,0.5,0.4375,0.75,0.1875,0.25,0.3125,0.0625,0.1875,0.625,0.0,0.25,0.3125,0.4375,0.0625,0.0,0.1875,0.625,0.0625,0.1875,0.625,0.0,0.1875,0.4375,0.5625,0.75,0.0,0.5625,0.25,0.375,0.0,0.375,1.0,0.6875,0.5,0.0,0.125,0.0625,0.5,0.25,0.3125,0.5625,0.3125,0.0625,0.375,0.0,0.375,0.125,0.0,0.0625,0.3125,0.3125,0.25,0.1875,0.0625,0.0625,0.0625,"['Mandragora', 'Komikuri', 'BadgerBite', 'PoS Node', 'Decloud Nodes Lab', 'ChainTools', 'MedasDigital', ' Quokka Stake', 'Stakewollecom  full insurance', 'Active Nodes  Please Redelegate before 3 June', 'MathNodes', 'zeroserviceseu']"
80,zeroserviceseu,5,2,0,0,9,7,16,16,6,7,0.375,0.4375,0.4375,0,0.1875,0.25,0.0,0.0,0.3125,0.0,0.3125,0.375,0.0625,0.0625,0.25,0.0625,0.0625,0.1875,0.5625,0.3125,0.375,0.5625,0.3125,0.125,0.25,0.5625,0.3125,0.375,0.375,0.25,0.0625,0.1875,0.3125,0.4375,0.375,0.0,0.8125,0.5625,0.0625,0.0,0.125,0.4375,0.3125,0.4375,0.0,0.5,0.0,0.0625,0.5625,0.0,0.0,0.4375,0.25,0.1875,0.4375,0.1875,0.5625,0.3125,0.0625,0.0625,0.375,0.0,0.0,0.3125,0.1875,0.0625,0.125,0.125,0.375,0.0,0.5,0.3125,0.0625,0.375,0.25,0.5625,0.4375,0.0,0.375,0.0,0.0625,0.0,0.6875,0.6875,1.0,0.6875,0.0,0.125,0.1875,0.3125,0.0625,0.125,0.3125,0.25,0.0,0.3125,0.0,0.375,0.125,0.0,0.0625,0.3125,0.3125,0.25,0.1875,0.0625,0.0625,0.0625,"['PoS Node', 'Bitveil', 'Nous Host', 'Avril14th']"
81,Avril14th,3,1,0,0,10,4,14,16,4,6,0.2857142857142857,0.42857142857142855,0.25,0,0.0625,0.1875,0.0,0.0,0.1875,0.0,0.1875,0.375,0.0625,0.0,0.1875,0.0625,0.0,0.125,0.625,0.1875,0.1875,0.625,0.3125,0.0625,0.125,0.625,0.125,0.25,0.25,0.4375,0.0625,0.125,0.1875,0.1875,0.25,0.0,0.625,0.625,0.25,0.0,0.125,0.25,0.1875,0.3125,0.0,0.5625,0.0,0.0,0.4375,0.0,0.0,0.3125,0.125,0.125,0.3125,0.1875,0.625,0.1875,0.0,0.125,0.25,0.0,0.0,0.25,0.0625,0.0625,0.1875,0.0625,0.25,0.0,0.5625,0.1875,0.0625,0.5,0.125,0.4375,0.25,0.0,0.25,0.0,0.0,0.0,0.625,0.5,0.6875,1.0,0.0,0.25,0.1875,0.1875,0.0,0.125,0.1875,0.25,0.0,0.1875,0.0,0.25,0.0625,0.0,0.0625,0.25,0.25,0.1875,0.125,0.0,0.0625,0.0625,"['Chihuahua', 'Zenscape', 'artifact', 'PoS Node', 'Sarvodaya Validators', 'UNBONDING', 'Bitveil', 'zeroserviceseu']"
82,Low FEES sustainability and profits  Stakers Hub,2,0,1,0,0,3,3,16,0,0,0.0,0.0,0.1875,0,0.0,0.0,0.0,0.0,0.0,0.0,0.0625,0.125,0.0,0.0,0.0,0.0,0.0,0.0,0.0,0.0,0.0,0.0,0.0,0.0,0.0,0.0,0.0,0.0,0.0,0.0,0.0,0.0,0.0,0.0,0.0,0.0,0.0,0.0,0.0,0.0,0.0,0.0,0.0,0.0,0.0,0.0,0.0,0.0,0.0,0.0,0.0,0.0,0.0,0.0,0.0,0.0,0.0,0.0,0.0,0.0625,0.0,0.0,0.0,0.0,0.0,0.0,0.0,0.0,0.0,0.0,0.0,0.0625,0.0,0.0,0.0,0.0,0.0,0.0,0.0,0.0,0.0,0.0,0.0,0.0,0.0,0.0,1.0,0.0,0.0,0.0,0.0,0.0,0.0,0.0,0.0,0.0,0.0,0.0,0.0,0.0,0.0,0.0,0.0,0.0,0.0,0.0,0.0,0.0,[]
83,Anonymity Network,3,1,0,0,7,4,11,16,3,3,0.2727272727272727,0.2727272727272727,0.25,5,0.1875,0.125,0.0,0.0,0.125,0.0,0.0625,0.1875,0.125,0.0,0.1875,0.125,0.0625,0.0,0.4375,0.125,0.0625,0.4375,0.0625,0.0,0.25,0.4375,0.125,0.0625,0.0625,0.3125,0.0625,0.0,0.125,0.0625,0.1875,0.125,0.3125,0.4375,0.5,0.0625,0.1875,0.125,0.25,0.25,0.0,0.4375,0.0625,0.0,0.3125,0.0625,0.125,0.1875,0.0625,0.125,0.1875,0.0,0.4375,0.0,0.0,0.3125,0.1875,0.0,0.125,0.0625,0.125,0.0,0.25,0.0,0.125,0.0,0.4375,0.1875,0.0625,0.4375,0.125,0.0625,0.125,0.0,0.1875,0.125,0.1875,0.0,0.3125,0.125,0.125,0.25,0.0,1.0,0.25,0.1875,0.125,0.0625,0.125,0.125,0.0,0.0625,0.0,0.0,0.0625,0.0625,0.0,0.0,0.0,0.0,0.0,0.0,0.0,0.0,[]
84,Stopping Please redelegate to New Witner,1,0,0,0,4,1,5,16,1,4,0.2,0.8,0.0625,2,0.125,0.0625,0.0,0.0,0.0625,0.0,0.0,0.1875,0.0,0.0625,0.0625,0.125,0.0,0.0625,0.25,0.0625,0.0625,0.25,0.0,0.0625,0.125,0.25,0.125,0.0625,0.0625,0.125,0.0625,0.0,0.0625,0.0625,0.0625,0.0,0.1875,0.25,0.1875,0.0,0.0,0.0625,0.125,0.125,0.0,0.25,0.0,0.0,0.25,0.0625,0.0,0.1875,0.0625,0.0625,0.125,0.0,0.25,0.0625,0.0,0.1875,0.0625,0.0,0.0,0.0625,0.0625,0.0,0.25,0.0,0.0625,0.0,0.25,0.0625,0.0625,0.25,0.0625,0.125,0.0625,0.0,0.0625,0.0,0.125,0.0,0.125,0.0625,0.1875,0.1875,0.0,0.25,1.0,0.0625,0.0,0.0,0.0625,0.0625,0.0,0.0625,0.0,0.0625,0.0625,0.0,0.0,0.0,0.0,0.0,0.0,0.0,0.0,0.0,[]
85,Foxinodes,8,1,0,1,0,10,10,16,9,9,0.9,0.9,0.625,5,0.4375,0.5,0.0,0.0,0.5,0.0625,0.25,0.375,0.125,0.125,0.4375,0.0,0.125,0.25,0.0,0.5625,0.4375,0.0,0.3125,0.125,0.5625,0.0,0.4375,0.4375,0.375,0.0625,0.0,0.1875,0.5,0.4375,0.5625,0.1875,0.5,0.0,0.1875,0.125,0.4375,0.5,0.5,0.5625,0.0,0.0,0.125,0.0,0.0625,0.0,0.125,0.25,0.375,0.375,0.4375,0.1875,0.0,0.1875,0.0625,0.1875,0.5625,0.0,0.1875,0.3125,0.3125,0.0625,0.0,0.25,0.5,0.0,0.0,0.5,0.0,0.0,0.375,0.3125,0.5,0.0,0.5625,0.1875,0.25,0.0,0.125,0.5,0.3125,0.1875,0.0,0.1875,0.0625,1.0,0.25,0.3125,0.375,0.25,0.0625,0.3125,0.0,0.3125,0.1875,0.0625,0.125,0.25,0.25,0.1875,0.125,0.0625,0.0625,0.0625,[]
86,Strata One,4,0,0,0,0,4,4,16,4,4,1.0,1.0,0.25,0,0.25,0.1875,0.0,0.0,0.25,0.0625,0.125,0.125,0.0625,0.0625,0.1875,0.0,0.125,0.0,0.0,0.25,0.125,0.0,0.125,0.0,0.25,0.0,0.1875,0.125,0.0625,0.0625,0.0,0.0625,0.25,0.125,0.25,0.1875,0.1875,0.0,0.1875,0.125,0.1875,0.25,0.25,0.25,0.0,0.0,0.125,0.0,0.0,0.0,0.0625,0.0625,0.1875,0.1875,0.25,0.0,0.0,0.0,0.0625,0.1875,0.25,0.0,0.1875,0.0,0.25,0.0,0.0,0.125,0.1875,0.0,0.0,0.25,0.0,0.0,0.1875,0.0625,0.25,0.0,0.25,0.1875,0.1875,0.0,0.0625,0.25,0.0625,0.0,0.0,0.125,0.0,0.25,1.0,0.125,0.1875,0.125,0.0625,0.0625,0.0,0.0625,0.0,0.0,0.0,0.0625,0.0625,0.0625,0.0625,0.0625,0.0,0.0,[]
87,CryptoNet,5,0,1,4,0,10,10,16,5,5,0.5,0.5,0.625,5,0.375,0.375,0.0,0.0,0.375,0.1875,0.3125,0.25,0.1875,0.1875,0.25,0.0,0.0625,0.3125,0.0,0.375,0.3125,0.0,0.3125,0.0625,0.3125,0.0,0.3125,0.3125,0.125,0.125,0.0,0.0625,0.375,0.375,0.3125,0.125,0.1875,0.0,0.125,0.0625,0.25,0.3125,0.25,0.25,0.0,0.0,0.0625,0.0,0.125,0.0,0.0,0.1875,0.25,0.25,0.3125,0.125,0.0,0.0625,0.0,0.125,0.3125,0.0,0.1875,0.125,0.1875,0.0625,0.0,0.3125,0.25,0.0,0.0,0.25,0.0,0.0625,0.125,0.25,0.3125,0.0,0.25,0.125,0.1875,0.0,0.0625,0.3125,0.125,0.125,0.0,0.0625,0.0,0.3125,0.125,1.0,0.25,0.125,0.125,0.125,0.0625,0.1875,0.0625,0.0,0.125,0.125,0.125,0.0625,0.0625,0.0,0.0625,0.0625,[]
88,ChronoBitEnterprise,7,2,0,0,0,9,9,16,8,8,0.8888888888888888,0.8888888888888888,0.5625,5,0.375,0.375,0.0,0.0,0.4375,0.125,0.375,0.375,0.125,0.1875,0.5,0.0,0.1875,0.25,0.0,0.375,0.3125,0.0,0.25,0.125,0.4375,0.0,0.3125,0.375,0.25,0.0625,0.0,0.125,0.4375,0.375,0.5,0.1875,0.375,0.0,0.1875,0.125,0.3125,0.5625,0.5,0.4375,0.0,0.0,0.125,0.0625,0.125,0.0,0.0625,0.1875,0.3125,0.4375,0.5,0.125,0.0,0.3125,0.0,0.1875,0.5,0.0,0.25,0.25,0.3125,0.0,0.0,0.0625,0.4375,0.0,0.0,0.5,0.0,0.0,0.3125,0.3125,0.5625,0.0,0.4375,0.1875,0.3125,0.0,0.0,0.5625,0.3125,0.1875,0.0,0.125,0.0625,0.375,0.1875,0.25,1.0,0.3125,0.0625,0.3125,0.0,0.25,0.0625,0.0,0.0625,0.1875,0.1875,0.1875,0.0625,0.0,0.0,0.0,[]
89,A4ADAO,4,1,0,0,1,5,6,16,5,5,0.8333333333333334,0.8333333333333334,0.3125,5,0.1875,0.25,0.0,0.0,0.25,0.0625,0.1875,0.375,0.0625,0.0625,0.3125,0.0625,0.125,0.125,0.0625,0.25,0.1875,0.0625,0.25,0.0625,0.25,0.0625,0.1875,0.25,0.1875,0.125,0.0625,0.125,0.25,0.125,0.3125,0.125,0.3125,0.0625,0.1875,0.125,0.25,0.3125,0.3125,0.3125,0.0,0.0625,0.125,0.0,0.0,0.0,0.0625,0.1875,0.1875,0.25,0.3125,0.125,0.0625,0.1875,0.0,0.125,0.3125,0.0,0.125,0.1875,0.1875,0.0,0.0625,0.0625,0.3125,0.0,0.0625,0.3125,0.0625,0.0625,0.25,0.25,0.3125,0.0,0.3125,0.125,0.125,0.0,0.0625,0.3125,0.25,0.25,0.0,0.125,0.0625,0.25,0.125,0.125,0.3125,1.0,0.0625,0.1875,0.0,0.1875,0.0,0.0,0.0625,0.1875,0.1875,0.1875,0.0625,0.0,0.0,0.0,[]
90,Norse Labs,1,1,0,1,0,3,3,16,1,1,0.3333333333333333,0.3333333333333333,0.1875,0,0.0625,0.0625,0.0,0.0,0.0625,0.125,0.0625,0.0625,0.0625,0.1875,0.0625,0.0,0.125,0.0625,0.0,0.0625,0.0,0.0,0.125,0.0,0.0625,0.0,0.0625,0.125,0.0,0.125,0.0,0.0,0.0625,0.0625,0.0625,0.0625,0.0,0.0,0.0625,0.0625,0.0625,0.0625,0.0625,0.0625,0.0,0.0,0.125,0.0,0.0,0.0,0.0,0.0,0.125,0.0625,0.0625,0.0,0.0,0.0,0.0,0.0625,0.0625,0.0,0.0625,0.0,0.0625,0.0,0.0,0.1875,0.125,0.0,0.0,0.0625,0.0,0.0625,0.0625,0.125,0.0625,0.0,0.0625,0.0625,0.0625,0.0,0.0,0.0625,0.0,0.0,0.0,0.0,0.0,0.0625,0.0625,0.125,0.0625,0.0625,1.0,0.0,0.0,0.0,0.0,0.0,0.0,0.0,0.0,0.0,0.0,0.0,0.0,0.0,[]
91,Trinity Validator,6,1,0,0,0,7,7,16,7,7,1.0,1.0,0.4375,5,0.25,0.1875,0.0,0.0,0.3125,0.0625,0.3125,0.25,0.125,0.125,0.375,0.0,0.0,0.25,0.0,0.25,0.3125,0.0,0.25,0.125,0.375,0.0,0.25,0.4375,0.375,0.0,0.0,0.1875,0.3125,0.3125,0.4375,0.0,0.375,0.0,0.0,0.0,0.1875,0.375,0.4375,0.375,0.0,0.0,0.0,0.0,0.125,0.0,0.0625,0.25,0.25,0.25,0.375,0.125,0.0,0.25,0.0625,0.0,0.4375,0.0,0.0625,0.3125,0.1875,0.0,0.0,0.0625,0.4375,0.0,0.0,0.4375,0.0,0.0,0.3125,0.1875,0.375,0.0,0.375,0.0,0.125,0.0,0.0625,0.375,0.3125,0.1875,0.0,0.0625,0.0625,0.3125,0.0625,0.125,0.3125,0.1875,0.0,1.0,0.0,0.3125,0.125,0.0625,0.0625,0.25,0.25,0.25,0.125,0.0625,0.0,0.0,[]
92,lux8net,0,0,0,1,0,1,1,16,0,0,0.0,0.0,0.0625,2,0.0,0.0,0.0,0.0,0.0,0.0,0.0625,0.0,0.0625,0.0,0.0,0.0,0.0,0.0,0.0,0.0,0.0,0.0,0.0,0.0,0.0,0.0,0.0,0.0,0.0,0.0,0.0,0.0,0.0,0.0,0.0,0.0,0.0,0.0,0.0,0.0,0.0,0.0,0.0,0.0,0.0,0.0,0.0,0.0,0.0,0.0,0.0,0.0,0.0,0.0,0.0,0.0,0.0,0.0,0.0,0.0,0.0,0.0,0.0,0.0,0.0,0.0,0.0,0.0625,0.0,0.0,0.0,0.0,0.0,0.0,0.0,0.0,0.0,0.0,0.0,0.0,0.0,0.0,0.0,0.0,0.0,0.0,0.0,0.0,0.0,0.0,0.0,0.0625,0.0,0.0,0.0,0.0,1.0,0.0,0.0,0.0,0.0,0.0,0.0,0.0,0.0,0.0,0.0,0.0,[]
93,AtmosferMuda  REStakeapp ,5,1,0,1,0,7,7,16,6,6,0.8571428571428571,0.8571428571428571,0.4375,5,0.25,0.3125,0.0,0.0,0.375,0.0,0.25,0.375,0.0625,0.0625,0.25,0.0,0.0,0.25,0.0,0.375,0.375,0.0,0.375,0.1875,0.25,0.0,0.3125,0.375,0.375,0.0,0.0,0.1875,0.375,0.3125,0.375,0.0,0.375,0.0,0.0,0.0,0.125,0.375,0.3125,0.375,0.0,0.0,0.0,0.0,0.125,0.0,0.0,0.375,0.25,0.1875,0.375,0.1875,0.0,0.25,0.0625,0.0,0.375,0.0,0.0,0.3125,0.25,0.0625,0.0,0.125,0.375,0.0,0.0,0.3125,0.0,0.0,0.25,0.25,0.375,0.0,0.375,0.0,0.0625,0.0,0.125,0.375,0.375,0.25,0.0,0.0,0.0625,0.3125,0.0625,0.1875,0.25,0.1875,0.0,0.3125,0.0,1.0,0.125,0.0,0.125,0.3125,0.3125,0.25,0.1875,0.0625,0.0625,0.0625,[]
94,dvMiku Validator,3,0,0,0,0,3,3,16,3,3,1.0,1.0,0.1875,2,0.0625,0.125,0.0,0.0,0.125,0.0,0.0,0.125,0.0625,0.0625,0.125,0.0,0.0,0.0625,0.0,0.125,0.125,0.0,0.0625,0.0625,0.125,0.0,0.0625,0.1875,0.1875,0.0,0.0,0.0,0.125,0.125,0.1875,0.0,0.1875,0.0,0.0,0.0,0.0625,0.125,0.125,0.1875,0.0,0.0,0.0,0.0,0.0625,0.0,0.0625,0.125,0.125,0.0625,0.0625,0.0625,0.0,0.0625,0.0,0.0,0.1875,0.0,0.0,0.1875,0.0625,0.0625,0.0,0.0625,0.1875,0.0,0.0,0.125,0.0,0.0,0.125,0.125,0.125,0.0,0.1875,0.0,0.0625,0.0,0.0625,0.125,0.125,0.0625,0.0,0.0625,0.0625,0.1875,0.0,0.0625,0.0625,0.0,0.0,0.125,0.0,0.125,1.0,0.0625,0.0,0.0625,0.0625,0.0,0.0625,0.0,0.0625,0.0625,[]
95,0xbas3d,1,0,0,0,0,1,1,16,1,1,1.0,1.0,0.0625,2,0.0,0.0,0.0,0.0,0.0,0.0,0.0,0.0,0.0625,0.0,0.0625,0.0,0.0,0.0,0.0,0.0,0.0,0.0,0.0,0.0,0.0625,0.0,0.0,0.0625,0.0625,0.0,0.0,0.0,0.0,0.0,0.0625,0.0,0.0625,0.0,0.0,0.0,0.0625,0.0,0.0625,0.0625,0.0,0.0,0.0,0.0,0.0,0.0,0.0625,0.0,0.0,0.0,0.0,0.0,0.0,0.0,0.0,0.0,0.0625,0.0,0.0,0.0625,0.0,0.0,0.0,0.0,0.0625,0.0,0.0,0.0625,0.0,0.0,0.0625,0.0,0.0,0.0,0.0625,0.0,0.0,0.0,0.0,0.0,0.0,0.0,0.0,0.0625,0.0,0.0625,0.0,0.0,0.0,0.0,0.0,0.0625,0.0,0.0,0.0625,1.0,0.0,0.0,0.0,0.0,0.0,0.0,0.0,0.0,[]
96,Sentinel Growth DAO,0,1,0,2,0,3,3,16,1,1,0.3333333333333333,0.3333333333333333,0.1875,5,0.125,0.1875,0.0,0.0,0.125,0.0,0.0625,0.125,0.0,0.0,0.0625,0.0,0.0,0.1875,0.0,0.1875,0.1875,0.0,0.125,0.125,0.125,0.0,0.1875,0.0625,0.0625,0.0,0.0,0.0625,0.125,0.125,0.0625,0.0,0.0625,0.0,0.0,0.0,0.125,0.0625,0.0625,0.0625,0.0,0.0,0.0,0.0,0.0625,0.0,0.0,0.0625,0.0,0.0625,0.125,0.0625,0.0,0.0625,0.0,0.0,0.0625,0.0,0.0,0.0625,0.0625,0.0,0.0,0.0625,0.0625,0.0,0.0,0.0625,0.0,0.0,0.0,0.0625,0.0625,0.0,0.0625,0.0,0.0,0.0,0.0,0.0625,0.0625,0.0625,0.0,0.0,0.0,0.125,0.0,0.125,0.0625,0.0625,0.0,0.0625,0.0,0.125,0.0,0.0,1.0,0.0625,0.0625,0.0625,0.0,0.0,0.0,0.0,[]
97,TkdAlex,4,1,0,0,0,5,5,16,5,5,1.0,1.0,0.3125,5,0.125,0.1875,0.0,0.0,0.25,0.0,0.25,0.25,0.0625,0.0,0.1875,0.0,0.0,0.125,0.0,0.25,0.25,0.0,0.3125,0.0625,0.1875,0.0,0.1875,0.3125,0.3125,0.0,0.0,0.1875,0.25,0.25,0.3125,0.0,0.3125,0.0,0.0,0.0,0.125,0.3125,0.25,0.3125,0.0,0.0,0.0,0.0,0.0,0.0,0.0,0.25,0.1875,0.125,0.25,0.1875,0.0,0.1875,0.0625,0.0,0.3125,0.0,0.0,0.25,0.125,0.0625,0.0,0.125,0.3125,0.0,0.0,0.25,0.0,0.0,0.1875,0.1875,0.3125,0.0,0.3125,0.0,0.0,0.0,0.125,0.3125,0.3125,0.25,0.0,0.0,0.0,0.25,0.0625,0.125,0.1875,0.1875,0.0,0.25,0.0,0.3125,0.0625,0.0,0.0625,1.0,0.3125,0.25,0.1875,0.0625,0.0625,0.0625,[]
98,Oneiric Stake,4,1,0,0,0,5,5,16,5,5,1.0,1.0,0.3125,5,0.125,0.1875,0.0,0.0,0.25,0.0,0.25,0.25,0.0625,0.0,0.1875,0.0,0.0,0.125,0.0,0.25,0.25,0.0,0.3125,0.0625,0.1875,0.0,0.1875,0.3125,0.3125,0.0,0.0,0.1875,0.25,0.25,0.3125,0.0,0.3125,0.0,0.0,0.0,0.125,0.3125,0.25,0.3125,0.0,0.0,0.0,0.0,0.0,0.0,0.0,0.25,0.1875,0.125,0.25,0.1875,0.0,0.1875,0.0625,0.0,0.3125,0.0,0.0,0.25,0.125,0.0625,0.0,0.125,0.3125,0.0,0.0,0.25,0.0,0.0,0.1875,0.1875,0.3125,0.0,0.3125,0.0,0.0,0.0,0.125,0.3125,0.3125,0.25,0.0,0.0,0.0,0.25,0.0625,0.125,0.1875,0.1875,0.0,0.25,0.0,0.3125,0.0625,0.0,0.0625,0.3125,1.0,0.25,0.1875,0.0625,0.0625,0.0625,[]
99,RoomIT,3,1,0,0,0,4,4,16,4,4,1.0,1.0,0.25,5,0.125,0.125,0.0,0.0,0.1875,0.0,0.25,0.1875,0.0625,0.0,0.1875,0.0,0.0,0.125,0.0,0.1875,0.1875,0.0,0.25,0.0625,0.1875,0.0,0.1875,0.25,0.25,0.0,0.0,0.1875,0.1875,0.1875,0.25,0.0,0.25,0.0,0.0,0.0,0.125,0.25,0.25,0.25,0.0,0.0,0.0,0.0,0.0,0.0,0.0,0.1875,0.125,0.125,0.25,0.125,0.0,0.1875,0.0625,0.0,0.25,0.0,0.0,0.1875,0.125,0.0,0.0,0.0625,0.25,0.0,0.0,0.25,0.0,0.0,0.1875,0.125,0.25,0.0,0.25,0.0,0.0,0.0,0.0625,0.25,0.25,0.1875,0.0,0.0,0.0,0.1875,0.0625,0.0625,0.1875,0.1875,0.0,0.25,0.0,0.25,0.0,0.0,0.0625,0.25,0.25,1.0,0.125,0.0625,0.0,0.0,[]
100,openstakenet,3,0,0,0,0,3,3,16,3,3,1.0,1.0,0.1875,5,0.0625,0.0625,0.0,0.0,0.125,0.0,0.125,0.125,0.0625,0.0,0.0625,0.0,0.0,0.0,0.0,0.125,0.125,0.0,0.1875,0.0,0.0625,0.0,0.0625,0.1875,0.1875,0.0,0.0,0.0625,0.125,0.125,0.1875,0.0,0.1875,0.0,0.0,0.0,0.0,0.1875,0.125,0.1875,0.0,0.0,0.0,0.0,0.0,0.0,0.0,0.1875,0.125,0.0,0.125,0.0625,0.0,0.0625,0.0625,0.0,0.1875,0.0,0.0,0.125,0.125,0.0625,0.0,0.125,0.1875,0.0,0.0,0.125,0.0,0.0,0.125,0.0625,0.1875,0.0,0.1875,0.0,0.0,0.0,0.125,0.1875,0.1875,0.125,0.0,0.0,0.0,0.125,0.0625,0.0625,0.0625,0.0625,0.0,0.125,0.0,0.1875,0.0625,0.0,0.0,0.1875,0.1875,0.125,1.0,0.0625,0.0625,0.0625,[]
101,Summit Nodes,1,0,0,0,0,1,1,16,1,1,1.0,1.0,0.0625,5,0.0625,0.0,0.0,0.0,0.0625,0.0,0.0625,0.0,0.0,0.0,0.0,0.0,0.0,0.0,0.0,0.0625,0.0625,0.0,0.0625,0.0,0.0625,0.0,0.0625,0.0625,0.0625,0.0,0.0,0.0625,0.0625,0.0625,0.0625,0.0,0.0625,0.0,0.0,0.0,0.0,0.0625,0.0625,0.0625,0.0,0.0,0.0,0.0,0.0,0.0,0.0,0.0625,0.0625,0.0,0.0625,0.0,0.0,0.0,0.0625,0.0,0.0625,0.0,0.0,0.0,0.0625,0.0,0.0,0.0625,0.0625,0.0,0.0,0.0625,0.0,0.0,0.0625,0.0,0.0625,0.0,0.0625,0.0,0.0,0.0,0.0625,0.0625,0.0625,0.0,0.0,0.0,0.0,0.0625,0.0625,0.0,0.0,0.0,0.0,0.0625,0.0,0.0625,0.0,0.0,0.0,0.0625,0.0625,0.0625,0.0625,1.0,0.0,0.0,[]
102,AntMan,1,0,0,0,0,1,1,16,1,1,1.0,1.0,0.0625,2,0.0,0.0625,0.0,0.0,0.0625,0.0,0.0,0.0625,0.0,0.0,0.0,0.0,0.0,0.0,0.0,0.0625,0.0625,0.0,0.0625,0.0,0.0,0.0,0.0,0.0625,0.0625,0.0,0.0,0.0,0.0625,0.0625,0.0625,0.0,0.0625,0.0,0.0,0.0,0.0,0.0625,0.0,0.0625,0.0,0.0,0.0,0.0,0.0,0.0,0.0,0.0625,0.0625,0.0,0.0,0.0625,0.0,0.0,0.0,0.0,0.0625,0.0,0.0,0.0625,0.0,0.0625,0.0,0.0625,0.0625,0.0,0.0,0.0,0.0,0.0,0.0,0.0625,0.0625,0.0,0.0625,0.0,0.0,0.0,0.0625,0.0625,0.0625,0.0625,0.0,0.0,0.0,0.0625,0.0,0.0625,0.0,0.0,0.0,0.0,0.0,0.0625,0.0625,0.0,0.0,0.0625,0.0625,0.0,0.0625,0.0,1.0,0.0625,[]
103,Busurnode,1,0,0,0,0,1,1,16,1,1,1.0,1.0,0.0625,2,0.0,0.0625,0.0,0.0,0.0625,0.0,0.0,0.0625,0.0,0.0,0.0,0.0,0.0,0.0,0.0,0.0625,0.0625,0.0,0.0625,0.0,0.0,0.0,0.0,0.0625,0.0625,0.0,0.0,0.0,0.0625,0.0625,0.0625,0.0,0.0625,0.0,0.0,0.0,0.0,0.0625,0.0,0.0625,0.0,0.0,0.0,0.0,0.0,0.0,0.0,0.0625,0.0625,0.0,0.0,0.0625,0.0,0.0,0.0,0.0,0.0625,0.0,0.0,0.0625,0.0,0.0625,0.0,0.0625,0.0625,0.0,0.0,0.0,0.0,0.0,0.0,0.0625,0.0625,0.0,0.0625,0.0,0.0,0.0,0.0625,0.0625,0.0625,0.0625,0.0,0.0,0.0,0.0625,0.0,0.0625,0.0,0.0,0.0,0.0,0.0,0.0625,0.0625,0.0,0.0,0.0625,0.0625,0.0,0.0625,0.0,0.0625,1.0,[]
