[{"voter":" AutoStake  Slash Protected","kava_71":"NO","kava_73":"YES","kava_75":"ABSTAIN","kava_78":"YES","kava_80":"NO","kava_82":"NO","kava_88":"YES","kava_89":"YES","kava_100":"NO","kava_101":"ABSTAIN","kava_104":"YES","kava_116":"YES","kava_120":"NO","kava_121":"NO","kava_125":"YES","kava_126":"YES","kava_128":"YES","kava_135":"ABSTAIN","kava_137":"YES","kava_141":"YES","kava_142":"YES","kava_148":"YES","kava_149":"NO","kava_151":"YES","kava_153":"YES","kava_154":"YES","kava_166":"NO","kava_169":"ABSTAIN","kava_171":"YES","kava_175":"YES","kava_176":"YES","kava_179":"YES","kava_180":"YES","kava_183":"YES","kava_185":"YES","kava_186":"ABSTAIN","kava_187":"YES","kava_188":"YES","kava_189":"YES","kava_172":null,"kava_158":null,"kava_190":null,"kava_191":null,"cluster_label":3},{"voter":"StakeWithUs","kava_71":null,"kava_73":null,"kava_75":"ABSTAIN","kava_78":"YES","kava_80":"NO","kava_82":"YES","kava_88":"NO","kava_89":"YES","kava_100":"YES","kava_101":"NO","kava_104":"YES","kava_116":"YES","kava_120":"NO","kava_121":"YES","kava_125":"YES","kava_126":"YES","kava_128":"YES","kava_135":"YES","kava_137":"YES","kava_141":"YES","kava_142":"YES","kava_148":"YES","kava_149":"YES","kava_151":null,"kava_153":null,"kava_154":null,"kava_166":null,"kava_169":null,"kava_171":"YES","kava_175":"YES","kava_176":"YES","kava_179":"YES","kava_180":"YES","kava_183":"YES","kava_185":"YES","kava_186":"YES","kava_187":"ABSTAIN","kava_188":"YES","kava_189":null,"kava_172":"ABSTAIN","kava_158":null,"kava_190":null,"kava_191":null,"cluster_label":3},{"voter":"BHarvest","kava_71":"ABSTAIN","kava_73":"ABSTAIN","kava_75":"ABSTAIN","kava_78":"YES","kava_80":"NO","kava_82":"ABSTAIN","kava_88":"NO","kava_89":"YES","kava_100":"NO","kava_101":"ABSTAIN","kava_104":"YES","kava_116":"YES","kava_120":"NO","kava_121":"NO","kava_125":"YES","kava_126":"YES","kava_128":"YES","kava_135":"YES","kava_137":"YES","kava_141":"YES","kava_142":"YES","kava_148":"YES","kava_149":"YES","kava_151":"YES","kava_153":"YES","kava_154":"YES","kava_166":"NO","kava_169":null,"kava_171":"YES","kava_175":"YES","kava_176":"YES","kava_179":"YES","kava_180":null,"kava_183":null,"kava_185":null,"kava_186":null,"kava_187":null,"kava_188":null,"kava_189":null,"kava_172":"YES","kava_158":null,"kava_190":null,"kava_191":null,"cluster_label":3},{"voter":"Crosnest","kava_71":"ABSTAIN","kava_73":"YES","kava_75":"YES","kava_78":"NO_VOTE","kava_80":"NO","kava_82":"YES","kava_88":"NO","kava_89":"NO","kava_100":"NO","kava_101":"NO","kava_104":"NO","kava_116":"NO_VOTE","kava_120":"NO","kava_121":"NO_VOTE","kava_125":"YES","kava_126":"YES","kava_128":"WEIGHTED_VOTE","kava_135":"NO_VOTE","kava_137":"ABSTAIN","kava_141":"ABSTAIN","kava_142":"NO_VOTE","kava_148":"YES","kava_149":"NO","kava_151":"YES","kava_153":"ABSTAIN","kava_154":"NO_VOTE","kava_166":"ABSTAIN","kava_169":"ABSTAIN","kava_171":"NO","kava_175":"YES","kava_176":"ABSTAIN","kava_179":"ABSTAIN","kava_180":"ABSTAIN","kava_183":"ABSTAIN","kava_185":"YES","kava_186":"ABSTAIN","kava_187":"YES","kava_188":"ABSTAIN","kava_189":"ABSTAIN","kava_172":"YES","kava_158":"ABSTAIN","kava_190":"ABSTAIN","kava_191":"ABSTAIN","cluster_label":3},{"voter":"SG1","kava_71":null,"kava_73":"ABSTAIN","kava_75":null,"kava_78":"NO","kava_80":null,"kava_82":null,"kava_88":null,"kava_89":null,"kava_100":null,"kava_101":null,"kava_104":null,"kava_116":null,"kava_120":null,"kava_121":null,"kava_125":"ABSTAIN","kava_126":"ABSTAIN","kava_128":"ABSTAIN","kava_135":"ABSTAIN","kava_137":null,"kava_141":null,"kava_142":"ABSTAIN","kava_148":null,"kava_149":"ABSTAIN","kava_151":"ABSTAIN","kava_153":"ABSTAIN","kava_154":"ABSTAIN","kava_166":null,"kava_169":"ABSTAIN","kava_171":null,"kava_175":null,"kava_176":null,"kava_179":null,"kava_180":null,"kava_183":null,"kava_185":null,"kava_186":null,"kava_187":null,"kava_188":null,"kava_189":null,"kava_172":null,"kava_158":null,"kava_190":null,"kava_191":null,"cluster_label":3},{"voter":"Chorus One","kava_71":"ABSTAIN","kava_73":"ABSTAIN","kava_75":"ABSTAIN","kava_78":"ABSTAIN","kava_80":"NO","kava_82":"YES","kava_88":"NO","kava_89":"ABSTAIN","kava_100":"NO","kava_101":"YES","kava_104":"YES","kava_116":"ABSTAIN","kava_120":"NO","kava_121":"NO","kava_125":"ABSTAIN","kava_126":"ABSTAIN","kava_128":"YES","kava_135":"ABSTAIN","kava_137":"ABSTAIN","kava_141":"YES","kava_142":"ABSTAIN","kava_148":"YES","kava_149":null,"kava_151":null,"kava_153":"YES","kava_154":"NO","kava_166":"NO","kava_169":"YES","kava_171":"YES","kava_175":"ABSTAIN","kava_176":"YES","kava_179":"YES","kava_180":"YES","kava_183":"YES","kava_185":"YES","kava_186":"YES","kava_187":"YES","kava_188":"YES","kava_189":"YES","kava_172":"ABSTAIN","kava_158":"YES","kava_190":"YES","kava_191":"YES","cluster_label":3},{"voter":"Forbole","kava_71":"ABSTAIN","kava_73":"ABSTAIN","kava_75":"ABSTAIN","kava_78":"YES","kava_80":"YES","kava_82":null,"kava_88":null,"kava_89":null,"kava_100":null,"kava_101":null,"kava_104":"YES","kava_116":"ABSTAIN","kava_120":"NO","kava_121":"YES","kava_125":null,"kava_126":null,"kava_128":"ABSTAIN","kava_135":"YES","kava_137":"YES","kava_141":"YES","kava_142":"ABSTAIN","kava_148":"YES","kava_149":"YES","kava_151":null,"kava_153":"YES","kava_154":"NO","kava_166":"YES","kava_169":"YES","kava_171":"YES","kava_175":"ABSTAIN","kava_176":"YES","kava_179":"YES","kava_180":null,"kava_183":null,"kava_185":null,"kava_186":"YES","kava_187":"YES","kava_188":null,"kava_189":null,"kava_172":"YES","kava_158":null,"kava_190":null,"kava_191":null,"cluster_label":3},{"voter":"Bi23 Labs","kava_71":"YES","kava_73":"YES","kava_75":"YES","kava_78":"YES","kava_80":"YES","kava_82":"YES","kava_88":"YES","kava_89":"YES","kava_100":"YES","kava_101":null,"kava_104":"YES","kava_116":null,"kava_120":null,"kava_121":null,"kava_125":"YES","kava_126":"YES","kava_128":"YES","kava_135":null,"kava_137":null,"kava_141":"YES","kava_142":null,"kava_148":"YES","kava_149":null,"kava_151":null,"kava_153":null,"kava_154":null,"kava_166":null,"kava_169":null,"kava_171":null,"kava_175":"YES","kava_176":null,"kava_179":null,"kava_180":null,"kava_183":null,"kava_185":"YES","kava_186":null,"kava_187":null,"kava_188":null,"kava_189":null,"kava_172":null,"kava_158":"NO_VOTE","kava_190":null,"kava_191":null,"cluster_label":3},{"voter":"kytzu","kava_71":"NO","kava_73":"YES","kava_75":null,"kava_78":null,"kava_80":"NO","kava_82":null,"kava_88":null,"kava_89":null,"kava_100":null,"kava_101":null,"kava_104":null,"kava_116":null,"kava_120":null,"kava_121":null,"kava_125":null,"kava_126":null,"kava_128":null,"kava_135":null,"kava_137":null,"kava_141":null,"kava_142":null,"kava_148":null,"kava_149":null,"kava_151":null,"kava_153":null,"kava_154":null,"kava_166":null,"kava_169":null,"kava_171":null,"kava_175":null,"kava_176":null,"kava_179":null,"kava_180":null,"kava_183":null,"kava_185":null,"kava_186":null,"kava_187":null,"kava_188":null,"kava_189":null,"kava_172":null,"kava_158":null,"kava_190":null,"kava_191":null,"cluster_label":4},{"voter":"Notional","kava_71":"NO","kava_73":"YES","kava_75":"ABSTAIN","kava_78":"YES","kava_80":"NO","kava_82":"YES","kava_88":"YES","kava_89":"YES","kava_100":"NO","kava_101":"ABSTAIN","kava_104":"YES","kava_116":"ABSTAIN","kava_120":"YES","kava_121":"YES","kava_125":null,"kava_126":null,"kava_128":null,"kava_135":"YES","kava_137":"YES","kava_141":"YES","kava_142":null,"kava_148":"YES","kava_149":"ABSTAIN","kava_151":"YES","kava_153":"ABSTAIN","kava_154":"YES","kava_166":"ABSTAIN","kava_169":null,"kava_171":null,"kava_175":null,"kava_176":null,"kava_179":null,"kava_180":null,"kava_183":null,"kava_185":null,"kava_186":null,"kava_187":null,"kava_188":null,"kava_189":null,"kava_172":null,"kava_158":"ABSTAIN","kava_190":null,"kava_191":null,"cluster_label":3},{"voter":" block pane ","kava_71":"ABSTAIN","kava_73":"ABSTAIN","kava_75":"YES","kava_78":"NO","kava_80":"NO","kava_82":"ABSTAIN","kava_88":"NO","kava_89":"NO_WITH_VETO","kava_100":"NO_VOTE","kava_101":"NO","kava_104":"NO_WITH_VETO","kava_116":"NO_VOTE","kava_120":"NO_VOTE","kava_121":"YES","kava_125":"YES","kava_126":"NO","kava_128":"NO_VOTE","kava_135":"NO","kava_137":"ABSTAIN","kava_141":"NO","kava_142":"ABSTAIN","kava_148":"ABSTAIN","kava_149":"YES","kava_151":"ABSTAIN","kava_153":"ABSTAIN","kava_154":"ABSTAIN","kava_166":"NO_VOTE","kava_169":"NO_VOTE","kava_171":"NO_VOTE","kava_175":"NO_VOTE","kava_176":"NO_VOTE","kava_179":"NO_VOTE","kava_180":"NO_VOTE","kava_183":"NO_VOTE","kava_185":"NO_VOTE","kava_186":"NO_VOTE","kava_187":"NO_VOTE","kava_188":"NO_VOTE","kava_189":"NO_VOTE","kava_172":"NO_VOTE","kava_158":"NO_VOTE","kava_190":"NO_VOTE","kava_191":"NO_VOTE","cluster_label":3},{"voter":"stakefish","kava_71":"NO","kava_73":"ABSTAIN","kava_75":null,"kava_78":null,"kava_80":null,"kava_82":null,"kava_88":"NO_VOTE","kava_89":"NO_VOTE","kava_100":null,"kava_101":null,"kava_104":null,"kava_116":null,"kava_120":"YES","kava_121":null,"kava_125":null,"kava_126":null,"kava_128":null,"kava_135":null,"kava_137":null,"kava_141":null,"kava_142":null,"kava_148":null,"kava_149":null,"kava_151":null,"kava_153":null,"kava_154":null,"kava_166":null,"kava_169":null,"kava_171":null,"kava_175":null,"kava_176":null,"kava_179":null,"kava_180":"NO_VOTE","kava_183":"NO_VOTE","kava_185":null,"kava_186":null,"kava_187":null,"kava_188":null,"kava_189":null,"kava_172":null,"kava_158":"NO_VOTE","kava_190":null,"kava_191":null,"cluster_label":3},{"voter":"d3akashcloud","kava_71":null,"kava_73":null,"kava_75":null,"kava_78":null,"kava_80":null,"kava_82":null,"kava_88":null,"kava_89":null,"kava_100":null,"kava_101":null,"kava_104":null,"kava_116":null,"kava_120":"NO","kava_121":"NO","kava_125":"YES","kava_126":"NO","kava_128":"YES","kava_135":"NO_WITH_VETO","kava_137":"YES","kava_141":"YES","kava_142":"YES","kava_148":"YES","kava_149":"NO","kava_151":"YES","kava_153":null,"kava_154":"YES","kava_166":"NO","kava_169":"NO","kava_171":"YES","kava_175":"YES","kava_176":"YES","kava_179":"YES","kava_180":"YES","kava_183":"YES","kava_185":"YES","kava_186":null,"kava_187":null,"kava_188":null,"kava_189":"YES","kava_172":null,"kava_158":"YES","kava_190":"YES","kava_191":"YES","cluster_label":3},{"voter":"Figment","kava_71":"NO_VOTE","kava_73":"NO_VOTE","kava_75":"NO_VOTE","kava_78":"NO_VOTE","kava_80":"NO_VOTE","kava_82":"NO_VOTE","kava_88":"NO_VOTE","kava_89":"NO_VOTE","kava_100":"NO_VOTE","kava_101":"NO_VOTE","kava_104":"NO_VOTE","kava_116":"NO_VOTE","kava_120":"NO_VOTE","kava_121":"NO_VOTE","kava_125":"NO_VOTE","kava_126":"NO_VOTE","kava_128":"NO_VOTE","kava_135":"NO_VOTE","kava_137":"NO_VOTE","kava_141":"NO_VOTE","kava_142":"NO_VOTE","kava_148":"NO_VOTE","kava_149":null,"kava_151":"NO_VOTE","kava_153":"NO_VOTE","kava_154":"NO_VOTE","kava_166":"NO_VOTE","kava_169":"NO_VOTE","kava_171":"NO_VOTE","kava_175":"NO_VOTE","kava_176":"NO_VOTE","kava_179":"NO_VOTE","kava_180":"NO_VOTE","kava_183":"NO_VOTE","kava_185":"NO_VOTE","kava_186":"NO_VOTE","kava_187":"NO_VOTE","kava_188":"NO_VOTE","kava_189":"NO_VOTE","kava_172":"NO_VOTE","kava_158":"NO_VOTE","kava_190":"NO_VOTE","kava_191":"NO_VOTE","cluster_label":3},{"voter":"Oldcat","kava_71":"NO","kava_73":"YES","kava_75":"NO","kava_78":"YES","kava_80":null,"kava_82":null,"kava_88":null,"kava_89":null,"kava_100":null,"kava_101":null,"kava_104":null,"kava_116":"YES","kava_120":"NO","kava_121":"YES","kava_125":"YES","kava_126":"YES","kava_128":"YES","kava_135":"NO_WITH_VETO","kava_137":"ABSTAIN","kava_141":null,"kava_142":"ABSTAIN","kava_148":"YES","kava_149":"NO","kava_151":"YES","kava_153":"YES","kava_154":"NO","kava_166":"ABSTAIN","kava_169":"NO","kava_171":"ABSTAIN","kava_175":"YES","kava_176":"YES","kava_179":null,"kava_180":null,"kava_183":null,"kava_185":null,"kava_186":null,"kava_187":null,"kava_188":null,"kava_189":null,"kava_172":"YES","kava_158":"NO","kava_190":null,"kava_191":null,"cluster_label":3},{"voter":" Stakepile","kava_71":"ABSTAIN","kava_73":"YES","kava_75":"NO","kava_78":"NO","kava_80":"YES","kava_82":"YES","kava_88":"NO","kava_89":"YES","kava_100":"YES","kava_101":"NO","kava_104":"NO","kava_116":"NO_VOTE","kava_120":"NO_VOTE","kava_121":"YES","kava_125":"NO_VOTE","kava_126":"NO_VOTE","kava_128":"NO_VOTE","kava_135":"NO_VOTE","kava_137":"YES","kava_141":"NO_VOTE","kava_142":"NO_VOTE","kava_148":"NO_VOTE","kava_149":"NO_VOTE","kava_151":"NO_VOTE","kava_153":"NO_VOTE","kava_154":"NO_VOTE","kava_166":"NO_VOTE","kava_169":"NO_VOTE","kava_171":"NO_VOTE","kava_175":"NO_VOTE","kava_176":"NO_VOTE","kava_179":"NO_VOTE","kava_180":"NO_VOTE","kava_183":"NO_VOTE","kava_185":"NO_VOTE","kava_186":"NO_VOTE","kava_187":"NO_VOTE","kava_188":"NO_VOTE","kava_189":"NO_VOTE","kava_172":"NO_VOTE","kava_158":"NO_VOTE","kava_190":"NO_VOTE","kava_191":"NO_VOTE","cluster_label":11},{"voter":"CLOSED","kava_71":"NO_VOTE","kava_73":"NO_VOTE","kava_75":"NO_VOTE","kava_78":"NO_VOTE","kava_80":"NO_VOTE","kava_82":"NO_VOTE","kava_88":"NO_VOTE","kava_89":"NO_VOTE","kava_100":"NO_VOTE","kava_101":"NO_VOTE","kava_104":"NO_VOTE","kava_116":"NO_VOTE","kava_120":"NO_VOTE","kava_121":"NO_VOTE","kava_125":"NO_VOTE","kava_126":"NO_VOTE","kava_128":"NO_VOTE","kava_135":"NO_VOTE","kava_137":"NO_VOTE","kava_141":"NO_VOTE","kava_142":"NO_VOTE","kava_148":"NO_VOTE","kava_149":"NO_VOTE","kava_151":"NO_VOTE","kava_153":"NO_VOTE","kava_154":"NO_VOTE","kava_166":"NO_VOTE","kava_169":"NO_VOTE","kava_171":"NO_VOTE","kava_175":"NO_VOTE","kava_176":"NO_VOTE","kava_179":"NO_VOTE","kava_180":"NO_VOTE","kava_183":"NO_VOTE","kava_185":"NO_VOTE","kava_186":"NO_VOTE","kava_187":"NO_VOTE","kava_188":"NO_VOTE","kava_189":"NO_VOTE","kava_172":"NO_VOTE","kava_158":"NO_VOTE","kava_190":"NO_VOTE","kava_191":"NO_VOTE","cluster_label":11},{"voter":"Citadelone","kava_71":"YES","kava_73":"NO","kava_75":"ABSTAIN","kava_78":"YES","kava_80":"YES","kava_82":"YES","kava_88":"YES","kava_89":"ABSTAIN","kava_100":"YES","kava_101":null,"kava_104":"YES","kava_116":"YES","kava_120":"NO","kava_121":"YES","kava_125":"YES","kava_126":"YES","kava_128":"YES","kava_135":null,"kava_137":"YES","kava_141":"YES","kava_142":"YES","kava_148":"YES","kava_149":"YES","kava_151":null,"kava_153":null,"kava_154":"NO","kava_166":"ABSTAIN","kava_169":"ABSTAIN","kava_171":"ABSTAIN","kava_175":"ABSTAIN","kava_176":"YES","kava_179":"YES","kava_180":"YES","kava_183":"YES","kava_185":"YES","kava_186":"YES","kava_187":"ABSTAIN","kava_188":"YES","kava_189":"YES","kava_172":"ABSTAIN","kava_158":null,"kava_190":"YES","kava_191":"ABSTAIN","cluster_label":3},{"voter":"Frens ","kava_71":null,"kava_73":null,"kava_75":null,"kava_78":null,"kava_80":null,"kava_82":null,"kava_88":null,"kava_89":null,"kava_100":null,"kava_101":null,"kava_104":null,"kava_116":null,"kava_120":null,"kava_121":null,"kava_125":null,"kava_126":null,"kava_128":null,"kava_135":"ABSTAIN","kava_137":"YES","kava_141":null,"kava_142":null,"kava_148":null,"kava_149":"YES","kava_151":null,"kava_153":"YES","kava_154":null,"kava_166":null,"kava_169":"NO","kava_171":"YES","kava_175":"YES","kava_176":"YES","kava_179":"YES","kava_180":"YES","kava_183":"ABSTAIN","kava_185":"YES","kava_186":"YES","kava_187":"YES","kava_188":"YES","kava_189":null,"kava_172":"YES","kava_158":null,"kava_190":null,"kava_191":null,"cluster_label":3},{"voter":"Cosmostation","kava_71":"ABSTAIN","kava_73":"YES","kava_75":"ABSTAIN","kava_78":"YES","kava_80":"NO","kava_82":"YES","kava_88":null,"kava_89":null,"kava_100":"NO","kava_101":"ABSTAIN","kava_104":"YES","kava_116":"ABSTAIN","kava_120":"YES","kava_121":"NO","kava_125":"YES","kava_126":"YES","kava_128":"YES","kava_135":"YES","kava_137":"YES","kava_141":"YES","kava_142":"YES","kava_148":"YES","kava_149":"NO","kava_151":"YES","kava_153":"YES","kava_154":"NO","kava_166":"NO","kava_169":"YES","kava_171":"YES","kava_175":"YES","kava_176":"YES","kava_179":"YES","kava_180":"YES","kava_183":"YES","kava_185":"YES","kava_186":"YES","kava_187":"YES","kava_188":"YES","kava_189":"YES","kava_172":"YES","kava_158":"YES","kava_190":"YES","kava_191":"ABSTAIN","cluster_label":3},{"voter":"Kleomedes","kava_71":null,"kava_73":null,"kava_75":null,"kava_78":"YES","kava_80":"NO","kava_82":"YES","kava_88":"NO","kava_89":"YES","kava_100":"NO","kava_101":"ABSTAIN","kava_104":"NO","kava_116":null,"kava_120":null,"kava_121":"YES","kava_125":"YES","kava_126":"YES","kava_128":null,"kava_135":"NO","kava_137":null,"kava_141":"ABSTAIN","kava_142":null,"kava_148":"ABSTAIN","kava_149":null,"kava_151":null,"kava_153":null,"kava_154":null,"kava_166":"ABSTAIN","kava_169":"NO","kava_171":"ABSTAIN","kava_175":"ABSTAIN","kava_176":"ABSTAIN","kava_179":"ABSTAIN","kava_180":"ABSTAIN","kava_183":"ABSTAIN","kava_185":"ABSTAIN","kava_186":null,"kava_187":"ABSTAIN","kava_188":"ABSTAIN","kava_189":"ABSTAIN","kava_172":null,"kava_158":null,"kava_190":"ABSTAIN","kava_191":"ABSTAIN","cluster_label":10},{"voter":"Coinage x DAIC","kava_71":null,"kava_73":null,"kava_75":null,"kava_78":null,"kava_80":null,"kava_82":null,"kava_88":null,"kava_89":null,"kava_100":null,"kava_101":null,"kava_104":null,"kava_116":null,"kava_120":null,"kava_121":null,"kava_125":null,"kava_126":null,"kava_128":null,"kava_135":null,"kava_137":"YES","kava_141":"YES","kava_142":"ABSTAIN","kava_148":"YES","kava_149":"NO","kava_151":"ABSTAIN","kava_153":"ABSTAIN","kava_154":"ABSTAIN","kava_166":null,"kava_169":"ABSTAIN","kava_171":"ABSTAIN","kava_175":"YES","kava_176":"YES","kava_179":"YES","kava_180":"YES","kava_183":"YES","kava_185":"ABSTAIN","kava_186":"YES","kava_187":"ABSTAIN","kava_188":null,"kava_189":"ABSTAIN","kava_172":null,"kava_158":null,"kava_190":"ABSTAIN","kava_191":"ABSTAIN","cluster_label":3},{"voter":"polkachucom","kava_71":"NO","kava_73":"YES","kava_75":"YES","kava_78":"YES","kava_80":"NO","kava_82":"YES","kava_88":"YES","kava_89":"YES","kava_100":"NO","kava_101":"NO","kava_104":"YES","kava_116":"YES","kava_120":"NO","kava_121":"YES","kava_125":"YES","kava_126":"YES","kava_128":"NO","kava_135":"NO_WITH_VETO","kava_137":"NO","kava_141":"NO","kava_142":"YES","kava_148":"YES","kava_149":"NO","kava_151":"YES","kava_153":"YES","kava_154":"YES","kava_166":"NO","kava_169":"NO","kava_171":"YES","kava_175":"YES","kava_176":"YES","kava_179":"YES","kava_180":"YES","kava_183":"YES","kava_185":"YES","kava_186":"YES","kava_187":"YES","kava_188":"YES","kava_189":"YES","kava_172":"YES","kava_158":"YES","kava_190":"YES","kava_191":"YES","cluster_label":3},{"voter":"Meria","kava_71":null,"kava_73":null,"kava_75":null,"kava_78":null,"kava_80":null,"kava_82":null,"kava_88":null,"kava_89":null,"kava_100":null,"kava_101":null,"kava_104":null,"kava_116":null,"kava_120":null,"kava_121":null,"kava_125":null,"kava_126":null,"kava_128":null,"kava_135":"ABSTAIN","kava_137":"NO","kava_141":"YES","kava_142":"YES","kava_148":"YES","kava_149":"YES","kava_151":"YES","kava_153":"YES","kava_154":"ABSTAIN","kava_166":null,"kava_169":"NO","kava_171":null,"kava_175":"YES","kava_176":null,"kava_179":null,"kava_180":null,"kava_183":null,"kava_185":"YES","kava_186":null,"kava_187":null,"kava_188":null,"kava_189":"YES","kava_172":null,"kava_158":null,"kava_190":"YES","kava_191":"YES","cluster_label":4},{"voter":"Stakeflow","kava_71":null,"kava_73":null,"kava_75":null,"kava_78":null,"kava_80":"YES","kava_82":null,"kava_88":null,"kava_89":null,"kava_100":null,"kava_101":null,"kava_104":null,"kava_116":null,"kava_120":"NO","kava_121":"NO","kava_125":null,"kava_126":null,"kava_128":null,"kava_135":null,"kava_137":null,"kava_141":null,"kava_142":null,"kava_148":"YES","kava_149":"NO","kava_151":"YES","kava_153":"YES","kava_154":null,"kava_166":null,"kava_169":null,"kava_171":null,"kava_175":"ABSTAIN","kava_176":"YES","kava_179":"YES","kava_180":null,"kava_183":"YES","kava_185":"YES","kava_186":"YES","kava_187":"ABSTAIN","kava_188":"YES","kava_189":null,"kava_172":null,"kava_158":null,"kava_190":null,"kava_191":null,"cluster_label":4},{"voter":"ChainLayer","kava_71":null,"kava_73":"ABSTAIN","kava_75":null,"kava_78":"YES","kava_80":"YES","kava_82":"ABSTAIN","kava_88":"NO","kava_89":"YES","kava_100":"NO","kava_101":"ABSTAIN","kava_104":"YES","kava_116":"YES","kava_120":"NO","kava_121":"NO","kava_125":"YES","kava_126":"YES","kava_128":"YES","kava_135":"ABSTAIN","kava_137":null,"kava_141":"YES","kava_142":"YES","kava_148":"YES","kava_149":null,"kava_151":null,"kava_153":null,"kava_154":"ABSTAIN","kava_166":"ABSTAIN","kava_169":"YES","kava_171":"ABSTAIN","kava_175":"YES","kava_176":"YES","kava_179":"YES","kava_180":"YES","kava_183":null,"kava_185":"YES","kava_186":"YES","kava_187":"YES","kava_188":"YES","kava_189":null,"kava_172":"ABSTAIN","kava_158":null,"kava_190":null,"kava_191":null,"cluster_label":3},{"voter":"DACM","kava_71":null,"kava_73":null,"kava_75":null,"kava_78":null,"kava_80":null,"kava_82":null,"kava_88":null,"kava_89":null,"kava_100":"NO","kava_101":"ABSTAIN","kava_104":null,"kava_116":"ABSTAIN","kava_120":"YES","kava_121":null,"kava_125":"YES","kava_126":"YES","kava_128":null,"kava_135":null,"kava_137":"YES","kava_141":null,"kava_142":null,"kava_148":"YES","kava_149":null,"kava_151":null,"kava_153":null,"kava_154":null,"kava_166":null,"kava_169":"YES","kava_171":"YES","kava_175":null,"kava_176":"YES","kava_179":null,"kava_180":null,"kava_183":"YES","kava_185":"YES","kava_186":"YES","kava_187":"YES","kava_188":null,"kava_189":"ABSTAIN","kava_172":null,"kava_158":"YES","kava_190":"ABSTAIN","kava_191":"ABSTAIN","cluster_label":11},{"voter":"Allnodes","kava_71":null,"kava_73":null,"kava_75":"ABSTAIN","kava_78":null,"kava_80":"ABSTAIN","kava_82":"ABSTAIN","kava_88":"NO","kava_89":"ABSTAIN","kava_100":null,"kava_101":null,"kava_104":"ABSTAIN","kava_116":null,"kava_120":"YES","kava_121":"YES","kava_125":"ABSTAIN","kava_126":"YES","kava_128":"NO","kava_135":null,"kava_137":"ABSTAIN","kava_141":"NO","kava_142":"YES","kava_148":"ABSTAIN","kava_149":null,"kava_151":null,"kava_153":"YES","kava_154":"NO","kava_166":"NO","kava_169":"ABSTAIN","kava_171":"ABSTAIN","kava_175":"YES","kava_176":"YES","kava_179":"YES","kava_180":"YES","kava_183":"YES","kava_185":"YES","kava_186":"YES","kava_187":"YES","kava_188":"YES","kava_189":"YES","kava_172":"YES","kava_158":"YES","kava_190":"YES","kava_191":"YES","cluster_label":3},{"voter":"PoS Node","kava_71":null,"kava_73":null,"kava_75":null,"kava_78":null,"kava_80":null,"kava_82":null,"kava_88":null,"kava_89":null,"kava_100":null,"kava_101":null,"kava_104":null,"kava_116":null,"kava_120":"YES","kava_121":"YES","kava_125":"YES","kava_126":"YES","kava_128":"YES","kava_135":"NO_WITH_VETO","kava_137":"YES","kava_141":"YES","kava_142":"YES","kava_148":"YES","kava_149":"YES","kava_151":"YES","kava_153":"YES","kava_154":"YES","kava_166":"NO","kava_169":"NO","kava_171":"YES","kava_175":"YES","kava_176":"YES","kava_179":"YES","kava_180":"YES","kava_183":"YES","kava_185":"YES","kava_186":"YES","kava_187":"YES","kava_188":"YES","kava_189":"ABSTAIN","kava_172":"ABSTAIN","kava_158":"YES","kava_190":"YES","kava_191":"ABSTAIN","cluster_label":13},{"voter":"SmartNodes","kava_71":"NO_VOTE","kava_73":"NO","kava_75":"NO","kava_78":"YES","kava_80":null,"kava_82":null,"kava_88":"NO_VOTE","kava_89":"NO_VOTE","kava_100":null,"kava_101":null,"kava_104":"ABSTAIN","kava_116":null,"kava_120":null,"kava_121":null,"kava_125":null,"kava_126":null,"kava_128":null,"kava_135":null,"kava_137":null,"kava_141":null,"kava_142":null,"kava_148":null,"kava_149":null,"kava_151":null,"kava_153":null,"kava_154":null,"kava_166":null,"kava_169":null,"kava_171":null,"kava_175":null,"kava_176":null,"kava_179":null,"kava_180":"NO_VOTE","kava_183":"NO_VOTE","kava_185":"NO_VOTE","kava_186":null,"kava_187":"NO_VOTE","kava_188":null,"kava_189":null,"kava_172":null,"kava_158":"NO_VOTE","kava_190":null,"kava_191":null,"cluster_label":4},{"voter":"Quebec","kava_71":null,"kava_73":null,"kava_75":null,"kava_78":null,"kava_80":null,"kava_82":null,"kava_88":null,"kava_89":null,"kava_100":null,"kava_101":null,"kava_104":null,"kava_116":null,"kava_120":null,"kava_121":null,"kava_125":null,"kava_126":null,"kava_128":null,"kava_135":null,"kava_137":null,"kava_141":null,"kava_142":null,"kava_148":null,"kava_149":null,"kava_151":null,"kava_153":null,"kava_154":null,"kava_166":"NO_WITH_VETO","kava_169":"NO","kava_171":"ABSTAIN","kava_175":"YES","kava_176":"ABSTAIN","kava_179":"ABSTAIN","kava_180":"ABSTAIN","kava_183":"ABSTAIN","kava_185":"ABSTAIN","kava_186":"ABSTAIN","kava_187":"ABSTAIN","kava_188":null,"kava_189":null,"kava_172":"ABSTAIN","kava_158":null,"kava_190":null,"kava_191":null,"cluster_label":13},{"voter":"MrK","kava_71":null,"kava_73":null,"kava_75":"YES","kava_78":"YES","kava_80":"NO","kava_82":"ABSTAIN","kava_88":null,"kava_89":null,"kava_100":"YES","kava_101":"ABSTAIN","kava_104":null,"kava_116":null,"kava_120":"YES","kava_121":"NO","kava_125":null,"kava_126":null,"kava_128":null,"kava_135":null,"kava_137":null,"kava_141":null,"kava_142":null,"kava_148":null,"kava_149":"NO","kava_151":null,"kava_153":null,"kava_154":null,"kava_166":null,"kava_169":null,"kava_171":"YES","kava_175":null,"kava_176":null,"kava_179":null,"kava_180":null,"kava_183":null,"kava_185":null,"kava_186":null,"kava_187":null,"kava_188":null,"kava_189":null,"kava_172":null,"kava_158":null,"kava_190":null,"kava_191":null,"cluster_label":10},{"voter":"Redelegate","kava_71":"NO","kava_73":"YES","kava_75":"NO","kava_78":"YES","kava_80":"NO","kava_82":"YES","kava_88":"NO","kava_89":"YES","kava_100":"NO","kava_101":"ABSTAIN","kava_104":"YES","kava_116":"YES","kava_120":"NO","kava_121":"NO","kava_125":"YES","kava_126":"YES","kava_128":"YES","kava_135":"NO","kava_137":"YES","kava_141":"YES","kava_142":"YES","kava_148":"YES","kava_149":"NO","kava_151":"YES","kava_153":null,"kava_154":"NO","kava_166":null,"kava_169":null,"kava_171":null,"kava_175":null,"kava_176":null,"kava_179":null,"kava_180":null,"kava_183":null,"kava_185":null,"kava_186":null,"kava_187":null,"kava_188":null,"kava_189":null,"kava_172":null,"kava_158":"YES","kava_190":null,"kava_191":null,"cluster_label":11},{"voter":"Trust Nodes","kava_71":null,"kava_73":null,"kava_75":null,"kava_78":null,"kava_80":null,"kava_82":null,"kava_88":null,"kava_89":null,"kava_100":null,"kava_101":null,"kava_104":null,"kava_116":null,"kava_120":null,"kava_121":null,"kava_125":null,"kava_126":null,"kava_128":null,"kava_135":null,"kava_137":null,"kava_141":null,"kava_142":null,"kava_148":null,"kava_149":null,"kava_151":null,"kava_153":null,"kava_154":null,"kava_166":"ABSTAIN","kava_169":"ABSTAIN","kava_171":"ABSTAIN","kava_175":"ABSTAIN","kava_176":"ABSTAIN","kava_179":"ABSTAIN","kava_180":"ABSTAIN","kava_183":"ABSTAIN","kava_185":"ABSTAIN","kava_186":"ABSTAIN","kava_187":"ABSTAIN","kava_188":"ABSTAIN","kava_189":"ABSTAIN","kava_172":"ABSTAIN","kava_158":null,"kava_190":"ABSTAIN","kava_191":"ABSTAIN","cluster_label":1},{"voter":"Everstake","kava_71":null,"kava_73":null,"kava_75":null,"kava_78":null,"kava_80":null,"kava_82":null,"kava_88":null,"kava_89":null,"kava_100":null,"kava_101":null,"kava_104":null,"kava_116":null,"kava_120":null,"kava_121":null,"kava_125":null,"kava_126":null,"kava_128":null,"kava_135":null,"kava_137":null,"kava_141":null,"kava_142":null,"kava_148":null,"kava_149":null,"kava_151":null,"kava_153":null,"kava_154":null,"kava_166":"ABSTAIN","kava_169":"YES","kava_171":null,"kava_175":"YES","kava_176":"YES","kava_179":"YES","kava_180":"YES","kava_183":"YES","kava_185":null,"kava_186":null,"kava_187":null,"kava_188":null,"kava_189":null,"kava_172":null,"kava_158":null,"kava_190":null,"kava_191":"YES","cluster_label":1},{"voter":"AlphaNodes","kava_71":null,"kava_73":null,"kava_75":null,"kava_78":null,"kava_80":null,"kava_82":null,"kava_88":null,"kava_89":null,"kava_100":null,"kava_101":null,"kava_104":null,"kava_116":"ABSTAIN","kava_120":"YES","kava_121":"NO","kava_125":"ABSTAIN","kava_126":"YES","kava_128":null,"kava_135":null,"kava_137":null,"kava_141":null,"kava_142":null,"kava_148":"ABSTAIN","kava_149":null,"kava_151":null,"kava_153":null,"kava_154":null,"kava_166":null,"kava_169":"NO","kava_171":"NO","kava_175":"ABSTAIN","kava_176":"ABSTAIN","kava_179":null,"kava_180":"ABSTAIN","kava_183":null,"kava_185":null,"kava_186":"ABSTAIN","kava_187":null,"kava_188":null,"kava_189":null,"kava_172":null,"kava_158":null,"kava_190":null,"kava_191":null,"cluster_label":9},{"voter":"coaction","kava_71":null,"kava_73":null,"kava_75":null,"kava_78":null,"kava_80":null,"kava_82":null,"kava_88":null,"kava_89":null,"kava_100":null,"kava_101":null,"kava_104":null,"kava_116":null,"kava_120":null,"kava_121":null,"kava_125":null,"kava_126":null,"kava_128":null,"kava_135":null,"kava_137":null,"kava_141":null,"kava_142":null,"kava_148":null,"kava_149":null,"kava_151":null,"kava_153":"YES","kava_154":"NO","kava_166":null,"kava_169":null,"kava_171":null,"kava_175":null,"kava_176":null,"kava_179":null,"kava_180":null,"kava_183":null,"kava_185":null,"kava_186":null,"kava_187":null,"kava_188":null,"kava_189":null,"kava_172":null,"kava_158":"ABSTAIN","kava_190":null,"kava_191":null,"cluster_label":0},{"voter":"Please Redelegate","kava_71":"NO_VOTE","kava_73":"YES","kava_75":"NO_VOTE","kava_78":"NO_VOTE","kava_80":"NO","kava_82":"NO_VOTE","kava_88":"NO_VOTE","kava_89":"NO_VOTE","kava_100":"YES","kava_101":"NO_VOTE","kava_104":"NO_VOTE","kava_116":"NO_VOTE","kava_120":"NO_VOTE","kava_121":"NO_VOTE","kava_125":"NO_VOTE","kava_126":"NO_VOTE","kava_128":"NO_VOTE","kava_135":"NO_VOTE","kava_137":"NO_VOTE","kava_141":"NO_VOTE","kava_142":"NO_VOTE","kava_148":"NO_VOTE","kava_149":"NO_VOTE","kava_151":"NO_VOTE","kava_153":"NO_VOTE","kava_154":"NO_VOTE","kava_166":"NO_VOTE","kava_169":"NO_VOTE","kava_171":"NO_VOTE","kava_175":"NO_VOTE","kava_176":"NO_VOTE","kava_179":"NO_VOTE","kava_180":"NO_VOTE","kava_183":"NO_VOTE","kava_185":"NO_VOTE","kava_186":"NO_VOTE","kava_187":"NO_VOTE","kava_188":"NO_VOTE","kava_189":"NO_VOTE","kava_172":"NO_VOTE","kava_158":"NO_VOTE","kava_190":"NO_VOTE","kava_191":"NO_VOTE","cluster_label":10},{"voter":"WeStaking","kava_71":null,"kava_73":"YES","kava_75":"NO","kava_78":"YES","kava_80":"NO","kava_82":null,"kava_88":"NO","kava_89":"YES","kava_100":"NO","kava_101":"ABSTAIN","kava_104":"YES","kava_116":"YES","kava_120":"NO","kava_121":"NO","kava_125":"YES","kava_126":"YES","kava_128":"YES","kava_135":"YES","kava_137":null,"kava_141":null,"kava_142":"YES","kava_148":"YES","kava_149":"NO","kava_151":"YES","kava_153":null,"kava_154":null,"kava_166":null,"kava_169":null,"kava_171":"YES","kava_175":"YES","kava_176":"YES","kava_179":"YES","kava_180":"YES","kava_183":null,"kava_185":null,"kava_186":null,"kava_187":null,"kava_188":"YES","kava_189":null,"kava_172":null,"kava_158":"YES","kava_190":null,"kava_191":"YES","cluster_label":4},{"voter":"offline","kava_71":null,"kava_73":null,"kava_75":null,"kava_78":null,"kava_80":null,"kava_82":null,"kava_88":null,"kava_89":null,"kava_100":null,"kava_101":null,"kava_104":null,"kava_116":"YES","kava_120":"YES","kava_121":null,"kava_125":null,"kava_126":null,"kava_128":null,"kava_135":null,"kava_137":null,"kava_141":null,"kava_142":null,"kava_148":null,"kava_149":null,"kava_151":null,"kava_153":null,"kava_154":null,"kava_166":null,"kava_169":null,"kava_171":null,"kava_175":null,"kava_176":null,"kava_179":null,"kava_180":null,"kava_183":null,"kava_185":null,"kava_186":null,"kava_187":null,"kava_188":null,"kava_189":null,"kava_172":null,"kava_158":null,"kava_190":null,"kava_191":null,"cluster_label":10},{"voter":"Decloud Nodes Lab","kava_71":null,"kava_73":null,"kava_75":null,"kava_78":null,"kava_80":null,"kava_82":null,"kava_88":null,"kava_89":null,"kava_100":null,"kava_101":null,"kava_104":null,"kava_116":null,"kava_120":null,"kava_121":null,"kava_125":null,"kava_126":null,"kava_128":null,"kava_135":"YES","kava_137":"YES","kava_141":"YES","kava_142":null,"kava_148":null,"kava_149":null,"kava_151":null,"kava_153":null,"kava_154":null,"kava_166":"NO","kava_169":null,"kava_171":null,"kava_175":null,"kava_176":null,"kava_179":null,"kava_180":null,"kava_183":null,"kava_185":null,"kava_186":null,"kava_187":null,"kava_188":null,"kava_189":null,"kava_172":null,"kava_158":null,"kava_190":null,"kava_191":null,"cluster_label":12},{"voter":"ChainTools","kava_71":"NO","kava_73":"ABSTAIN","kava_75":"YES","kava_78":"YES","kava_80":"NO","kava_82":"ABSTAIN","kava_88":"NO","kava_89":"NO","kava_100":"NO","kava_101":"ABSTAIN","kava_104":"NO","kava_116":"YES","kava_120":"NO","kava_121":"NO","kava_125":"NO_VOTE","kava_126":"NO_VOTE","kava_128":"YES","kava_135":"ABSTAIN","kava_137":"ABSTAIN","kava_141":"YES","kava_142":"YES","kava_148":"YES","kava_149":"NO","kava_151":"YES","kava_153":"YES","kava_154":"YES","kava_166":"YES","kava_169":"ABSTAIN","kava_171":"YES","kava_175":"NO_VOTE","kava_176":"NO_VOTE","kava_179":"NO_VOTE","kava_180":"YES","kava_183":"NO_VOTE","kava_185":"YES","kava_186":"YES","kava_187":"YES","kava_188":"YES","kava_189":"YES","kava_172":"YES","kava_158":"YES","kava_190":"YES","kava_191":"YES","cluster_label":10},{"voter":"0 Fee  ACI69  Airdrops","kava_71":null,"kava_73":null,"kava_75":null,"kava_78":null,"kava_80":null,"kava_82":null,"kava_88":null,"kava_89":null,"kava_100":null,"kava_101":null,"kava_104":null,"kava_116":null,"kava_120":null,"kava_121":null,"kava_125":null,"kava_126":null,"kava_128":null,"kava_135":null,"kava_137":"YES","kava_141":"ABSTAIN","kava_142":"YES","kava_148":"YES","kava_149":"NO","kava_151":"NO","kava_153":"YES","kava_154":"YES","kava_166":"NO","kava_169":"NO","kava_171":"ABSTAIN","kava_175":null,"kava_176":null,"kava_179":"YES","kava_180":null,"kava_183":null,"kava_185":null,"kava_186":"YES","kava_187":"ABSTAIN","kava_188":"YES","kava_189":null,"kava_172":"YES","kava_158":null,"kava_190":null,"kava_191":null,"cluster_label":11},{"voter":"Consensus One","kava_71":null,"kava_73":null,"kava_75":null,"kava_78":null,"kava_80":null,"kava_82":null,"kava_88":null,"kava_89":null,"kava_100":null,"kava_101":null,"kava_104":null,"kava_116":null,"kava_120":null,"kava_121":null,"kava_125":null,"kava_126":null,"kava_128":null,"kava_135":null,"kava_137":null,"kava_141":null,"kava_142":null,"kava_148":null,"kava_149":"YES","kava_151":"YES","kava_153":null,"kava_154":null,"kava_166":null,"kava_169":null,"kava_171":null,"kava_175":null,"kava_176":null,"kava_179":null,"kava_180":null,"kava_183":null,"kava_185":null,"kava_186":null,"kava_187":null,"kava_188":null,"kava_189":null,"kava_172":null,"kava_158":null,"kava_190":null,"kava_191":null,"cluster_label":9},{"voter":" uGaenn ","kava_71":null,"kava_73":null,"kava_75":"YES","kava_78":null,"kava_80":null,"kava_82":"NO","kava_88":null,"kava_89":null,"kava_100":"NO","kava_101":null,"kava_104":"YES","kava_116":null,"kava_120":null,"kava_121":null,"kava_125":null,"kava_126":null,"kava_128":null,"kava_135":null,"kava_137":"YES","kava_141":"NO","kava_142":null,"kava_148":"NO","kava_149":"NO","kava_151":"NO","kava_153":"NO","kava_154":"NO","kava_166":null,"kava_169":null,"kava_171":null,"kava_175":null,"kava_176":null,"kava_179":null,"kava_180":null,"kava_183":null,"kava_185":null,"kava_186":null,"kava_187":null,"kava_188":null,"kava_189":null,"kava_172":null,"kava_158":"NO","kava_190":null,"kava_191":null,"cluster_label":8},{"voter":"Wetez","kava_71":null,"kava_73":null,"kava_75":null,"kava_78":null,"kava_80":"NO","kava_82":"NO","kava_88":"YES","kava_89":"YES","kava_100":"NO","kava_101":"YES","kava_104":null,"kava_116":null,"kava_120":"YES","kava_121":null,"kava_125":null,"kava_126":null,"kava_128":"YES","kava_135":null,"kava_137":null,"kava_141":"YES","kava_142":"YES","kava_148":"YES","kava_149":"YES","kava_151":"YES","kava_153":null,"kava_154":"YES","kava_166":null,"kava_169":null,"kava_171":null,"kava_175":null,"kava_176":null,"kava_179":null,"kava_180":null,"kava_183":null,"kava_185":null,"kava_186":null,"kava_187":null,"kava_188":null,"kava_189":null,"kava_172":null,"kava_158":"YES","kava_190":null,"kava_191":null,"cluster_label":5},{"voter":"Validatriumcom","kava_71":null,"kava_73":null,"kava_75":null,"kava_78":null,"kava_80":"YES","kava_82":null,"kava_88":"YES","kava_89":"YES","kava_100":"YES","kava_101":"YES","kava_104":"YES","kava_116":"YES","kava_120":"YES","kava_121":"YES","kava_125":"ABSTAIN","kava_126":"ABSTAIN","kava_128":"YES","kava_135":"ABSTAIN","kava_137":"YES","kava_141":"ABSTAIN","kava_142":"YES","kava_148":"YES","kava_149":"NO","kava_151":"YES","kava_153":"YES","kava_154":"YES","kava_166":"YES","kava_169":"YES","kava_171":"YES","kava_175":"YES","kava_176":"YES","kava_179":"YES","kava_180":null,"kava_183":null,"kava_185":"YES","kava_186":null,"kava_187":null,"kava_188":null,"kava_189":null,"kava_172":"ABSTAIN","kava_158":null,"kava_190":null,"kava_191":null,"cluster_label":2},{"voter":"Inter Blockchain Services","kava_71":"ABSTAIN","kava_73":"YES","kava_75":"YES","kava_78":"YES","kava_80":"NO","kava_82":"YES","kava_88":"NO","kava_89":"NO","kava_100":"YES","kava_101":"NO","kava_104":"YES","kava_116":"YES","kava_120":"NO","kava_121":null,"kava_125":"YES","kava_126":"YES","kava_128":"ABSTAIN","kava_135":"ABSTAIN","kava_137":"ABSTAIN","kava_141":"ABSTAIN","kava_142":"ABSTAIN","kava_148":"YES","kava_149":"NO","kava_151":"ABSTAIN","kava_153":"ABSTAIN","kava_154":null,"kava_166":"YES","kava_169":"NO","kava_171":"YES","kava_175":"YES","kava_176":"YES","kava_179":"YES","kava_180":"YES","kava_183":"YES","kava_185":null,"kava_186":"YES","kava_187":"YES","kava_188":"YES","kava_189":null,"kava_172":"YES","kava_158":null,"kava_190":null,"kava_191":"YES","cluster_label":6},{"voter":"Bit Cat","kava_71":null,"kava_73":null,"kava_75":null,"kava_78":null,"kava_80":null,"kava_82":null,"kava_88":null,"kava_89":null,"kava_100":"YES","kava_101":"ABSTAIN","kava_104":null,"kava_116":null,"kava_120":null,"kava_121":"YES","kava_125":null,"kava_126":null,"kava_128":null,"kava_135":null,"kava_137":null,"kava_141":null,"kava_142":null,"kava_148":null,"kava_149":null,"kava_151":null,"kava_153":null,"kava_154":null,"kava_166":null,"kava_169":null,"kava_171":null,"kava_175":null,"kava_176":null,"kava_179":null,"kava_180":null,"kava_183":null,"kava_185":null,"kava_186":null,"kava_187":null,"kava_188":null,"kava_189":null,"kava_172":null,"kava_158":null,"kava_190":null,"kava_191":null,"cluster_label":13},{"voter":"Easy 2 Stake","kava_71":null,"kava_73":null,"kava_75":null,"kava_78":null,"kava_80":null,"kava_82":"YES","kava_88":"NO","kava_89":"YES","kava_100":null,"kava_101":"ABSTAIN","kava_104":"ABSTAIN","kava_116":"ABSTAIN","kava_120":null,"kava_121":"NO","kava_125":"YES","kava_126":"ABSTAIN","kava_128":null,"kava_135":"NO_WITH_VETO","kava_137":null,"kava_141":"ABSTAIN","kava_142":"ABSTAIN","kava_148":"ABSTAIN","kava_149":"NO","kava_151":"ABSTAIN","kava_153":"ABSTAIN","kava_154":"NO","kava_166":"ABSTAIN","kava_169":"ABSTAIN","kava_171":"ABSTAIN","kava_175":"ABSTAIN","kava_176":"ABSTAIN","kava_179":null,"kava_180":null,"kava_183":"YES","kava_185":null,"kava_186":"YES","kava_187":null,"kava_188":null,"kava_189":"YES","kava_172":"ABSTAIN","kava_158":"NO","kava_190":"YES","kava_191":"ABSTAIN","cluster_label":8},{"voter":"Nodeasycom","kava_71":"NO_VOTE","kava_73":"NO_VOTE","kava_75":"NO_VOTE","kava_78":"NO_VOTE","kava_80":"NO_VOTE","kava_82":"NO_VOTE","kava_88":"NO_VOTE","kava_89":"NO_VOTE","kava_100":"NO_VOTE","kava_101":"YES","kava_104":"YES","kava_116":"YES","kava_120":"YES","kava_121":"NO_VOTE","kava_125":"NO_VOTE","kava_126":"NO_VOTE","kava_128":"YES","kava_135":"ABSTAIN","kava_137":"NO_VOTE","kava_141":"NO_VOTE","kava_142":"NO_VOTE","kava_148":"NO_VOTE","kava_149":"NO_VOTE","kava_151":"NO_VOTE","kava_153":"YES","kava_154":"NO","kava_166":"NO_VOTE","kava_169":"NO_VOTE","kava_171":"ABSTAIN","kava_175":"NO_VOTE","kava_176":"NO_VOTE","kava_179":"YES","kava_180":"YES","kava_183":"YES","kava_185":"YES","kava_186":"YES","kava_187":"YES","kava_188":"YES","kava_189":"YES","kava_172":"NO_VOTE","kava_158":"YES","kava_190":"YES","kava_191":"YES","cluster_label":11},{"voter":"Huobi","kava_71":"NO","kava_73":"YES","kava_75":"YES","kava_78":"YES","kava_80":"YES","kava_82":null,"kava_88":"NO","kava_89":"YES","kava_100":null,"kava_101":null,"kava_104":null,"kava_116":null,"kava_120":null,"kava_121":null,"kava_125":null,"kava_126":null,"kava_128":null,"kava_135":null,"kava_137":null,"kava_141":null,"kava_142":null,"kava_148":null,"kava_149":null,"kava_151":null,"kava_153":null,"kava_154":null,"kava_166":null,"kava_169":null,"kava_171":null,"kava_175":null,"kava_176":null,"kava_179":null,"kava_180":null,"kava_183":null,"kava_185":null,"kava_186":null,"kava_187":null,"kava_188":null,"kava_189":null,"kava_172":null,"kava_158":null,"kava_190":null,"kava_191":null,"cluster_label":4},{"voter":"ChainodeTech","kava_71":"NO_VOTE","kava_73":"NO_VOTE","kava_75":"YES","kava_78":"YES","kava_80":"NO","kava_82":"YES","kava_88":"NO_VOTE","kava_89":"NO_VOTE","kava_100":"NO","kava_101":"NO_VOTE","kava_104":"YES","kava_116":"YES","kava_120":"NO","kava_121":"NO","kava_125":"NO_VOTE","kava_126":"NO_VOTE","kava_128":"NO_VOTE","kava_135":"NO_VOTE","kava_137":"NO_VOTE","kava_141":"NO_VOTE","kava_142":"NO_VOTE","kava_148":"NO_VOTE","kava_149":"NO_VOTE","kava_151":"NO_VOTE","kava_153":"YES","kava_154":"NO_VOTE","kava_166":"NO_VOTE","kava_169":"NO_VOTE","kava_171":"NO_VOTE","kava_175":"NO_VOTE","kava_176":"NO_VOTE","kava_179":"NO_VOTE","kava_180":"NO_VOTE","kava_183":"YES","kava_185":"NO_VOTE","kava_186":"NO_VOTE","kava_187":"NO_VOTE","kava_188":"NO_VOTE","kava_189":"NO_VOTE","kava_172":"NO_VOTE","kava_158":"NO_VOTE","kava_190":"NO_VOTE","kava_191":"NO_VOTE","cluster_label":11},{"voter":"Psycho Node","kava_71":null,"kava_73":null,"kava_75":"YES","kava_78":null,"kava_80":null,"kava_82":null,"kava_88":null,"kava_89":null,"kava_100":null,"kava_101":null,"kava_104":null,"kava_116":null,"kava_120":null,"kava_121":null,"kava_125":"ABSTAIN","kava_126":null,"kava_128":null,"kava_135":"YES","kava_137":null,"kava_141":null,"kava_142":null,"kava_148":null,"kava_149":null,"kava_151":null,"kava_153":null,"kava_154":null,"kava_166":null,"kava_169":null,"kava_171":null,"kava_175":null,"kava_176":null,"kava_179":null,"kava_180":null,"kava_183":null,"kava_185":null,"kava_186":null,"kava_187":null,"kava_188":null,"kava_189":null,"kava_172":null,"kava_158":null,"kava_190":null,"kava_191":null,"cluster_label":12},{"voter":"TRGC By Liquify","kava_71":"NO_VOTE","kava_73":"NO_VOTE","kava_75":"NO_VOTE","kava_78":"NO_VOTE","kava_80":"NO_VOTE","kava_82":"NO_VOTE","kava_88":"NO_VOTE","kava_89":"NO_VOTE","kava_100":"NO_VOTE","kava_101":"NO_VOTE","kava_104":"NO_VOTE","kava_116":"NO_VOTE","kava_120":"NO","kava_121":"YES","kava_125":"NO_VOTE","kava_126":"NO_VOTE","kava_128":"NO_VOTE","kava_135":"NO_VOTE","kava_137":"NO_VOTE","kava_141":"YES","kava_142":"NO_VOTE","kava_148":"NO_VOTE","kava_149":"NO_VOTE","kava_151":"NO_VOTE","kava_153":"YES","kava_154":"NO_VOTE","kava_166":"NO_VOTE","kava_169":"NO_VOTE","kava_171":"NO_VOTE","kava_175":"NO_VOTE","kava_176":"NO_VOTE","kava_179":"NO_VOTE","kava_180":"NO_VOTE","kava_183":"NO_VOTE","kava_185":"NO_VOTE","kava_186":"NO_VOTE","kava_187":"NO_VOTE","kava_188":"NO_VOTE","kava_189":"NO_VOTE","kava_172":"NO_VOTE","kava_158":"NO_VOTE","kava_190":"NO_VOTE","kava_191":"NO_VOTE","cluster_label":11},{"voter":"StakeSeeker by BTCS","kava_71":null,"kava_73":null,"kava_75":null,"kava_78":null,"kava_80":null,"kava_82":null,"kava_88":null,"kava_89":null,"kava_100":null,"kava_101":null,"kava_104":"YES","kava_116":"YES","kava_120":"YES","kava_121":null,"kava_125":"YES","kava_126":"ABSTAIN","kava_128":"YES","kava_135":"ABSTAIN","kava_137":"NO","kava_141":"ABSTAIN","kava_142":"YES","kava_148":"ABSTAIN","kava_149":"ABSTAIN","kava_151":"ABSTAIN","kava_153":"ABSTAIN","kava_154":"ABSTAIN","kava_166":null,"kava_169":null,"kava_171":null,"kava_175":null,"kava_176":"ABSTAIN","kava_179":null,"kava_180":"ABSTAIN","kava_183":null,"kava_185":null,"kava_186":null,"kava_187":null,"kava_188":null,"kava_189":null,"kava_172":null,"kava_158":null,"kava_190":null,"kava_191":null,"cluster_label":4},{"voter":"europlots","kava_71":null,"kava_73":null,"kava_75":null,"kava_78":null,"kava_80":null,"kava_82":null,"kava_88":null,"kava_89":null,"kava_100":null,"kava_101":null,"kava_104":null,"kava_116":null,"kava_120":null,"kava_121":null,"kava_125":null,"kava_126":null,"kava_128":null,"kava_135":null,"kava_137":null,"kava_141":"ABSTAIN","kava_142":null,"kava_148":"YES","kava_149":"NO","kava_151":"ABSTAIN","kava_153":null,"kava_154":"YES","kava_166":null,"kava_169":null,"kava_171":null,"kava_175":null,"kava_176":null,"kava_179":null,"kava_180":null,"kava_183":null,"kava_185":null,"kava_186":null,"kava_187":null,"kava_188":null,"kava_189":null,"kava_172":null,"kava_158":null,"kava_190":null,"kava_191":null,"cluster_label":11},{"voter":"P2PORG  P2P Validator","kava_71":"NO","kava_73":"YES","kava_75":"YES","kava_78":"YES","kava_80":"NO","kava_82":"NO","kava_88":"NO","kava_89":"YES","kava_100":"NO","kava_101":"NO","kava_104":"YES","kava_116":"YES","kava_120":"NO","kava_121":"YES","kava_125":"ABSTAIN","kava_126":"YES","kava_128":"YES","kava_135":"YES","kava_137":"ABSTAIN","kava_141":"NO","kava_142":"ABSTAIN","kava_148":"YES","kava_149":"NO","kava_151":"ABSTAIN","kava_153":"YES","kava_154":"NO","kava_166":"NO","kava_169":null,"kava_171":"YES","kava_175":"YES","kava_176":"YES","kava_179":"YES","kava_180":"YES","kava_183":"YES","kava_185":"YES","kava_186":null,"kava_187":"YES","kava_188":"YES","kava_189":null,"kava_172":"ABSTAIN","kava_158":"YES","kava_190":null,"kava_191":null,"cluster_label":4},{"voter":"Colossus","kava_71":null,"kava_73":null,"kava_75":null,"kava_78":null,"kava_80":null,"kava_82":null,"kava_88":null,"kava_89":null,"kava_100":null,"kava_101":null,"kava_104":null,"kava_116":null,"kava_120":null,"kava_121":null,"kava_125":null,"kava_126":"YES","kava_128":null,"kava_135":null,"kava_137":null,"kava_141":null,"kava_142":null,"kava_148":null,"kava_149":null,"kava_151":null,"kava_153":null,"kava_154":null,"kava_166":null,"kava_169":null,"kava_171":null,"kava_175":"YES","kava_176":"YES","kava_179":null,"kava_180":null,"kava_183":null,"kava_185":null,"kava_186":null,"kava_187":null,"kava_188":null,"kava_189":"YES","kava_172":"ABSTAIN","kava_158":null,"kava_190":"YES","kava_191":"ABSTAIN","cluster_label":11},{"voter":"Kiln","kava_71":"NO_VOTE","kava_73":"NO_VOTE","kava_75":"NO_VOTE","kava_78":"NO_VOTE","kava_80":"NO_VOTE","kava_82":"NO_VOTE","kava_88":"NO_VOTE","kava_89":"NO_VOTE","kava_100":"NO_VOTE","kava_101":"NO_VOTE","kava_104":"NO_VOTE","kava_116":"NO_VOTE","kava_120":"NO_VOTE","kava_121":"NO_VOTE","kava_125":"NO_VOTE","kava_126":"NO_VOTE","kava_128":"NO_VOTE","kava_135":"NO_VOTE","kava_137":"NO_VOTE","kava_141":"NO_VOTE","kava_142":"NO_VOTE","kava_148":"NO_VOTE","kava_149":"NO_VOTE","kava_151":"NO_VOTE","kava_153":"NO_VOTE","kava_154":"NO_VOTE","kava_166":"ABSTAIN","kava_169":"ABSTAIN","kava_171":"ABSTAIN","kava_175":"ABSTAIN","kava_176":"ABSTAIN","kava_179":"YES","kava_180":"YES","kava_183":"YES","kava_185":"ABSTAIN","kava_186":"YES","kava_187":"ABSTAIN","kava_188":"YES","kava_189":"ABSTAIN","kava_172":"ABSTAIN","kava_158":"NO_VOTE","kava_190":"YES","kava_191":"ABSTAIN","cluster_label":1},{"voter":"Luganodes","kava_71":null,"kava_73":null,"kava_75":null,"kava_78":null,"kava_80":null,"kava_82":null,"kava_88":null,"kava_89":null,"kava_100":null,"kava_101":null,"kava_104":null,"kava_116":null,"kava_120":null,"kava_121":null,"kava_125":null,"kava_126":null,"kava_128":null,"kava_135":null,"kava_137":null,"kava_141":null,"kava_142":null,"kava_148":"YES","kava_149":"NO","kava_151":null,"kava_153":"YES","kava_154":null,"kava_166":null,"kava_169":"ABSTAIN","kava_171":"YES","kava_175":"YES","kava_176":"YES","kava_179":"YES","kava_180":null,"kava_183":null,"kava_185":null,"kava_186":null,"kava_187":null,"kava_188":"YES","kava_189":"YES","kava_172":"ABSTAIN","kava_158":null,"kava_190":"YES","kava_191":null,"cluster_label":11},{"voter":"InfStones","kava_71":"NO_VOTE","kava_73":"NO_VOTE","kava_75":null,"kava_78":null,"kava_80":null,"kava_82":"NO_VOTE","kava_88":"NO_VOTE","kava_89":"NO_VOTE","kava_100":null,"kava_101":"NO_VOTE","kava_104":null,"kava_116":"NO_VOTE","kava_120":null,"kava_121":"NO_VOTE","kava_125":"NO_VOTE","kava_126":"NO_VOTE","kava_128":"NO_VOTE","kava_135":"NO_VOTE","kava_137":"NO_VOTE","kava_141":null,"kava_142":"NO_VOTE","kava_148":null,"kava_149":null,"kava_151":"NO_VOTE","kava_153":"NO_VOTE","kava_154":null,"kava_166":"NO_VOTE","kava_169":"NO_VOTE","kava_171":null,"kava_175":null,"kava_176":null,"kava_179":"NO_VOTE","kava_180":"NO_VOTE","kava_183":"NO_VOTE","kava_185":"NO_VOTE","kava_186":"NO_VOTE","kava_187":"NO_VOTE","kava_188":"NO_VOTE","kava_189":"NO_VOTE","kava_172":"NO_VOTE","kava_158":"NO_VOTE","kava_190":"NO_VOTE","kava_191":"NO_VOTE","cluster_label":11},{"voter":"Stir","kava_71":"NO_VOTE","kava_73":"NO_VOTE","kava_75":"NO_VOTE","kava_78":"NO_VOTE","kava_80":"NO_VOTE","kava_82":"NO_VOTE","kava_88":"NO_VOTE","kava_89":"NO_VOTE","kava_100":"NO_VOTE","kava_101":"NO_VOTE","kava_104":"NO_VOTE","kava_116":"NO_VOTE","kava_120":"NO_VOTE","kava_121":"NO_VOTE","kava_125":"NO_VOTE","kava_126":"NO_VOTE","kava_128":"NO_VOTE","kava_135":"NO_VOTE","kava_137":"NO_VOTE","kava_141":"NO_VOTE","kava_142":"NO_VOTE","kava_148":"NO_VOTE","kava_149":"NO_VOTE","kava_151":"NO_VOTE","kava_153":"NO_VOTE","kava_154":"NO_VOTE","kava_166":"NO_VOTE","kava_169":"NO_VOTE","kava_171":"NO_VOTE","kava_175":"NO_VOTE","kava_176":"NO_VOTE","kava_179":"NO_VOTE","kava_180":"NO_VOTE","kava_183":"NO_VOTE","kava_185":"NO_VOTE","kava_186":"NO_VOTE","kava_187":"NO_VOTE","kava_188":"NO_VOTE","kava_189":"NO_VOTE","kava_172":"NO_VOTE","kava_158":"NO_VOTE","kava_190":"NO_VOTE","kava_191":"NO_VOTE","cluster_label":4},{"voter":"Sunflower","kava_71":"NO_VOTE","kava_73":"NO_VOTE","kava_75":"NO_VOTE","kava_78":"NO_VOTE","kava_80":"NO_VOTE","kava_82":"NO_VOTE","kava_88":"NO_VOTE","kava_89":"NO_VOTE","kava_100":"NO_VOTE","kava_101":"NO_VOTE","kava_104":"NO_VOTE","kava_116":"NO_VOTE","kava_120":"NO_VOTE","kava_121":"NO_VOTE","kava_125":"NO_VOTE","kava_126":"NO_VOTE","kava_128":"NO_VOTE","kava_135":"NO_VOTE","kava_137":"NO_VOTE","kava_141":"NO_VOTE","kava_142":"NO_VOTE","kava_148":"NO_VOTE","kava_149":"NO_VOTE","kava_151":"NO_VOTE","kava_153":"NO_VOTE","kava_154":"NO_VOTE","kava_166":"NO_VOTE","kava_169":"NO","kava_171":"NO_VOTE","kava_175":"NO_VOTE","kava_176":"NO_VOTE","kava_179":"NO_VOTE","kava_180":"NO_VOTE","kava_183":"NO_VOTE","kava_185":"NO_VOTE","kava_186":"NO_VOTE","kava_187":"NO_VOTE","kava_188":"NO_VOTE","kava_189":null,"kava_172":"NO_VOTE","kava_158":"NO_VOTE","kava_190":null,"kava_191":null,"cluster_label":11},{"voter":"Cryptostakecom ","kava_71":"NO_VOTE","kava_73":null,"kava_75":null,"kava_78":null,"kava_80":null,"kava_82":"NO_VOTE","kava_88":"NO_VOTE","kava_89":"NO_VOTE","kava_100":null,"kava_101":"NO_VOTE","kava_104":null,"kava_116":"NO_VOTE","kava_120":null,"kava_121":"NO_VOTE","kava_125":null,"kava_126":null,"kava_128":"NO_VOTE","kava_135":"NO_VOTE","kava_137":"NO_VOTE","kava_141":null,"kava_142":"NO_VOTE","kava_148":null,"kava_149":null,"kava_151":null,"kava_153":null,"kava_154":null,"kava_166":"NO_VOTE","kava_169":null,"kava_171":null,"kava_175":null,"kava_176":null,"kava_179":"NO_VOTE","kava_180":"NO_VOTE","kava_183":"NO_VOTE","kava_185":"NO_VOTE","kava_186":"NO_VOTE","kava_187":"NO_VOTE","kava_188":"NO_VOTE","kava_189":"NO_VOTE","kava_172":"NO_VOTE","kava_158":"NO_VOTE","kava_190":"NO_VOTE","kava_191":"NO_VOTE","cluster_label":11},{"voter":"CEXIO Validator","kava_71":null,"kava_73":null,"kava_75":null,"kava_78":null,"kava_80":null,"kava_82":"YES","kava_88":"YES","kava_89":"YES","kava_100":"YES","kava_101":"ABSTAIN","kava_104":"YES","kava_116":"YES","kava_120":"NO","kava_121":"YES","kava_125":"ABSTAIN","kava_126":"YES","kava_128":"YES","kava_135":null,"kava_137":"YES","kava_141":null,"kava_142":null,"kava_148":null,"kava_149":"YES","kava_151":"YES","kava_153":"YES","kava_154":"NO","kava_166":null,"kava_169":null,"kava_171":null,"kava_175":null,"kava_176":null,"kava_179":null,"kava_180":null,"kava_183":"YES","kava_185":"YES","kava_186":"YES","kava_187":"YES","kava_188":"YES","kava_189":"YES","kava_172":null,"kava_158":"YES","kava_190":"YES","kava_191":"ABSTAIN","cluster_label":4},{"voter":"stake2earn","kava_71":null,"kava_73":null,"kava_75":null,"kava_78":"YES","kava_80":null,"kava_82":null,"kava_88":null,"kava_89":null,"kava_100":null,"kava_101":"NO","kava_104":null,"kava_116":null,"kava_120":null,"kava_121":"NO","kava_125":null,"kava_126":null,"kava_128":null,"kava_135":null,"kava_137":null,"kava_141":null,"kava_142":null,"kava_148":null,"kava_149":null,"kava_151":null,"kava_153":null,"kava_154":null,"kava_166":null,"kava_169":null,"kava_171":null,"kava_175":null,"kava_176":null,"kava_179":null,"kava_180":null,"kava_183":null,"kava_185":null,"kava_186":null,"kava_187":null,"kava_188":null,"kava_189":null,"kava_172":null,"kava_158":null,"kava_190":null,"kava_191":null,"cluster_label":7},{"voter":"StakeCraft","kava_71":null,"kava_73":null,"kava_75":null,"kava_78":null,"kava_80":"YES","kava_82":"NO_WITH_VETO","kava_88":"ABSTAIN","kava_89":"YES","kava_100":"NO","kava_101":null,"kava_104":null,"kava_116":null,"kava_120":null,"kava_121":null,"kava_125":"YES","kava_126":"ABSTAIN","kava_128":null,"kava_135":null,"kava_137":null,"kava_141":"YES","kava_142":"YES","kava_148":null,"kava_149":"YES","kava_151":"YES","kava_153":"YES","kava_154":"YES","kava_166":"NO","kava_169":null,"kava_171":null,"kava_175":"YES","kava_176":null,"kava_179":null,"kava_180":"YES","kava_183":"YES","kava_185":"YES","kava_186":null,"kava_187":null,"kava_188":"YES","kava_189":null,"kava_172":"YES","kava_158":"YES","kava_190":null,"kava_191":null,"cluster_label":11},{"voter":"Staked","kava_71":"NO_VOTE","kava_73":"NO_VOTE","kava_75":"NO_VOTE","kava_78":"NO_VOTE","kava_80":"NO_VOTE","kava_82":"NO_VOTE","kava_88":"NO_VOTE","kava_89":"NO_VOTE","kava_100":"NO_VOTE","kava_101":"NO_VOTE","kava_104":"NO_VOTE","kava_116":"NO_VOTE","kava_120":"NO_VOTE","kava_121":"NO_VOTE","kava_125":"NO_VOTE","kava_126":"NO_VOTE","kava_128":"NO_VOTE","kava_135":"NO_VOTE","kava_137":"NO_VOTE","kava_141":"NO_VOTE","kava_142":"NO_VOTE","kava_148":"NO_VOTE","kava_149":"NO_VOTE","kava_151":"NO_VOTE","kava_153":"NO_VOTE","kava_154":"NO_VOTE","kava_166":"NO_VOTE","kava_169":"NO_VOTE","kava_171":"NO_VOTE","kava_175":"NO_VOTE","kava_176":"NO_VOTE","kava_179":"NO_VOTE","kava_180":"NO_VOTE","kava_183":"NO_VOTE","kava_185":"NO_VOTE","kava_186":"NO_VOTE","kava_187":"NO_VOTE","kava_188":"NO_VOTE","kava_189":"NO_VOTE","kava_172":"NO_VOTE","kava_158":"NO_VOTE","kava_190":"NO_VOTE","kava_191":"NO_VOTE","cluster_label":6},{"voter":"Winter Validator","kava_71":"NO_VOTE","kava_73":"NO_VOTE","kava_75":"NO_VOTE","kava_78":"NO_VOTE","kava_80":"NO","kava_82":"NO_VOTE","kava_88":"NO","kava_89":"YES","kava_100":"YES","kava_101":"NO","kava_104":"YES","kava_116":"NO","kava_120":"NO","kava_121":"NO","kava_125":"YES","kava_126":"YES","kava_128":"NO_VOTE","kava_135":"ABSTAIN","kava_137":"YES","kava_141":"NO","kava_142":"YES","kava_148":"YES","kava_149":"YES","kava_151":"NO","kava_153":"YES","kava_154":"YES","kava_166":"NO","kava_169":"YES","kava_171":"YES","kava_175":"YES","kava_176":"YES","kava_179":"NO_VOTE","kava_180":"YES","kava_183":"NO_VOTE","kava_185":"YES","kava_186":"NO_VOTE","kava_187":"YES","kava_188":"NO_VOTE","kava_189":"YES","kava_172":"YES","kava_158":"YES","kava_190":"YES","kava_191":"YES","cluster_label":11},{"voter":"StakeLab","kava_71":"NO","kava_73":"YES","kava_75":"YES","kava_78":"NO","kava_80":"NO","kava_82":"YES","kava_88":null,"kava_89":null,"kava_100":"NO","kava_101":"NO","kava_104":"YES","kava_116":null,"kava_120":"YES","kava_121":"YES","kava_125":null,"kava_126":null,"kava_128":null,"kava_135":"ABSTAIN","kava_137":null,"kava_141":null,"kava_142":null,"kava_148":null,"kava_149":null,"kava_151":null,"kava_153":null,"kava_154":"NO","kava_166":null,"kava_169":null,"kava_171":null,"kava_175":null,"kava_176":null,"kava_179":null,"kava_180":null,"kava_183":null,"kava_185":null,"kava_186":null,"kava_187":null,"kava_188":null,"kava_189":null,"kava_172":null,"kava_158":null,"kava_190":null,"kava_191":null,"cluster_label":8},{"voter":"Anchor Staking","kava_71":null,"kava_73":null,"kava_75":null,"kava_78":null,"kava_80":"YES","kava_82":"YES","kava_88":null,"kava_89":null,"kava_100":null,"kava_101":null,"kava_104":null,"kava_116":null,"kava_120":null,"kava_121":null,"kava_125":null,"kava_126":null,"kava_128":null,"kava_135":null,"kava_137":null,"kava_141":null,"kava_142":null,"kava_148":null,"kava_149":null,"kava_151":null,"kava_153":null,"kava_154":null,"kava_166":null,"kava_169":null,"kava_171":null,"kava_175":null,"kava_176":null,"kava_179":null,"kava_180":null,"kava_183":null,"kava_185":null,"kava_186":null,"kava_187":null,"kava_188":null,"kava_189":null,"kava_172":null,"kava_158":null,"kava_190":null,"kava_191":null,"cluster_label":8},{"voter":"Masternode24de","kava_71":"NO_VOTE","kava_73":"NO_VOTE","kava_75":"NO_VOTE","kava_78":"NO_VOTE","kava_80":"NO_VOTE","kava_82":"NO_VOTE","kava_88":"NO_VOTE","kava_89":"NO_VOTE","kava_100":"NO_VOTE","kava_101":"NO_VOTE","kava_104":"NO_VOTE","kava_116":"NO_VOTE","kava_120":"NO_VOTE","kava_121":"NO_VOTE","kava_125":"NO_VOTE","kava_126":"NO_VOTE","kava_128":"NO_VOTE","kava_135":"ABSTAIN","kava_137":"NO_VOTE","kava_141":"YES","kava_142":"NO_VOTE","kava_148":"NO_VOTE","kava_149":"NO_VOTE","kava_151":"NO_VOTE","kava_153":"NO_VOTE","kava_154":"NO_VOTE","kava_166":"NO_VOTE","kava_169":"NO_VOTE","kava_171":"NO_VOTE","kava_175":"NO_VOTE","kava_176":"NO_VOTE","kava_179":"NO_VOTE","kava_180":"NO_VOTE","kava_183":"NO_VOTE","kava_185":"NO_VOTE","kava_186":"NO_VOTE","kava_187":"NO_VOTE","kava_188":"NO_VOTE","kava_189":"NO_VOTE","kava_172":"NO_VOTE","kava_158":"NO_VOTE","kava_190":"NO_VOTE","kava_191":"NO_VOTE","cluster_label":11},{"voter":"KJINCio","kava_71":null,"kava_73":null,"kava_75":null,"kava_78":null,"kava_80":null,"kava_82":null,"kava_88":null,"kava_89":null,"kava_100":null,"kava_101":null,"kava_104":null,"kava_116":null,"kava_120":null,"kava_121":null,"kava_125":null,"kava_126":null,"kava_128":null,"kava_135":null,"kava_137":null,"kava_141":null,"kava_142":null,"kava_148":null,"kava_149":null,"kava_151":null,"kava_153":null,"kava_154":null,"kava_166":null,"kava_169":null,"kava_171":null,"kava_175":null,"kava_176":null,"kava_179":null,"kava_180":"YES","kava_183":"YES","kava_185":"YES","kava_186":"YES","kava_187":"YES","kava_188":"YES","kava_189":"YES","kava_172":null,"kava_158":null,"kava_190":"YES","kava_191":"YES","cluster_label":11},{"voter":" CryptoCrew Validators IBCgang","kava_71":null,"kava_73":null,"kava_75":null,"kava_78":null,"kava_80":null,"kava_82":null,"kava_88":null,"kava_89":null,"kava_100":null,"kava_101":null,"kava_104":null,"kava_116":null,"kava_120":null,"kava_121":null,"kava_125":null,"kava_126":null,"kava_128":null,"kava_135":null,"kava_137":null,"kava_141":null,"kava_142":null,"kava_148":null,"kava_149":null,"kava_151":null,"kava_153":null,"kava_154":null,"kava_166":null,"kava_169":null,"kava_171":"ABSTAIN","kava_175":"ABSTAIN","kava_176":"ABSTAIN","kava_179":"ABSTAIN","kava_180":"ABSTAIN","kava_183":"ABSTAIN","kava_185":"ABSTAIN","kava_186":"ABSTAIN","kava_187":"YES","kava_188":"ABSTAIN","kava_189":"ABSTAIN","kava_172":"ABSTAIN","kava_158":null,"kava_190":"ABSTAIN","kava_191":"ABSTAIN","cluster_label":6},{"voter":"BitNordic","kava_71":null,"kava_73":null,"kava_75":null,"kava_78":null,"kava_80":"NO","kava_82":null,"kava_88":null,"kava_89":null,"kava_100":"NO","kava_101":"ABSTAIN","kava_104":"YES","kava_116":"YES","kava_120":"NO","kava_121":"YES","kava_125":"ABSTAIN","kava_126":"YES","kava_128":"YES","kava_135":"ABSTAIN","kava_137":"YES","kava_141":"YES","kava_142":"YES","kava_148":"YES","kava_149":"NO","kava_151":"YES","kava_153":"YES","kava_154":"ABSTAIN","kava_166":"YES","kava_169":"ABSTAIN","kava_171":"YES","kava_175":"YES","kava_176":"YES","kava_179":"YES","kava_180":"YES","kava_183":"YES","kava_185":"YES","kava_186":"YES","kava_187":"YES","kava_188":"YES","kava_189":"YES","kava_172":"ABSTAIN","kava_158":"YES","kava_190":"YES","kava_191":"YES","cluster_label":11},{"voter":"Kiki Finance","kava_71":"NO_VOTE","kava_73":"NO_VOTE","kava_75":"NO_VOTE","kava_78":"NO_VOTE","kava_80":"NO_VOTE","kava_82":"NO_VOTE","kava_88":"NO_VOTE","kava_89":"NO_VOTE","kava_100":"NO_VOTE","kava_101":"NO_VOTE","kava_104":"NO_VOTE","kava_116":"NO_VOTE","kava_120":"NO_VOTE","kava_121":"NO_VOTE","kava_125":"NO_VOTE","kava_126":"NO_VOTE","kava_128":"NO_VOTE","kava_135":"NO_VOTE","kava_137":"NO_VOTE","kava_141":"NO_VOTE","kava_142":"NO_VOTE","kava_148":"NO_VOTE","kava_149":"NO_VOTE","kava_151":"NO_VOTE","kava_153":"NO_VOTE","kava_154":"NO_VOTE","kava_166":"NO_VOTE","kava_169":"NO_VOTE","kava_171":"NO_VOTE","kava_175":"NO_VOTE","kava_176":"NO_VOTE","kava_179":"NO_VOTE","kava_180":"NO_VOTE","kava_183":"NO_VOTE","kava_185":"NO_VOTE","kava_186":"NO_VOTE","kava_187":"NO_VOTE","kava_188":"NO_VOTE","kava_189":"NO_VOTE","kava_172":"NO_VOTE","kava_158":"NO_VOTE","kava_190":"NO_VOTE","kava_191":"NO_VOTE","cluster_label":11},{"voter":"openstakenet","kava_71":"ABSTAIN","kava_73":"YES","kava_75":"ABSTAIN","kava_78":"ABSTAIN","kava_80":"NO","kava_82":"YES","kava_88":"ABSTAIN","kava_89":"ABSTAIN","kava_100":"NO","kava_101":"ABSTAIN","kava_104":"YES","kava_116":"ABSTAIN","kava_120":"NO","kava_121":"NO","kava_125":"ABSTAIN","kava_126":"YES","kava_128":"ABSTAIN","kava_135":null,"kava_137":null,"kava_141":"ABSTAIN","kava_142":null,"kava_148":"ABSTAIN","kava_149":"NO","kava_151":"YES","kava_153":null,"kava_154":"ABSTAIN","kava_166":"YES","kava_169":"ABSTAIN","kava_171":"ABSTAIN","kava_175":"YES","kava_176":"ABSTAIN","kava_179":"ABSTAIN","kava_180":null,"kava_183":"ABSTAIN","kava_185":null,"kava_186":"ABSTAIN","kava_187":"YES","kava_188":"ABSTAIN","kava_189":"YES","kava_172":"YES","kava_158":"YES","kava_190":"ABSTAIN","kava_191":"YES","cluster_label":11},{"voter":"OtterSync","kava_71":"NO_VOTE","kava_73":"NO_VOTE","kava_75":"NO_VOTE","kava_78":"NO_VOTE","kava_80":"NO","kava_82":"YES","kava_88":"NO","kava_89":"YES","kava_100":"YES","kava_101":"NO","kava_104":"YES","kava_116":"YES","kava_120":"NO","kava_121":"YES","kava_125":"YES","kava_126":"YES","kava_128":"ABSTAIN","kava_135":"NO_WITH_VETO","kava_137":"NO","kava_141":"YES","kava_142":"NO_VOTE","kava_148":"YES","kava_149":"NO","kava_151":"YES","kava_153":"YES","kava_154":"NO","kava_166":"ABSTAIN","kava_169":"NO","kava_171":"YES","kava_175":"ABSTAIN","kava_176":"ABSTAIN","kava_179":"YES","kava_180":"NO_VOTE","kava_183":"NO_VOTE","kava_185":"YES","kava_186":"YES","kava_187":"NO_VOTE","kava_188":"NO_VOTE","kava_189":"YES","kava_172":"YES","kava_158":"YES","kava_190":"YES","kava_191":"YES","cluster_label":11},{"voter":"Bitference","kava_71":"NO_VOTE","kava_73":"NO_VOTE","kava_75":"NO_VOTE","kava_78":"NO_VOTE","kava_80":"NO_VOTE","kava_82":"NO_VOTE","kava_88":"NO_VOTE","kava_89":"NO_VOTE","kava_100":"NO_VOTE","kava_101":"NO_VOTE","kava_104":"NO_VOTE","kava_116":"NO_VOTE","kava_120":"NO_VOTE","kava_121":"NO_VOTE","kava_125":"NO_VOTE","kava_126":"NO_VOTE","kava_128":"NO_VOTE","kava_135":"NO_VOTE","kava_137":"NO_VOTE","kava_141":"NO_VOTE","kava_142":"NO_VOTE","kava_148":"NO_VOTE","kava_149":"NO_VOTE","kava_151":"NO_VOTE","kava_153":"NO_VOTE","kava_154":"NO_VOTE","kava_166":"NO_VOTE","kava_169":"NO_VOTE","kava_171":"NO_VOTE","kava_175":"NO_VOTE","kava_176":"NO_VOTE","kava_179":"NO_VOTE","kava_180":"NO_VOTE","kava_183":"NO_VOTE","kava_185":"NO_VOTE","kava_186":"NO_VOTE","kava_187":"NO_VOTE","kava_188":"NO_VOTE","kava_189":"NO_VOTE","kava_172":"NO_VOTE","kava_158":"NO_VOTE","kava_190":"NO_VOTE","kava_191":"NO_VOTE","cluster_label":11},{"voter":"clubwfh","kava_71":"NO","kava_73":"YES","kava_75":"YES","kava_78":"YES","kava_80":null,"kava_82":null,"kava_88":null,"kava_89":null,"kava_100":null,"kava_101":null,"kava_104":null,"kava_116":null,"kava_120":null,"kava_121":null,"kava_125":null,"kava_126":null,"kava_128":null,"kava_135":null,"kava_137":null,"kava_141":null,"kava_142":null,"kava_148":null,"kava_149":null,"kava_151":null,"kava_153":null,"kava_154":null,"kava_166":null,"kava_169":null,"kava_171":null,"kava_175":null,"kava_176":null,"kava_179":null,"kava_180":null,"kava_183":null,"kava_185":null,"kava_186":null,"kava_187":null,"kava_188":null,"kava_189":null,"kava_172":null,"kava_158":null,"kava_190":null,"kava_191":null,"cluster_label":11},{"voter":"Validator Deprecated and Merged Please redelagate to AtlasStaking","kava_71":"NO","kava_73":null,"kava_75":"YES","kava_78":"YES","kava_80":"YES","kava_82":"YES","kava_88":null,"kava_89":null,"kava_100":"NO","kava_101":"NO","kava_104":"YES","kava_116":null,"kava_120":"YES","kava_121":null,"kava_125":"YES","kava_126":"YES","kava_128":null,"kava_135":"YES","kava_137":"YES","kava_141":"NO","kava_142":"YES","kava_148":"YES","kava_149":null,"kava_151":null,"kava_153":"YES","kava_154":null,"kava_166":null,"kava_169":null,"kava_171":"YES","kava_175":"YES","kava_176":"YES","kava_179":null,"kava_180":null,"kava_183":null,"kava_185":null,"kava_186":null,"kava_187":null,"kava_188":null,"kava_189":null,"kava_172":null,"kava_158":null,"kava_190":null,"kava_191":null,"cluster_label":11},{"voter":" EarnStash","kava_71":"ABSTAIN","kava_73":"YES","kava_75":"NO","kava_78":"NO","kava_80":"YES","kava_82":"YES","kava_88":"NO","kava_89":"YES","kava_100":"YES","kava_101":"NO","kava_104":"YES","kava_116":"YES","kava_120":null,"kava_121":"YES","kava_125":null,"kava_126":null,"kava_128":null,"kava_135":null,"kava_137":null,"kava_141":null,"kava_142":null,"kava_148":null,"kava_149":null,"kava_151":null,"kava_153":null,"kava_154":null,"kava_166":null,"kava_169":null,"kava_171":null,"kava_175":null,"kava_176":null,"kava_179":null,"kava_180":null,"kava_183":null,"kava_185":null,"kava_186":null,"kava_187":null,"kava_188":null,"kava_189":null,"kava_172":null,"kava_158":null,"kava_190":null,"kava_191":null,"cluster_label":11},{"voter":"DECOMMISSIONED AUDITone","kava_71":"YES","kava_73":"YES","kava_75":"ABSTAIN","kava_78":"ABSTAIN","kava_80":"NO","kava_82":"ABSTAIN","kava_88":null,"kava_89":null,"kava_100":"NO","kava_101":"ABSTAIN","kava_104":"ABSTAIN","kava_116":null,"kava_120":null,"kava_121":null,"kava_125":null,"kava_126":null,"kava_128":null,"kava_135":null,"kava_137":null,"kava_141":null,"kava_142":null,"kava_148":null,"kava_149":null,"kava_151":null,"kava_153":null,"kava_154":null,"kava_166":null,"kava_169":null,"kava_171":null,"kava_175":null,"kava_176":null,"kava_179":null,"kava_180":null,"kava_183":null,"kava_185":null,"kava_186":null,"kava_187":null,"kava_188":null,"kava_189":null,"kava_172":null,"kava_158":null,"kava_190":null,"kava_191":null,"cluster_label":11},{"voter":"Asteroid","kava_71":"YES","kava_73":"YES","kava_75":"YES","kava_78":"YES","kava_80":"YES","kava_82":"YES","kava_88":null,"kava_89":null,"kava_100":null,"kava_101":null,"kava_104":null,"kava_116":null,"kava_120":null,"kava_121":null,"kava_125":null,"kava_126":null,"kava_128":null,"kava_135":null,"kava_137":null,"kava_141":null,"kava_142":null,"kava_148":null,"kava_149":null,"kava_151":null,"kava_153":null,"kava_154":null,"kava_166":null,"kava_169":null,"kava_171":null,"kava_175":null,"kava_176":null,"kava_179":null,"kava_180":null,"kava_183":null,"kava_185":null,"kava_186":null,"kava_187":null,"kava_188":null,"kava_189":null,"kava_172":null,"kava_158":null,"kava_190":null,"kava_191":null,"cluster_label":11},{"voter":"0 Fee  Stakewollecom","kava_71":"NO","kava_73":"YES","kava_75":null,"kava_78":null,"kava_80":null,"kava_82":null,"kava_88":null,"kava_89":null,"kava_100":"YES","kava_101":"NO","kava_104":"YES","kava_116":"YES","kava_120":"YES","kava_121":"NO","kava_125":"YES","kava_126":"YES","kava_128":"YES","kava_135":"NO","kava_137":"YES","kava_141":"YES","kava_142":"YES","kava_148":"YES","kava_149":"YES","kava_151":null,"kava_153":null,"kava_154":null,"kava_166":"NO","kava_169":"YES","kava_171":"YES","kava_175":"YES","kava_176":"YES","kava_179":"YES","kava_180":"YES","kava_183":"YES","kava_185":"YES","kava_186":"YES","kava_187":"YES","kava_188":"YES","kava_189":"YES","kava_172":"YES","kava_158":null,"kava_190":"YES","kava_191":"YES","cluster_label":11},{"voter":"cyberp3810","kava_71":"NO","kava_73":"YES","kava_75":null,"kava_78":null,"kava_80":null,"kava_82":null,"kava_88":null,"kava_89":null,"kava_100":null,"kava_101":null,"kava_104":null,"kava_116":null,"kava_120":null,"kava_121":null,"kava_125":null,"kava_126":null,"kava_128":null,"kava_135":null,"kava_137":null,"kava_141":null,"kava_142":null,"kava_148":null,"kava_149":null,"kava_151":null,"kava_153":null,"kava_154":null,"kava_166":null,"kava_169":null,"kava_171":null,"kava_175":null,"kava_176":null,"kava_179":null,"kava_180":null,"kava_183":null,"kava_185":null,"kava_186":null,"kava_187":null,"kava_188":null,"kava_189":null,"kava_172":null,"kava_158":null,"kava_190":null,"kava_191":null,"cluster_label":11},{"voter":"Stakincom ","kava_71":"NO","kava_73":"YES","kava_75":"NO","kava_78":"YES","kava_80":"NO","kava_82":"YES","kava_88":"YES","kava_89":"YES","kava_100":"NO","kava_101":"ABSTAIN","kava_104":"YES","kava_116":"YES","kava_120":"YES","kava_121":"NO","kava_125":"ABSTAIN","kava_126":"YES","kava_128":"YES","kava_135":"NO","kava_137":"YES","kava_141":"ABSTAIN","kava_142":"YES","kava_148":"YES","kava_149":"NO","kava_151":"YES","kava_153":"YES","kava_154":"NO","kava_166":"ABSTAIN","kava_169":"YES","kava_171":"ABSTAIN","kava_175":"ABSTAIN","kava_176":"ABSTAIN","kava_179":"ABSTAIN","kava_180":"ABSTAIN","kava_183":"ABSTAIN","kava_185":"ABSTAIN","kava_186":"ABSTAIN","kava_187":"ABSTAIN","kava_188":"ABSTAIN","kava_189":"ABSTAIN","kava_172":"ABSTAIN","kava_158":"YES","kava_190":"YES","kava_191":"ABSTAIN","cluster_label":11},{"voter":"SUNREN  0 Fee","kava_71":"ABSTAIN","kava_73":"NO","kava_75":"YES","kava_78":"YES","kava_80":"NO","kava_82":"YES","kava_88":"NO_VOTE","kava_89":"NO_VOTE","kava_100":"YES","kava_101":"NO_VOTE","kava_104":"YES","kava_116":"NO_VOTE","kava_120":"NO","kava_121":"NO","kava_125":"YES","kava_126":"YES","kava_128":"NO_VOTE","kava_135":"YES","kava_137":"YES","kava_141":"YES","kava_142":"YES","kava_148":"YES","kava_149":"YES","kava_151":"YES","kava_153":"YES","kava_154":"NO_VOTE","kava_166":"YES","kava_169":"NO","kava_171":"NO_VOTE","kava_175":"NO_VOTE","kava_176":"NO_VOTE","kava_179":"YES","kava_180":"YES","kava_183":null,"kava_185":null,"kava_186":null,"kava_187":null,"kava_188":null,"kava_189":null,"kava_172":"NO_VOTE","kava_158":"NO_VOTE","kava_190":null,"kava_191":null,"cluster_label":11},{"voter":"DeCrypto","kava_71":"ABSTAIN","kava_73":"ABSTAIN","kava_75":"ABSTAIN","kava_78":"ABSTAIN","kava_80":null,"kava_82":null,"kava_88":null,"kava_89":null,"kava_100":null,"kava_101":null,"kava_104":null,"kava_116":null,"kava_120":null,"kava_121":null,"kava_125":null,"kava_126":null,"kava_128":null,"kava_135":null,"kava_137":null,"kava_141":null,"kava_142":null,"kava_148":null,"kava_149":null,"kava_151":null,"kava_153":null,"kava_154":null,"kava_166":null,"kava_169":null,"kava_171":null,"kava_175":null,"kava_176":null,"kava_179":null,"kava_180":null,"kava_183":null,"kava_185":null,"kava_186":null,"kava_187":null,"kava_188":null,"kava_189":null,"kava_172":null,"kava_158":null,"kava_190":null,"kava_191":null,"cluster_label":11},{"voter":"MKVone","kava_71":"NO","kava_73":"YES","kava_75":"NO","kava_78":"YES","kava_80":"NO","kava_82":"YES","kava_88":"NO","kava_89":"YES","kava_100":"NO","kava_101":"NO","kava_104":"YES","kava_116":"YES","kava_120":"YES","kava_121":"YES","kava_125":"YES","kava_126":"YES","kava_128":"YES","kava_135":"YES","kava_137":"YES","kava_141":"YES","kava_142":null,"kava_148":"YES","kava_149":"YES","kava_151":"YES","kava_153":"YES","kava_154":"YES","kava_166":null,"kava_169":null,"kava_171":"YES","kava_175":"YES","kava_176":"YES","kava_179":"YES","kava_180":"YES","kava_183":"YES","kava_185":"YES","kava_186":"NO_VOTE","kava_187":"YES","kava_188":"YES","kava_189":"YES","kava_172":"YES","kava_158":"YES","kava_190":"YES","kava_191":"YES","cluster_label":11},{"voter":"Redelegate before 10072022","kava_71":"NO","kava_73":"NO","kava_75":"YES","kava_78":"YES","kava_80":"YES","kava_82":"NO","kava_88":"NO","kava_89":null,"kava_100":"YES","kava_101":"NO","kava_104":null,"kava_116":null,"kava_120":null,"kava_121":null,"kava_125":null,"kava_126":null,"kava_128":null,"kava_135":null,"kava_137":null,"kava_141":null,"kava_142":null,"kava_148":null,"kava_149":null,"kava_151":null,"kava_153":null,"kava_154":null,"kava_166":null,"kava_169":null,"kava_171":null,"kava_175":null,"kava_176":null,"kava_179":null,"kava_180":null,"kava_183":null,"kava_185":null,"kava_186":null,"kava_187":null,"kava_188":null,"kava_189":null,"kava_172":null,"kava_158":null,"kava_190":null,"kava_191":null,"cluster_label":11},{"voter":"NBG","kava_71":"NO","kava_73":"YES","kava_75":null,"kava_78":"YES","kava_80":null,"kava_82":null,"kava_88":"NO_VOTE","kava_89":"NO_VOTE","kava_100":null,"kava_101":null,"kava_104":null,"kava_116":"NO_VOTE","kava_120":null,"kava_121":null,"kava_125":null,"kava_126":null,"kava_128":null,"kava_135":null,"kava_137":null,"kava_141":null,"kava_142":"NO","kava_148":"YES","kava_149":null,"kava_151":"YES","kava_153":"ABSTAIN","kava_154":null,"kava_166":"NO","kava_169":"NO","kava_171":"ABSTAIN","kava_175":"YES","kava_176":"YES","kava_179":"NO_VOTE","kava_180":"NO_VOTE","kava_183":"NO_VOTE","kava_185":"NO_VOTE","kava_186":"NO_VOTE","kava_187":"NO_VOTE","kava_188":"NO_VOTE","kava_189":"NO_VOTE","kava_172":"ABSTAIN","kava_158":"YES","kava_190":"NO_VOTE","kava_191":"NO_VOTE","cluster_label":11},{"voter":"0 Fee MPress","kava_71":"ABSTAIN","kava_73":"YES","kava_75":"NO","kava_78":"YES","kava_80":"NO","kava_82":null,"kava_88":null,"kava_89":null,"kava_100":"YES","kava_101":"NO","kava_104":"NO","kava_116":null,"kava_120":null,"kava_121":null,"kava_125":null,"kava_126":null,"kava_128":null,"kava_135":null,"kava_137":null,"kava_141":null,"kava_142":null,"kava_148":null,"kava_149":null,"kava_151":null,"kava_153":null,"kava_154":"ABSTAIN","kava_166":"ABSTAIN","kava_169":"ABSTAIN","kava_171":"ABSTAIN","kava_175":"YES","kava_176":"ABSTAIN","kava_179":"ABSTAIN","kava_180":"ABSTAIN","kava_183":"ABSTAIN","kava_185":"ABSTAIN","kava_186":"ABSTAIN","kava_187":"ABSTAIN","kava_188":"ABSTAIN","kava_189":"ABSTAIN","kava_172":"ABSTAIN","kava_158":"ABSTAIN","kava_190":"ABSTAIN","kava_191":"ABSTAIN","cluster_label":11},{"voter":"funky","kava_71":"NO_VOTE","kava_73":"NO_VOTE","kava_75":"NO_VOTE","kava_78":"YES","kava_80":"YES","kava_82":"NO_VOTE","kava_88":"NO_VOTE","kava_89":"NO_VOTE","kava_100":"NO_VOTE","kava_101":"NO_VOTE","kava_104":"NO_VOTE","kava_116":"NO_VOTE","kava_120":"NO_VOTE","kava_121":"YES","kava_125":"NO_VOTE","kava_126":"NO_VOTE","kava_128":"NO_VOTE","kava_135":"NO_VOTE","kava_137":"NO_VOTE","kava_141":"NO_VOTE","kava_142":"NO_VOTE","kava_148":"NO_VOTE","kava_149":"NO_VOTE","kava_151":"NO_VOTE","kava_153":"NO_VOTE","kava_154":"NO_VOTE","kava_166":"NO_VOTE","kava_169":"NO_VOTE","kava_171":"NO_VOTE","kava_175":"NO_VOTE","kava_176":"NO_VOTE","kava_179":"NO_VOTE","kava_180":"NO_VOTE","kava_183":"NO_VOTE","kava_185":"NO_VOTE","kava_186":"NO_VOTE","kava_187":"NO_VOTE","kava_188":"NO_VOTE","kava_189":"NO_VOTE","kava_172":"NO_VOTE","kava_158":"NO_VOTE","kava_190":"NO_VOTE","kava_191":"NO_VOTE","cluster_label":11},{"voter":"Inactive  Please Redelegate","kava_71":"NO_VOTE","kava_73":"NO_VOTE","kava_75":"NO_VOTE","kava_78":"NO_VOTE","kava_80":"NO_VOTE","kava_82":"NO_VOTE","kava_88":"NO_VOTE","kava_89":"NO_VOTE","kava_100":"NO_VOTE","kava_101":"NO_VOTE","kava_104":"NO_VOTE","kava_116":"NO_VOTE","kava_120":"YES","kava_121":"NO_VOTE","kava_125":"NO_VOTE","kava_126":"NO_VOTE","kava_128":"NO","kava_135":"NO","kava_137":"YES","kava_141":"ABSTAIN","kava_142":"ABSTAIN","kava_148":"ABSTAIN","kava_149":"YES","kava_151":"ABSTAIN","kava_153":"NO_VOTE","kava_154":"ABSTAIN","kava_166":"NO_VOTE","kava_169":"NO_VOTE","kava_171":"NO_VOTE","kava_175":"NO_VOTE","kava_176":"NO_VOTE","kava_179":"NO_VOTE","kava_180":"NO_VOTE","kava_183":"NO_VOTE","kava_185":"NO_VOTE","kava_186":"NO_VOTE","kava_187":"NO_VOTE","kava_188":"NO_VOTE","kava_189":"NO_VOTE","kava_172":"NO_VOTE","kava_158":"NO_VOTE","kava_190":"NO_VOTE","kava_191":"NO_VOTE","cluster_label":11},{"voter":" KysenPool","kava_71":"NO_VOTE","kava_73":"NO_VOTE","kava_75":"NO_VOTE","kava_78":"YES","kava_80":"NO","kava_82":"NO_VOTE","kava_88":"NO_VOTE","kava_89":"NO_VOTE","kava_100":"NO","kava_101":"NO","kava_104":"YES","kava_116":"YES","kava_120":"NO","kava_121":"NO","kava_125":"YES","kava_126":"YES","kava_128":"NO_VOTE","kava_135":"NO_VOTE","kava_137":"NO_VOTE","kava_141":"NO_VOTE","kava_142":"NO_VOTE","kava_148":"YES","kava_149":"NO","kava_151":"YES","kava_153":"YES","kava_154":"NO","kava_166":"NO_VOTE","kava_169":"YES","kava_171":"YES","kava_175":"NO_VOTE","kava_176":"NO_VOTE","kava_179":"NO_VOTE","kava_180":"NO_VOTE","kava_183":"NO_VOTE","kava_185":"NO_VOTE","kava_186":"NO_VOTE","kava_187":"NO_VOTE","kava_188":"NO_VOTE","kava_189":"NO_VOTE","kava_172":"YES","kava_158":"NO_VOTE","kava_190":"YES","kava_191":"NO_VOTE","cluster_label":11},{"voter":"Insight Finance","kava_71":"NO_VOTE","kava_73":"NO_VOTE","kava_75":"NO_VOTE","kava_78":"NO_VOTE","kava_80":"NO_VOTE","kava_82":"NO_VOTE","kava_88":"NO_VOTE","kava_89":"NO_VOTE","kava_100":"NO_VOTE","kava_101":"NO_VOTE","kava_104":"NO_VOTE","kava_116":"NO_VOTE","kava_120":"NO_VOTE","kava_121":"NO_VOTE","kava_125":"NO_VOTE","kava_126":"NO_VOTE","kava_128":"NO_VOTE","kava_135":"NO_VOTE","kava_137":"NO","kava_141":"YES","kava_142":"NO_VOTE","kava_148":"NO_VOTE","kava_149":"NO_VOTE","kava_151":"NO_VOTE","kava_153":"NO_VOTE","kava_154":"NO_VOTE","kava_166":"NO_VOTE","kava_169":"NO_VOTE","kava_171":"NO_VOTE","kava_175":"NO_VOTE","kava_176":"NO_VOTE","kava_179":"NO_VOTE","kava_180":"NO_VOTE","kava_183":"NO_VOTE","kava_185":"NO_VOTE","kava_186":"NO_VOTE","kava_187":"NO_VOTE","kava_188":"NO_VOTE","kava_189":"NO_VOTE","kava_172":"NO_VOTE","kava_158":"NO_VOTE","kava_190":"NO_VOTE","kava_191":"NO_VOTE","cluster_label":11},{"voter":"KAVAxAiden  High Staking Reward","kava_71":"NO_VOTE","kava_73":"NO_VOTE","kava_75":"NO_VOTE","kava_78":"NO_VOTE","kava_80":"NO_VOTE","kava_82":"NO_VOTE","kava_88":"NO_VOTE","kava_89":"NO_VOTE","kava_100":"NO_VOTE","kava_101":"NO_VOTE","kava_104":"NO_VOTE","kava_116":"YES","kava_120":"YES","kava_121":"NO_VOTE","kava_125":"YES","kava_126":"YES","kava_128":"YES","kava_135":"ABSTAIN","kava_137":"ABSTAIN","kava_141":"YES","kava_142":"YES","kava_148":"YES","kava_149":"YES","kava_151":"YES","kava_153":"YES","kava_154":"YES","kava_166":"YES","kava_169":"YES","kava_171":"NO_VOTE","kava_175":"NO_VOTE","kava_176":"NO_VOTE","kava_179":"NO_VOTE","kava_180":null,"kava_183":null,"kava_185":null,"kava_186":null,"kava_187":null,"kava_188":null,"kava_189":null,"kava_172":"NO_VOTE","kava_158":"YES","kava_190":null,"kava_191":null,"cluster_label":11},{"voter":"Bitget  0 Fee","kava_71":"NO_VOTE","kava_73":null,"kava_75":null,"kava_78":null,"kava_80":null,"kava_82":"NO_VOTE","kava_88":"NO_VOTE","kava_89":"NO_VOTE","kava_100":null,"kava_101":"NO_VOTE","kava_104":null,"kava_116":"NO_VOTE","kava_120":null,"kava_121":"NO_VOTE","kava_125":null,"kava_126":null,"kava_128":"NO_VOTE","kava_135":"NO_VOTE","kava_137":"YES","kava_141":"YES","kava_142":"YES","kava_148":"YES","kava_149":"YES","kava_151":"YES","kava_153":"YES","kava_154":"YES","kava_166":"NO","kava_169":"NO","kava_171":"YES","kava_175":null,"kava_176":"YES","kava_179":"NO_VOTE","kava_180":"NO_VOTE","kava_183":"NO_VOTE","kava_185":"NO_VOTE","kava_186":"NO_VOTE","kava_187":"NO_VOTE","kava_188":"NO_VOTE","kava_189":"NO_VOTE","kava_172":"YES","kava_158":"YES","kava_190":"NO_VOTE","kava_191":"NO_VOTE","cluster_label":11},{"voter":"validator closing  please redelgate","kava_71":null,"kava_73":"YES","kava_75":"NO","kava_78":"YES","kava_80":null,"kava_82":null,"kava_88":null,"kava_89":null,"kava_100":null,"kava_101":null,"kava_104":null,"kava_116":null,"kava_120":null,"kava_121":null,"kava_125":null,"kava_126":null,"kava_128":null,"kava_135":null,"kava_137":null,"kava_141":null,"kava_142":null,"kava_148":null,"kava_149":null,"kava_151":null,"kava_153":null,"kava_154":null,"kava_166":null,"kava_169":null,"kava_171":null,"kava_175":null,"kava_176":null,"kava_179":null,"kava_180":null,"kava_183":null,"kava_185":null,"kava_186":null,"kava_187":null,"kava_188":null,"kava_189":null,"kava_172":null,"kava_158":null,"kava_190":null,"kava_191":null,"cluster_label":11},{"voter":"Moonshinecc Validation  CM1","kava_71":null,"kava_73":"NO","kava_75":null,"kava_78":"YES","kava_80":null,"kava_82":null,"kava_88":null,"kava_89":null,"kava_100":null,"kava_101":null,"kava_104":null,"kava_116":null,"kava_120":null,"kava_121":null,"kava_125":null,"kava_126":null,"kava_128":null,"kava_135":null,"kava_137":"YES","kava_141":null,"kava_142":null,"kava_148":"YES","kava_149":"YES","kava_151":"YES","kava_153":null,"kava_154":null,"kava_166":null,"kava_169":null,"kava_171":null,"kava_175":null,"kava_176":null,"kava_179":null,"kava_180":null,"kava_183":null,"kava_185":null,"kava_186":null,"kava_187":null,"kava_188":null,"kava_189":null,"kava_172":null,"kava_158":null,"kava_190":null,"kava_191":null,"cluster_label":11},{"voter":"0 Fee to 2023  Avaultocom","kava_71":null,"kava_73":"YES","kava_75":"YES","kava_78":null,"kava_80":null,"kava_82":null,"kava_88":null,"kava_89":null,"kava_100":null,"kava_101":null,"kava_104":null,"kava_116":null,"kava_120":null,"kava_121":null,"kava_125":null,"kava_126":null,"kava_128":null,"kava_135":null,"kava_137":null,"kava_141":null,"kava_142":null,"kava_148":null,"kava_149":null,"kava_151":null,"kava_153":null,"kava_154":null,"kava_166":null,"kava_169":null,"kava_171":null,"kava_175":null,"kava_176":null,"kava_179":null,"kava_180":null,"kava_183":null,"kava_185":null,"kava_186":null,"kava_187":null,"kava_188":null,"kava_189":null,"kava_172":null,"kava_158":null,"kava_190":null,"kava_191":null,"cluster_label":11},{"voter":"vinividivici","kava_71":null,"kava_73":null,"kava_75":"YES","kava_78":"YES","kava_80":"YES","kava_82":"YES","kava_88":null,"kava_89":null,"kava_100":"NO","kava_101":null,"kava_104":"YES","kava_116":null,"kava_120":"NO","kava_121":null,"kava_125":"YES","kava_126":"YES","kava_128":"YES","kava_135":null,"kava_137":null,"kava_141":null,"kava_142":null,"kava_148":null,"kava_149":"YES","kava_151":"YES","kava_153":"YES","kava_154":"NO","kava_166":"NO","kava_169":null,"kava_171":null,"kava_175":null,"kava_176":null,"kava_179":null,"kava_180":null,"kava_183":null,"kava_185":null,"kava_186":null,"kava_187":null,"kava_188":null,"kava_189":null,"kava_172":null,"kava_158":"YES","kava_190":null,"kava_191":null,"cluster_label":11},{"voter":"MANTRA DAO","kava_71":null,"kava_73":null,"kava_75":"ABSTAIN","kava_78":null,"kava_80":"NO","kava_82":null,"kava_88":null,"kava_89":null,"kava_100":null,"kava_101":null,"kava_104":"YES","kava_116":null,"kava_120":null,"kava_121":null,"kava_125":null,"kava_126":null,"kava_128":null,"kava_135":null,"kava_137":null,"kava_141":null,"kava_142":null,"kava_148":null,"kava_149":null,"kava_151":null,"kava_153":null,"kava_154":null,"kava_166":null,"kava_169":null,"kava_171":null,"kava_175":null,"kava_176":null,"kava_179":null,"kava_180":null,"kava_183":null,"kava_185":null,"kava_186":null,"kava_187":null,"kava_188":null,"kava_189":null,"kava_172":null,"kava_158":null,"kava_190":null,"kava_191":null,"cluster_label":11},{"voter":"Stakebg","kava_71":null,"kava_73":null,"kava_75":"YES","kava_78":"NO","kava_80":"YES","kava_82":"NO","kava_88":"NO","kava_89":"NO","kava_100":"YES","kava_101":"YES","kava_104":"NO","kava_116":"NO","kava_120":"NO","kava_121":"YES","kava_125":"YES","kava_126":"NO_WITH_VETO","kava_128":"YES","kava_135":"NO","kava_137":"NO","kava_141":"NO","kava_142":"YES","kava_148":"ABSTAIN","kava_149":"ABSTAIN","kava_151":"YES","kava_153":"NO","kava_154":"NO","kava_166":"NO","kava_169":"ABSTAIN","kava_171":"YES","kava_175":null,"kava_176":null,"kava_179":"YES","kava_180":null,"kava_183":null,"kava_185":null,"kava_186":null,"kava_187":null,"kava_188":null,"kava_189":null,"kava_172":"YES","kava_158":"NO","kava_190":null,"kava_191":null,"cluster_label":11},{"voter":"CLOSED decentralizehk  DHK dao","kava_71":null,"kava_73":null,"kava_75":"NO","kava_78":null,"kava_80":"NO","kava_82":"YES","kava_88":null,"kava_89":null,"kava_100":"NO","kava_101":"ABSTAIN","kava_104":"YES","kava_116":"YES","kava_120":"NO","kava_121":null,"kava_125":null,"kava_126":null,"kava_128":"YES","kava_135":"ABSTAIN","kava_137":"ABSTAIN","kava_141":"NO","kava_142":null,"kava_148":null,"kava_149":"YES","kava_151":"YES","kava_153":"YES","kava_154":"NO","kava_166":"ABSTAIN","kava_169":"NO","kava_171":"ABSTAIN","kava_175":"ABSTAIN","kava_176":"ABSTAIN","kava_179":null,"kava_180":null,"kava_183":null,"kava_185":null,"kava_186":null,"kava_187":null,"kava_188":null,"kava_189":null,"kava_172":null,"kava_158":"NO","kava_190":null,"kava_191":null,"cluster_label":11},{"voter":"NQ4NET","kava_71":null,"kava_73":null,"kava_75":"NO","kava_78":"YES","kava_80":null,"kava_82":"YES","kava_88":"NO","kava_89":"YES","kava_100":"NO","kava_101":"NO","kava_104":"YES","kava_116":null,"kava_120":"YES","kava_121":"YES","kava_125":"YES","kava_126":"YES","kava_128":"YES","kava_135":null,"kava_137":null,"kava_141":null,"kava_142":null,"kava_148":null,"kava_149":null,"kava_151":null,"kava_153":null,"kava_154":null,"kava_166":null,"kava_169":null,"kava_171":null,"kava_175":null,"kava_176":null,"kava_179":null,"kava_180":null,"kava_183":null,"kava_185":null,"kava_186":null,"kava_187":null,"kava_188":null,"kava_189":null,"kava_172":null,"kava_158":null,"kava_190":null,"kava_191":null,"cluster_label":11},{"voter":"DEXhybrid","kava_71":null,"kava_73":null,"kava_75":"NO","kava_78":null,"kava_80":"YES","kava_82":null,"kava_88":null,"kava_89":null,"kava_100":null,"kava_101":null,"kava_104":null,"kava_116":null,"kava_120":null,"kava_121":null,"kava_125":null,"kava_126":null,"kava_128":null,"kava_135":null,"kava_137":null,"kava_141":null,"kava_142":null,"kava_148":null,"kava_149":null,"kava_151":null,"kava_153":null,"kava_154":null,"kava_166":null,"kava_169":null,"kava_171":null,"kava_175":null,"kava_176":null,"kava_179":null,"kava_180":null,"kava_183":null,"kava_185":null,"kava_186":null,"kava_187":null,"kava_188":null,"kava_189":null,"kava_172":null,"kava_158":null,"kava_190":null,"kava_191":null,"cluster_label":11},{"voter":"DelosNode","kava_71":null,"kava_73":null,"kava_75":null,"kava_78":"YES","kava_80":null,"kava_82":null,"kava_88":null,"kava_89":null,"kava_100":null,"kava_101":null,"kava_104":null,"kava_116":null,"kava_120":null,"kava_121":null,"kava_125":null,"kava_126":null,"kava_128":null,"kava_135":null,"kava_137":null,"kava_141":null,"kava_142":null,"kava_148":null,"kava_149":null,"kava_151":null,"kava_153":null,"kava_154":null,"kava_166":null,"kava_169":null,"kava_171":null,"kava_175":null,"kava_176":null,"kava_179":null,"kava_180":null,"kava_183":null,"kava_185":null,"kava_186":null,"kava_187":null,"kava_188":null,"kava_189":null,"kava_172":null,"kava_158":null,"kava_190":null,"kava_191":null,"cluster_label":7},{"voter":"BNB48Club","kava_71":null,"kava_73":null,"kava_75":null,"kava_78":null,"kava_80":"NO","kava_82":"YES","kava_88":null,"kava_89":null,"kava_100":null,"kava_101":null,"kava_104":null,"kava_116":null,"kava_120":null,"kava_121":null,"kava_125":null,"kava_126":null,"kava_128":null,"kava_135":null,"kava_137":null,"kava_141":null,"kava_142":null,"kava_148":null,"kava_149":null,"kava_151":null,"kava_153":null,"kava_154":null,"kava_166":null,"kava_169":null,"kava_171":null,"kava_175":null,"kava_176":null,"kava_179":null,"kava_180":null,"kava_183":null,"kava_185":null,"kava_186":null,"kava_187":null,"kava_188":null,"kava_189":null,"kava_172":null,"kava_158":null,"kava_190":null,"kava_191":null,"cluster_label":11},{"voter":"0 Fee to TOP 1   meleaxyz ","kava_71":null,"kava_73":null,"kava_75":null,"kava_78":null,"kava_80":"NO","kava_82":null,"kava_88":null,"kava_89":null,"kava_100":null,"kava_101":null,"kava_104":null,"kava_116":null,"kava_120":null,"kava_121":null,"kava_125":null,"kava_126":null,"kava_128":null,"kava_135":null,"kava_137":null,"kava_141":null,"kava_142":null,"kava_148":null,"kava_149":null,"kava_151":null,"kava_153":null,"kava_154":null,"kava_166":null,"kava_169":null,"kava_171":null,"kava_175":null,"kava_176":null,"kava_179":null,"kava_180":null,"kava_183":null,"kava_185":null,"kava_186":null,"kava_187":null,"kava_188":null,"kava_189":null,"kava_172":null,"kava_158":null,"kava_190":null,"kava_191":null,"cluster_label":11},{"voter":"Atlas Staking  Auto compound rewards ","kava_71":null,"kava_73":null,"kava_75":null,"kava_78":null,"kava_80":"YES","kava_82":null,"kava_88":null,"kava_89":null,"kava_100":null,"kava_101":null,"kava_104":null,"kava_116":null,"kava_120":"YES","kava_121":null,"kava_125":null,"kava_126":null,"kava_128":null,"kava_135":null,"kava_137":null,"kava_141":null,"kava_142":null,"kava_148":null,"kava_149":"NO","kava_151":null,"kava_153":null,"kava_154":null,"kava_166":"YES","kava_169":null,"kava_171":null,"kava_175":null,"kava_176":null,"kava_179":null,"kava_180":null,"kava_183":null,"kava_185":null,"kava_186":null,"kava_187":null,"kava_188":null,"kava_189":null,"kava_172":"YES","kava_158":null,"kava_190":null,"kava_191":null,"cluster_label":11},{"voter":"HbStaking","kava_71":null,"kava_73":null,"kava_75":null,"kava_78":null,"kava_80":null,"kava_82":null,"kava_88":null,"kava_89":null,"kava_100":"NO","kava_101":"NO","kava_104":"YES","kava_116":null,"kava_120":"YES","kava_121":"NO","kava_125":null,"kava_126":null,"kava_128":"YES","kava_135":null,"kava_137":null,"kava_141":null,"kava_142":null,"kava_148":null,"kava_149":"NO","kava_151":null,"kava_153":null,"kava_154":null,"kava_166":null,"kava_169":null,"kava_171":null,"kava_175":null,"kava_176":null,"kava_179":null,"kava_180":null,"kava_183":"YES","kava_185":null,"kava_186":null,"kava_187":null,"kava_188":null,"kava_189":null,"kava_172":null,"kava_158":null,"kava_190":null,"kava_191":null,"cluster_label":11},{"voter":"JupiterIAM","kava_71":null,"kava_73":null,"kava_75":null,"kava_78":null,"kava_80":null,"kava_82":null,"kava_88":null,"kava_89":null,"kava_100":"YES","kava_101":null,"kava_104":null,"kava_116":null,"kava_120":null,"kava_121":null,"kava_125":null,"kava_126":null,"kava_128":null,"kava_135":null,"kava_137":null,"kava_141":null,"kava_142":null,"kava_148":null,"kava_149":null,"kava_151":null,"kava_153":null,"kava_154":null,"kava_166":null,"kava_169":null,"kava_171":null,"kava_175":null,"kava_176":null,"kava_179":null,"kava_180":null,"kava_183":null,"kava_185":null,"kava_186":null,"kava_187":null,"kava_188":null,"kava_189":null,"kava_172":null,"kava_158":null,"kava_190":null,"kava_191":null,"cluster_label":7},{"voter":"IvoryTower","kava_71":null,"kava_73":null,"kava_75":null,"kava_78":null,"kava_80":null,"kava_82":null,"kava_88":null,"kava_89":null,"kava_100":"YES","kava_101":null,"kava_104":null,"kava_116":null,"kava_120":null,"kava_121":null,"kava_125":null,"kava_126":null,"kava_128":null,"kava_135":null,"kava_137":null,"kava_141":null,"kava_142":null,"kava_148":null,"kava_149":null,"kava_151":null,"kava_153":null,"kava_154":null,"kava_166":null,"kava_169":null,"kava_171":null,"kava_175":null,"kava_176":null,"kava_179":null,"kava_180":null,"kava_183":null,"kava_185":null,"kava_186":null,"kava_187":null,"kava_188":null,"kava_189":null,"kava_172":null,"kava_158":null,"kava_190":null,"kava_191":null,"cluster_label":7},{"voter":"Ystad","kava_71":null,"kava_73":null,"kava_75":null,"kava_78":null,"kava_80":null,"kava_82":null,"kava_88":null,"kava_89":null,"kava_100":null,"kava_101":null,"kava_104":null,"kava_116":null,"kava_120":null,"kava_121":null,"kava_125":"YES","kava_126":"NO","kava_128":"NO","kava_135":null,"kava_137":null,"kava_141":null,"kava_142":null,"kava_148":null,"kava_149":null,"kava_151":null,"kava_153":"YES","kava_154":null,"kava_166":null,"kava_169":"NO","kava_171":null,"kava_175":null,"kava_176":null,"kava_179":null,"kava_180":null,"kava_183":null,"kava_185":null,"kava_186":null,"kava_187":null,"kava_188":null,"kava_189":null,"kava_172":null,"kava_158":null,"kava_190":null,"kava_191":null,"cluster_label":11},{"voter":"Share Staker  Airdrop  Check Web","kava_71":null,"kava_73":null,"kava_75":null,"kava_78":null,"kava_80":null,"kava_82":null,"kava_88":null,"kava_89":null,"kava_100":null,"kava_101":null,"kava_104":null,"kava_116":null,"kava_120":null,"kava_121":null,"kava_125":null,"kava_126":"YES","kava_128":null,"kava_135":null,"kava_137":null,"kava_141":null,"kava_142":null,"kava_148":null,"kava_149":null,"kava_151":null,"kava_153":null,"kava_154":null,"kava_166":null,"kava_169":null,"kava_171":null,"kava_175":null,"kava_176":null,"kava_179":null,"kava_180":null,"kava_183":null,"kava_185":"YES","kava_186":null,"kava_187":null,"kava_188":null,"kava_189":null,"kava_172":null,"kava_158":null,"kava_190":null,"kava_191":null,"cluster_label":11},{"voter":"101","kava_71":null,"kava_73":null,"kava_75":null,"kava_78":null,"kava_80":null,"kava_82":null,"kava_88":null,"kava_89":null,"kava_100":null,"kava_101":null,"kava_104":null,"kava_116":null,"kava_120":null,"kava_121":null,"kava_125":null,"kava_126":null,"kava_128":"YES","kava_135":"NO","kava_137":null,"kava_141":"YES","kava_142":"YES","kava_148":null,"kava_149":null,"kava_151":null,"kava_153":null,"kava_154":null,"kava_166":null,"kava_169":null,"kava_171":null,"kava_175":null,"kava_176":null,"kava_179":null,"kava_180":null,"kava_183":null,"kava_185":null,"kava_186":null,"kava_187":null,"kava_188":null,"kava_189":null,"kava_172":null,"kava_158":null,"kava_190":null,"kava_191":null,"cluster_label":9},{"voter":"BoxedCloudnet  0 until 2024","kava_71":null,"kava_73":null,"kava_75":null,"kava_78":null,"kava_80":null,"kava_82":null,"kava_88":null,"kava_89":null,"kava_100":null,"kava_101":null,"kava_104":null,"kava_116":null,"kava_120":null,"kava_121":null,"kava_125":null,"kava_126":null,"kava_128":null,"kava_135":null,"kava_137":"YES","kava_141":null,"kava_142":null,"kava_148":null,"kava_149":null,"kava_151":null,"kava_153":null,"kava_154":null,"kava_166":null,"kava_169":null,"kava_171":null,"kava_175":null,"kava_176":null,"kava_179":null,"kava_180":null,"kava_183":null,"kava_185":null,"kava_186":null,"kava_187":null,"kava_188":null,"kava_189":null,"kava_172":null,"kava_158":"NO","kava_190":null,"kava_191":null,"cluster_label":0},{"voter":"REDELEGATEPrometey","kava_71":null,"kava_73":null,"kava_75":null,"kava_78":null,"kava_80":null,"kava_82":null,"kava_88":null,"kava_89":null,"kava_100":null,"kava_101":null,"kava_104":null,"kava_116":null,"kava_120":null,"kava_121":null,"kava_125":null,"kava_126":null,"kava_128":null,"kava_135":null,"kava_137":null,"kava_141":null,"kava_142":"YES","kava_148":null,"kava_149":"NO","kava_151":"YES","kava_153":null,"kava_154":null,"kava_166":null,"kava_169":"ABSTAIN","kava_171":"NO","kava_175":null,"kava_176":null,"kava_179":null,"kava_180":null,"kava_183":null,"kava_185":null,"kava_186":null,"kava_187":null,"kava_188":null,"kava_189":null,"kava_172":null,"kava_158":null,"kava_190":null,"kava_191":null,"cluster_label":11},{"voter":"0 Fee  NymbusNode","kava_71":null,"kava_73":null,"kava_75":null,"kava_78":null,"kava_80":null,"kava_82":null,"kava_88":null,"kava_89":null,"kava_100":null,"kava_101":null,"kava_104":null,"kava_116":null,"kava_120":null,"kava_121":null,"kava_125":null,"kava_126":null,"kava_128":null,"kava_135":null,"kava_137":null,"kava_141":null,"kava_142":null,"kava_148":null,"kava_149":null,"kava_151":null,"kava_153":"YES","kava_154":"YES","kava_166":"NO","kava_169":"NO","kava_171":null,"kava_175":null,"kava_176":null,"kava_179":null,"kava_180":null,"kava_183":null,"kava_185":null,"kava_186":null,"kava_187":null,"kava_188":null,"kava_189":null,"kava_172":null,"kava_158":"YES","kava_190":null,"kava_191":null,"cluster_label":11},{"voter":"POSTHUMAN","kava_71":null,"kava_73":null,"kava_75":null,"kava_78":null,"kava_80":null,"kava_82":null,"kava_88":null,"kava_89":null,"kava_100":null,"kava_101":null,"kava_104":null,"kava_116":null,"kava_120":null,"kava_121":null,"kava_125":null,"kava_126":null,"kava_128":null,"kava_135":null,"kava_137":null,"kava_141":null,"kava_142":null,"kava_148":null,"kava_149":null,"kava_151":null,"kava_153":null,"kava_154":null,"kava_166":null,"kava_169":"NO","kava_171":"YES","kava_175":"NO","kava_176":"YES","kava_179":null,"kava_180":null,"kava_183":null,"kava_185":"NO","kava_186":null,"kava_187":null,"kava_188":null,"kava_189":null,"kava_172":null,"kava_158":null,"kava_190":null,"kava_191":null,"cluster_label":11},{"voter":"Staking4All","kava_71":null,"kava_73":null,"kava_75":null,"kava_78":null,"kava_80":null,"kava_82":null,"kava_88":null,"kava_89":null,"kava_100":null,"kava_101":null,"kava_104":null,"kava_116":null,"kava_120":null,"kava_121":null,"kava_125":null,"kava_126":null,"kava_128":null,"kava_135":null,"kava_137":null,"kava_141":null,"kava_142":null,"kava_148":null,"kava_149":null,"kava_151":null,"kava_153":null,"kava_154":null,"kava_166":null,"kava_169":null,"kava_171":null,"kava_175":null,"kava_176":null,"kava_179":null,"kava_180":null,"kava_183":"YES","kava_185":"YES","kava_186":"YES","kava_187":"YES","kava_188":"YES","kava_189":"YES","kava_172":null,"kava_158":null,"kava_190":"YES","kava_191":"YES","cluster_label":11},{"voter":"kavamainnetsk","kava_71":null,"kava_73":null,"kava_75":null,"kava_78":null,"kava_80":null,"kava_82":null,"kava_88":null,"kava_89":null,"kava_100":null,"kava_101":null,"kava_104":null,"kava_116":null,"kava_120":null,"kava_121":null,"kava_125":null,"kava_126":null,"kava_128":null,"kava_135":null,"kava_137":null,"kava_141":null,"kava_142":null,"kava_148":null,"kava_149":null,"kava_151":null,"kava_153":null,"kava_154":null,"kava_166":null,"kava_169":null,"kava_171":null,"kava_175":null,"kava_176":null,"kava_179":null,"kava_180":null,"kava_183":null,"kava_185":null,"kava_186":null,"kava_187":null,"kava_188":null,"kava_189":null,"kava_172":null,"kava_158":null,"kava_190":"YES","kava_191":null,"cluster_label":7}]