[{"voter":" AutoStake  Slash Protected","sentinel_10":"NO","sentinel_14":"NO","sentinel_15":"NO","sentinel_16":"NO","sentinel_20":"NO","sentinel_22":"YES","sentinel_24":"YES","sentinel_27":"YES","sentinel_29":"YES","sentinel_35":"YES","sentinel_39":"ABSTAIN","sentinel_45":"ABSTAIN","sentinel_46":"YES","sentinel_48":"ABSTAIN","sentinel_49":"YES","sentinel_54":"NO_VOTE","cluster_label":3},{"voter":"Cosmic Validator","sentinel_10":"NO","sentinel_14":"NO","sentinel_15":"NO","sentinel_16":"NO","sentinel_20":"ABSTAIN","sentinel_22":"YES","sentinel_24":"YES","sentinel_27":"YES","sentinel_29":"ABSTAIN","sentinel_35":"YES","sentinel_39":"ABSTAIN","sentinel_45":"NO","sentinel_46":"YES","sentinel_48":"ABSTAIN","sentinel_49":"ABSTAIN","sentinel_54":"YES","cluster_label":12},{"voter":"StakeWithUs","sentinel_10":"YES","sentinel_14":"NO","sentinel_15":null,"sentinel_16":"NO","sentinel_20":null,"sentinel_22":null,"sentinel_24":null,"sentinel_27":null,"sentinel_29":null,"sentinel_35":null,"sentinel_39":null,"sentinel_45":null,"sentinel_46":null,"sentinel_48":null,"sentinel_49":null,"sentinel_54":null,"cluster_label":3},{"voter":"StakeLabzone","sentinel_10":"NO","sentinel_14":"NO","sentinel_15":"NO","sentinel_16":"NO","sentinel_20":null,"sentinel_22":null,"sentinel_24":null,"sentinel_27":null,"sentinel_29":null,"sentinel_35":null,"sentinel_39":null,"sentinel_45":null,"sentinel_46":null,"sentinel_48":null,"sentinel_49":null,"sentinel_54":null,"cluster_label":3},{"voter":"Mandragora","sentinel_10":"YES","sentinel_14":"ABSTAIN","sentinel_15":"ABSTAIN","sentinel_16":"ABSTAIN","sentinel_20":"NO","sentinel_22":"YES","sentinel_24":"YES","sentinel_27":"YES","sentinel_29":"YES","sentinel_35":"YES","sentinel_39":"ABSTAIN","sentinel_45":"NO","sentinel_46":"YES","sentinel_48":null,"sentinel_49":"YES","sentinel_54":"YES","cluster_label":4},{"voter":"SpacePotato","sentinel_10":"YES","sentinel_14":"NO","sentinel_15":"NO","sentinel_16":"NO","sentinel_20":"NO","sentinel_22":"YES","sentinel_24":"ABSTAIN","sentinel_27":"ABSTAIN","sentinel_29":"YES","sentinel_35":null,"sentinel_39":null,"sentinel_45":null,"sentinel_46":null,"sentinel_48":null,"sentinel_49":null,"sentinel_54":null,"cluster_label":3},{"voter":"Noderunners","sentinel_10":"NO","sentinel_14":"NO_WITH_VETO","sentinel_15":"NO_WITH_VETO","sentinel_16":"NO_WITH_VETO","sentinel_20":"YES","sentinel_22":"ABSTAIN","sentinel_24":"ABSTAIN","sentinel_27":"YES","sentinel_29":"YES","sentinel_35":"ABSTAIN","sentinel_39":"NO","sentinel_45":"NO","sentinel_46":"YES","sentinel_48":"YES","sentinel_49":"YES","sentinel_54":"ABSTAIN","cluster_label":3},{"voter":"KalpaTech","sentinel_10":"YES","sentinel_14":"YES","sentinel_15":"YES","sentinel_16":"YES","sentinel_20":"ABSTAIN","sentinel_22":"YES","sentinel_24":"YES","sentinel_27":"ABSTAIN","sentinel_29":"NO_VOTE","sentinel_35":"YES","sentinel_39":"ABSTAIN","sentinel_45":"NO","sentinel_46":"YES","sentinel_48":"YES","sentinel_49":"NO_VOTE","sentinel_54":"YES","cluster_label":3},{"voter":"Forbole","sentinel_10":null,"sentinel_14":"NO","sentinel_15":"NO","sentinel_16":"NO","sentinel_20":"ABSTAIN","sentinel_22":"ABSTAIN","sentinel_24":"ABSTAIN","sentinel_27":"YES","sentinel_29":"ABSTAIN","sentinel_35":"ABSTAIN","sentinel_39":"YES","sentinel_45":null,"sentinel_46":null,"sentinel_48":"YES","sentinel_49":null,"sentinel_54":null,"cluster_label":3},{"voter":"Notional","sentinel_10":"YES","sentinel_14":"NO","sentinel_15":"NO","sentinel_16":"NO","sentinel_20":"NO","sentinel_22":"YES","sentinel_24":"ABSTAIN","sentinel_27":"NO","sentinel_29":"YES","sentinel_35":"YES","sentinel_39":null,"sentinel_45":null,"sentinel_46":null,"sentinel_48":null,"sentinel_49":null,"sentinel_54":null,"cluster_label":3},{"voter":"WhisperNode ","sentinel_10":"YES","sentinel_14":"NO","sentinel_15":"NO","sentinel_16":"NO","sentinel_20":"NO","sentinel_22":"YES","sentinel_24":"YES","sentinel_27":"YES","sentinel_29":"YES","sentinel_35":"YES","sentinel_39":"YES","sentinel_45":"NO","sentinel_46":"YES","sentinel_48":"YES","sentinel_49":"ABSTAIN","sentinel_54":null,"cluster_label":3},{"voter":"stakefish","sentinel_10":null,"sentinel_14":null,"sentinel_15":null,"sentinel_16":null,"sentinel_20":null,"sentinel_22":null,"sentinel_24":null,"sentinel_27":null,"sentinel_29":"NO_VOTE","sentinel_35":null,"sentinel_39":null,"sentinel_45":null,"sentinel_46":null,"sentinel_48":null,"sentinel_49":null,"sentinel_54":"NO_VOTE","cluster_label":3},{"voter":"Alex Bambarello Validator","sentinel_10":"NO_WITH_VETO","sentinel_14":"NO","sentinel_15":"NO","sentinel_16":"NO","sentinel_20":"YES","sentinel_22":"YES","sentinel_24":"YES","sentinel_27":"NO","sentinel_29":null,"sentinel_35":null,"sentinel_39":"NO","sentinel_45":null,"sentinel_46":null,"sentinel_48":null,"sentinel_49":null,"sentinel_54":null,"cluster_label":3},{"voter":"Ubik Capital","sentinel_10":"NO","sentinel_14":"ABSTAIN","sentinel_15":"ABSTAIN","sentinel_16":"ABSTAIN","sentinel_20":"ABSTAIN","sentinel_22":"ABSTAIN","sentinel_24":"ABSTAIN","sentinel_27":"ABSTAIN","sentinel_29":"YES","sentinel_35":"YES","sentinel_39":"ABSTAIN","sentinel_45":"NO","sentinel_46":"YES","sentinel_48":"ABSTAIN","sentinel_49":"ABSTAIN","sentinel_54":null,"cluster_label":1},{"voter":"Chihuahua","sentinel_10":"NO_VOTE","sentinel_14":"NO_VOTE","sentinel_15":"NO_VOTE","sentinel_16":"NO_VOTE","sentinel_20":"NO_VOTE","sentinel_22":"NO_VOTE","sentinel_24":"NO_VOTE","sentinel_27":"NO_VOTE","sentinel_29":"NO_VOTE","sentinel_35":"NO_VOTE","sentinel_39":"NO_VOTE","sentinel_45":"NO_VOTE","sentinel_46":"NO_VOTE","sentinel_48":"NO_VOTE","sentinel_49":"NO_VOTE","sentinel_54":"NO_VOTE","cluster_label":3},{"voter":"CommunityStaking","sentinel_10":"NO","sentinel_14":"ABSTAIN","sentinel_15":"ABSTAIN","sentinel_16":"ABSTAIN","sentinel_20":"NO","sentinel_22":"YES","sentinel_24":"YES","sentinel_27":"YES","sentinel_29":"ABSTAIN","sentinel_35":"YES","sentinel_39":"ABSTAIN","sentinel_45":"NO","sentinel_46":"YES","sentinel_48":"ABSTAIN","sentinel_49":"YES","sentinel_54":"YES","cluster_label":3},{"voter":"Citadelone","sentinel_10":"YES","sentinel_14":"NO","sentinel_15":"NO","sentinel_16":"NO","sentinel_20":"ABSTAIN","sentinel_22":"NO_VOTE","sentinel_24":"YES","sentinel_27":"ABSTAIN","sentinel_29":"YES","sentinel_35":"YES","sentinel_39":"ABSTAIN","sentinel_45":"NO","sentinel_46":"YES","sentinel_48":"ABSTAIN","sentinel_49":"YES","sentinel_54":"YES","cluster_label":3},{"voter":"Zenscape","sentinel_10":"NO_VOTE","sentinel_14":"NO_VOTE","sentinel_15":"NO_VOTE","sentinel_16":"NO_VOTE","sentinel_20":"NO_VOTE","sentinel_22":"NO_VOTE","sentinel_24":"NO_VOTE","sentinel_27":"NO_VOTE","sentinel_29":"NO_VOTE","sentinel_35":"NO_VOTE","sentinel_39":"NO_VOTE","sentinel_45":"NO_VOTE","sentinel_46":"NO_VOTE","sentinel_48":"NO_VOTE","sentinel_49":"NO_VOTE","sentinel_54":"NO_VOTE","cluster_label":10},{"voter":"Cosmostation","sentinel_10":"NO","sentinel_14":"NO","sentinel_15":"NO","sentinel_16":"NO","sentinel_20":"ABSTAIN","sentinel_22":"YES","sentinel_24":"ABSTAIN","sentinel_27":"ABSTAIN","sentinel_29":"ABSTAIN","sentinel_35":"NO_VOTE","sentinel_39":"ABSTAIN","sentinel_45":"NO","sentinel_46":"YES","sentinel_48":"YES","sentinel_49":"YES","sentinel_54":"YES","cluster_label":3},{"voter":"Kleomedes","sentinel_10":null,"sentinel_14":null,"sentinel_15":null,"sentinel_16":null,"sentinel_20":null,"sentinel_22":null,"sentinel_24":null,"sentinel_27":null,"sentinel_29":null,"sentinel_35":"YES","sentinel_39":"ABSTAIN","sentinel_45":"NO","sentinel_46":"ABSTAIN","sentinel_48":"NO","sentinel_49":"ABSTAIN","sentinel_54":"ABSTAIN","cluster_label":10},{"voter":"BlueStake   100 insurance","sentinel_10":"YES","sentinel_14":"NO","sentinel_15":"NO","sentinel_16":"NO","sentinel_20":"NO","sentinel_22":"YES","sentinel_24":"YES","sentinel_27":"YES","sentinel_29":"YES","sentinel_35":"YES","sentinel_39":"YES","sentinel_45":"NO","sentinel_46":"YES","sentinel_48":"ABSTAIN","sentinel_49":"YES","sentinel_54":"NO_VOTE","cluster_label":10},{"voter":"artifact","sentinel_10":"NO_VOTE","sentinel_14":"NO_VOTE","sentinel_15":"NO_VOTE","sentinel_16":"NO_VOTE","sentinel_20":"NO_VOTE","sentinel_22":"NO_VOTE","sentinel_24":"NO_VOTE","sentinel_27":"NO_VOTE","sentinel_29":"NO_VOTE","sentinel_35":"NO_VOTE","sentinel_39":"NO_VOTE","sentinel_45":"NO_VOTE","sentinel_46":"NO_VOTE","sentinel_48":"NO_VOTE","sentinel_49":"NO_VOTE","sentinel_54":"NO_VOTE","cluster_label":10},{"voter":"OmniFlix Network","sentinel_10":"YES","sentinel_14":"NO","sentinel_15":"NO","sentinel_16":"NO","sentinel_20":"NO","sentinel_22":"YES","sentinel_24":"NO_VOTE","sentinel_27":"YES","sentinel_29":"ABSTAIN","sentinel_35":"YES","sentinel_39":"ABSTAIN","sentinel_45":"NO","sentinel_46":"YES","sentinel_48":"ABSTAIN","sentinel_49":"YES","sentinel_54":"NO_VOTE","cluster_label":3},{"voter":"Stakecito","sentinel_10":"NO","sentinel_14":"NO","sentinel_15":"NO","sentinel_16":"NO","sentinel_20":"NO","sentinel_22":"YES","sentinel_24":"ABSTAIN","sentinel_27":"ABSTAIN","sentinel_29":"YES","sentinel_35":"YES","sentinel_39":"YES","sentinel_45":"NO","sentinel_46":"YES","sentinel_48":"YES","sentinel_49":"YES","sentinel_54":"YES","cluster_label":3},{"voter":"polkachucom","sentinel_10":null,"sentinel_14":null,"sentinel_15":null,"sentinel_16":null,"sentinel_20":null,"sentinel_22":null,"sentinel_24":null,"sentinel_27":null,"sentinel_29":null,"sentinel_35":"YES","sentinel_39":"YES","sentinel_45":"NO","sentinel_46":"YES","sentinel_48":"YES","sentinel_49":"YES","sentinel_54":"YES","cluster_label":3},{"voter":"SOLAR Labs","sentinel_10":"NO","sentinel_14":"NO_VOTE","sentinel_15":"NO_VOTE","sentinel_16":"NO_VOTE","sentinel_20":"NO","sentinel_22":"YES","sentinel_24":"ABSTAIN","sentinel_27":"ABSTAIN","sentinel_29":"NO_VOTE","sentinel_35":"NO_VOTE","sentinel_39":"NO_VOTE","sentinel_45":"NO_VOTE","sentinel_46":"NO_VOTE","sentinel_48":"NO_VOTE","sentinel_49":"NO_VOTE","sentinel_54":null,"cluster_label":12},{"voter":"ChainLayer","sentinel_10":"YES","sentinel_14":"NO","sentinel_15":"NO","sentinel_16":"NO","sentinel_20":null,"sentinel_22":null,"sentinel_24":null,"sentinel_27":null,"sentinel_29":"NO_VOTE","sentinel_35":null,"sentinel_39":null,"sentinel_45":null,"sentinel_46":null,"sentinel_48":null,"sentinel_49":null,"sentinel_54":null,"cluster_label":3},{"voter":"strangelove","sentinel_10":null,"sentinel_14":null,"sentinel_15":null,"sentinel_16":null,"sentinel_20":null,"sentinel_22":null,"sentinel_24":null,"sentinel_27":null,"sentinel_29":null,"sentinel_35":null,"sentinel_39":null,"sentinel_45":"NO","sentinel_46":"YES","sentinel_48":"NO","sentinel_49":"YES","sentinel_54":null,"cluster_label":13},{"voter":"Komikuri","sentinel_10":"NO","sentinel_14":null,"sentinel_15":null,"sentinel_16":null,"sentinel_20":"NO","sentinel_22":"YES","sentinel_24":"YES","sentinel_27":"YES","sentinel_29":"YES","sentinel_35":"YES","sentinel_39":"ABSTAIN","sentinel_45":"NO","sentinel_46":"YES","sentinel_48":null,"sentinel_49":"YES","sentinel_54":"YES","cluster_label":3},{"voter":"Allnodes","sentinel_10":"NO","sentinel_14":"NO","sentinel_15":"NO","sentinel_16":"NO","sentinel_20":"NO","sentinel_22":"NO_VOTE","sentinel_24":"ABSTAIN","sentinel_27":"YES","sentinel_29":"YES","sentinel_35":"YES","sentinel_39":"NO","sentinel_45":"NO","sentinel_46":"YES","sentinel_48":"ABSTAIN","sentinel_49":"YES","sentinel_54":"YES","cluster_label":3},{"voter":"BadgerBite","sentinel_10":"NO","sentinel_14":"NO","sentinel_15":"NO","sentinel_16":"NO","sentinel_20":"NO","sentinel_22":"YES","sentinel_24":"YES","sentinel_27":"YES","sentinel_29":"YES","sentinel_35":"YES","sentinel_39":"YES","sentinel_45":"NO","sentinel_46":"YES","sentinel_48":"YES","sentinel_49":"YES","sentinel_54":"YES","cluster_label":12},{"voter":"Klub Staking","sentinel_10":"YES","sentinel_14":"ABSTAIN","sentinel_15":"ABSTAIN","sentinel_16":"ABSTAIN","sentinel_20":"YES","sentinel_22":"YES","sentinel_24":"YES","sentinel_27":"YES","sentinel_29":null,"sentinel_35":null,"sentinel_39":null,"sentinel_45":null,"sentinel_46":null,"sentinel_48":null,"sentinel_49":null,"sentinel_54":null,"cluster_label":3},{"voter":"PoS Node","sentinel_10":"NO_VOTE","sentinel_14":"NO_VOTE","sentinel_15":"NO_VOTE","sentinel_16":"NO_VOTE","sentinel_20":"NO_VOTE","sentinel_22":"NO_VOTE","sentinel_24":"YES","sentinel_27":"YES","sentinel_29":"NO_VOTE","sentinel_35":"YES","sentinel_39":"YES","sentinel_45":"NO","sentinel_46":"YES","sentinel_48":"YES","sentinel_49":"YES","sentinel_54":"YES","cluster_label":13},{"voter":"Sarvodaya Validators","sentinel_10":"NO_VOTE","sentinel_14":"NO_VOTE","sentinel_15":"NO_VOTE","sentinel_16":"NO_VOTE","sentinel_20":"NO_VOTE","sentinel_22":"NO_VOTE","sentinel_24":"NO_VOTE","sentinel_27":"NO_VOTE","sentinel_29":"NO_VOTE","sentinel_35":"NO_VOTE","sentinel_39":"NO_VOTE","sentinel_45":"NO_VOTE","sentinel_46":"NO_VOTE","sentinel_48":"NO_VOTE","sentinel_49":"NO_VOTE","sentinel_54":"NO_VOTE","cluster_label":10},{"voter":"WeStaking","sentinel_10":"YES","sentinel_14":"NO","sentinel_15":"NO","sentinel_16":"NO","sentinel_20":"NO","sentinel_22":"YES","sentinel_24":"YES","sentinel_27":"YES","sentinel_29":"NO_VOTE","sentinel_35":"NO_VOTE","sentinel_39":"NO_VOTE","sentinel_45":"NO_VOTE","sentinel_46":"NO_VOTE","sentinel_48":"NO_VOTE","sentinel_49":"NO_VOTE","sentinel_54":"NO_VOTE","cluster_label":4},{"voter":"SmartNodes  Slash Protected","sentinel_10":"YES","sentinel_14":null,"sentinel_15":null,"sentinel_16":null,"sentinel_20":null,"sentinel_22":"YES","sentinel_24":"YES","sentinel_27":null,"sentinel_29":null,"sentinel_35":null,"sentinel_39":null,"sentinel_45":null,"sentinel_46":null,"sentinel_48":null,"sentinel_49":null,"sentinel_54":null,"cluster_label":10},{"voter":"Stake Frites  ","sentinel_10":null,"sentinel_14":"ABSTAIN","sentinel_15":"ABSTAIN","sentinel_16":"ABSTAIN","sentinel_20":"NO","sentinel_22":"YES","sentinel_24":"YES","sentinel_27":"YES","sentinel_29":"ABSTAIN","sentinel_35":null,"sentinel_39":"YES","sentinel_45":"NO","sentinel_46":"YES","sentinel_48":"ABSTAIN","sentinel_49":null,"sentinel_54":null,"cluster_label":12},{"voter":"Decloud Nodes Lab","sentinel_10":null,"sentinel_14":null,"sentinel_15":null,"sentinel_16":null,"sentinel_20":"NO","sentinel_22":"YES","sentinel_24":"YES","sentinel_27":"YES","sentinel_29":"YES","sentinel_35":"YES","sentinel_39":"NO","sentinel_45":"NO","sentinel_46":"YES","sentinel_48":"YES","sentinel_49":"YES","sentinel_54":"YES","cluster_label":12},{"voter":"ChainTools","sentinel_10":"NO","sentinel_14":"ABSTAIN","sentinel_15":"ABSTAIN","sentinel_16":"ABSTAIN","sentinel_20":"NO","sentinel_22":"YES","sentinel_24":"YES","sentinel_27":"YES","sentinel_29":"YES","sentinel_35":"YES","sentinel_39":"YES","sentinel_45":"NO","sentinel_46":"YES","sentinel_48":"YES","sentinel_49":"YES","sentinel_54":"NO_VOTE","cluster_label":10},{"voter":"chainvibes","sentinel_10":"YES","sentinel_14":"NO","sentinel_15":"NO","sentinel_16":"NO","sentinel_20":"NO_VOTE","sentinel_22":"YES","sentinel_24":"YES","sentinel_27":"YES","sentinel_29":"ABSTAIN","sentinel_35":"YES","sentinel_39":"YES","sentinel_45":"NO","sentinel_46":"YES","sentinel_48":"YES","sentinel_49":"YES","sentinel_54":"YES","cluster_label":10},{"voter":"DECOMISSIONED AUDITone","sentinel_10":"YES","sentinel_14":"NO","sentinel_15":"NO","sentinel_16":"NO","sentinel_20":null,"sentinel_22":null,"sentinel_24":null,"sentinel_27":null,"sentinel_29":null,"sentinel_35":null,"sentinel_39":null,"sentinel_45":null,"sentinel_46":null,"sentinel_48":null,"sentinel_49":null,"sentinel_54":null,"cluster_label":7},{"voter":"Perfect Stake ","sentinel_10":"NO","sentinel_14":"NO_VOTE","sentinel_15":"NO_VOTE","sentinel_16":"NO_VOTE","sentinel_20":"NO_VOTE","sentinel_22":"NO_VOTE","sentinel_24":"NO_VOTE","sentinel_27":"NO_VOTE","sentinel_29":"NO_VOTE","sentinel_35":"NO_VOTE","sentinel_39":"NO_VOTE","sentinel_45":"NO_VOTE","sentinel_46":"NO_VOTE","sentinel_48":"NO_VOTE","sentinel_49":"NO_VOTE","sentinel_54":"NO_VOTE","cluster_label":12},{"voter":"Wanderer Staking","sentinel_10":null,"sentinel_14":"NO","sentinel_15":"NO","sentinel_16":"NO","sentinel_20":"YES","sentinel_22":"YES","sentinel_24":"YES","sentinel_27":"NO","sentinel_29":null,"sentinel_35":null,"sentinel_39":null,"sentinel_45":null,"sentinel_46":null,"sentinel_48":null,"sentinel_49":null,"sentinel_54":null,"cluster_label":13},{"voter":"Redelegateyourfunds","sentinel_10":null,"sentinel_14":"NO","sentinel_15":"NO","sentinel_16":"NO","sentinel_20":null,"sentinel_22":null,"sentinel_24":null,"sentinel_27":null,"sentinel_29":null,"sentinel_35":null,"sentinel_39":"NO","sentinel_45":null,"sentinel_46":null,"sentinel_48":null,"sentinel_49":null,"sentinel_54":null,"cluster_label":12},{"voter":"Bit Cat","sentinel_10":"NO_VOTE","sentinel_14":"NO_VOTE","sentinel_15":"NO_VOTE","sentinel_16":"NO_VOTE","sentinel_20":"NO_VOTE","sentinel_22":"NO_VOTE","sentinel_24":"NO_VOTE","sentinel_27":"NO_VOTE","sentinel_29":"YES","sentinel_35":"YES","sentinel_39":"ABSTAIN","sentinel_45":"NO_VOTE","sentinel_46":"NO_VOTE","sentinel_48":"NO_VOTE","sentinel_49":"NO_VOTE","sentinel_54":"NO_VOTE","cluster_label":13},{"voter":"CosmicNode","sentinel_10":null,"sentinel_14":null,"sentinel_15":null,"sentinel_16":null,"sentinel_20":null,"sentinel_22":null,"sentinel_24":null,"sentinel_27":null,"sentinel_29":null,"sentinel_35":null,"sentinel_39":null,"sentinel_45":null,"sentinel_46":null,"sentinel_48":null,"sentinel_49":null,"sentinel_54":"NO_VOTE","cluster_label":7},{"voter":"Autonomy  Formerly PrithviDevs ","sentinel_10":"YES","sentinel_14":"NO","sentinel_15":"NO","sentinel_16":"NO","sentinel_20":null,"sentinel_22":null,"sentinel_24":"YES","sentinel_27":null,"sentinel_29":null,"sentinel_35":null,"sentinel_39":"YES","sentinel_45":null,"sentinel_46":null,"sentinel_48":null,"sentinel_49":null,"sentinel_54":null,"cluster_label":12},{"voter":"ValidatorNode","sentinel_10":null,"sentinel_14":null,"sentinel_15":null,"sentinel_16":null,"sentinel_20":"NO_VOTE","sentinel_22":null,"sentinel_24":null,"sentinel_27":null,"sentinel_29":"NO_VOTE","sentinel_35":"YES","sentinel_39":"ABSTAIN","sentinel_45":"NO_VOTE","sentinel_46":"YES","sentinel_48":"YES","sentinel_49":"YES","sentinel_54":"YES","cluster_label":12},{"voter":"Dwebnet","sentinel_10":"YES","sentinel_14":null,"sentinel_15":null,"sentinel_16":null,"sentinel_20":"NO","sentinel_22":"YES","sentinel_24":"YES","sentinel_27":"NO","sentinel_29":"YES","sentinel_35":"YES","sentinel_39":null,"sentinel_45":null,"sentinel_46":"YES","sentinel_48":null,"sentinel_49":"YES","sentinel_54":"YES","cluster_label":12},{"voter":"BridgeTower","sentinel_10":"NO","sentinel_14":"NO","sentinel_15":"NO","sentinel_16":"YES","sentinel_20":"YES","sentinel_22":"YES","sentinel_24":"YES","sentinel_27":"YES","sentinel_29":"YES","sentinel_35":"YES","sentinel_39":null,"sentinel_45":"NO","sentinel_46":"YES","sentinel_48":null,"sentinel_49":null,"sentinel_54":null,"cluster_label":12},{"voter":"MedasDigital","sentinel_10":"YES","sentinel_14":"NO_VOTE","sentinel_15":"NO_VOTE","sentinel_16":"YES","sentinel_20":"NO","sentinel_22":"YES","sentinel_24":"YES","sentinel_27":"YES","sentinel_29":"YES","sentinel_35":"YES","sentinel_39":"ABSTAIN","sentinel_45":"NO","sentinel_46":"YES","sentinel_48":"YES","sentinel_49":"YES","sentinel_54":"NO_VOTE","cluster_label":12},{"voter":"TRGC By Liquify","sentinel_10":null,"sentinel_14":null,"sentinel_15":null,"sentinel_16":null,"sentinel_20":null,"sentinel_22":null,"sentinel_24":null,"sentinel_27":null,"sentinel_29":null,"sentinel_35":null,"sentinel_39":null,"sentinel_45":"NO","sentinel_46":"YES","sentinel_48":null,"sentinel_49":null,"sentinel_54":"YES","cluster_label":11},{"voter":"UNBONDING","sentinel_10":"NO_VOTE","sentinel_14":"NO_VOTE","sentinel_15":"NO_VOTE","sentinel_16":"NO_VOTE","sentinel_20":"NO_VOTE","sentinel_22":"NO_VOTE","sentinel_24":"NO_VOTE","sentinel_27":"NO_VOTE","sentinel_29":"NO_VOTE","sentinel_35":"NO_VOTE","sentinel_39":"NO_VOTE","sentinel_45":"NO_VOTE","sentinel_46":"NO_VOTE","sentinel_48":"NO_VOTE","sentinel_49":"NO_VOTE","sentinel_54":"NO_VOTE","cluster_label":12},{"voter":"50 Validator  Airdrop","sentinel_10":null,"sentinel_14":null,"sentinel_15":null,"sentinel_16":null,"sentinel_20":null,"sentinel_22":null,"sentinel_24":null,"sentinel_27":null,"sentinel_29":null,"sentinel_35":"YES","sentinel_39":"NO","sentinel_45":"NO","sentinel_46":"YES","sentinel_48":"YES","sentinel_49":null,"sentinel_54":null,"cluster_label":12},{"voter":"Crypto Lab Tech","sentinel_10":null,"sentinel_14":null,"sentinel_15":null,"sentinel_16":null,"sentinel_20":null,"sentinel_22":null,"sentinel_24":null,"sentinel_27":null,"sentinel_29":null,"sentinel_35":null,"sentinel_39":null,"sentinel_45":null,"sentinel_46":null,"sentinel_48":null,"sentinel_49":"YES","sentinel_54":null,"cluster_label":11},{"voter":"DECOMMISSIONED","sentinel_10":"ABSTAIN","sentinel_14":"NO_WITH_VETO","sentinel_15":"NO_WITH_VETO","sentinel_16":"NO_WITH_VETO","sentinel_20":"NO_VOTE","sentinel_22":"YES","sentinel_24":"YES","sentinel_27":"YES","sentinel_29":"ABSTAIN","sentinel_35":null,"sentinel_39":null,"sentinel_45":null,"sentinel_46":null,"sentinel_48":null,"sentinel_49":"NO_VOTE","sentinel_54":"NO_VOTE","cluster_label":12},{"voter":" Quokka Stake","sentinel_10":"ABSTAIN","sentinel_14":"NO","sentinel_15":"NO","sentinel_16":"NO","sentinel_20":"ABSTAIN","sentinel_22":"YES","sentinel_24":"YES","sentinel_27":"YES","sentinel_29":"YES","sentinel_35":"YES","sentinel_39":"YES","sentinel_45":"NO","sentinel_46":"YES","sentinel_48":"YES","sentinel_49":"YES","sentinel_54":"YES","cluster_label":4},{"voter":"DragonStake ","sentinel_10":"YES","sentinel_14":null,"sentinel_15":null,"sentinel_16":null,"sentinel_20":null,"sentinel_22":null,"sentinel_24":null,"sentinel_27":null,"sentinel_29":null,"sentinel_35":null,"sentinel_39":null,"sentinel_45":null,"sentinel_46":null,"sentinel_48":null,"sentinel_49":null,"sentinel_54":null,"cluster_label":11},{"voter":"REDELEGATEPLEASE","sentinel_10":"NO","sentinel_14":"NO","sentinel_15":"NO","sentinel_16":"NO","sentinel_20":"YES","sentinel_22":"YES","sentinel_24":"YES","sentinel_27":"YES","sentinel_29":"YES","sentinel_35":null,"sentinel_39":null,"sentinel_45":null,"sentinel_46":null,"sentinel_48":null,"sentinel_49":null,"sentinel_54":null,"cluster_label":5},{"voter":"Winter Validator","sentinel_10":null,"sentinel_14":null,"sentinel_15":null,"sentinel_16":null,"sentinel_20":null,"sentinel_22":null,"sentinel_24":null,"sentinel_27":null,"sentinel_29":null,"sentinel_35":"YES","sentinel_39":"YES","sentinel_45":"NO","sentinel_46":"YES","sentinel_48":"YES","sentinel_49":null,"sentinel_54":"YES","cluster_label":11},{"voter":"Trivium  TriviumNetwork","sentinel_10":null,"sentinel_14":null,"sentinel_15":null,"sentinel_16":null,"sentinel_20":"NO","sentinel_22":"YES","sentinel_24":"YES","sentinel_27":"YES","sentinel_29":null,"sentinel_35":"YES","sentinel_39":"ABSTAIN","sentinel_45":"ABSTAIN","sentinel_46":"ABSTAIN","sentinel_48":"YES","sentinel_49":"YES","sentinel_54":null,"cluster_label":6},{"voter":"Liquify","sentinel_10":null,"sentinel_14":null,"sentinel_15":null,"sentinel_16":null,"sentinel_20":null,"sentinel_22":null,"sentinel_24":null,"sentinel_27":null,"sentinel_29":null,"sentinel_35":null,"sentinel_39":null,"sentinel_45":null,"sentinel_46":null,"sentinel_48":null,"sentinel_49":null,"sentinel_54":"YES","cluster_label":11},{"voter":"Tavis Digital","sentinel_10":"YES","sentinel_14":"NO","sentinel_15":"NO","sentinel_16":"NO","sentinel_20":"NO_VOTE","sentinel_22":null,"sentinel_24":null,"sentinel_27":null,"sentinel_29":"NO_VOTE","sentinel_35":null,"sentinel_39":null,"sentinel_45":null,"sentinel_46":null,"sentinel_48":null,"sentinel_49":"NO_VOTE","sentinel_54":"NO_VOTE","cluster_label":12},{"voter":"Easy2Stake","sentinel_10":"YES","sentinel_14":"NO","sentinel_15":"NO","sentinel_16":"NO","sentinel_20":"YES","sentinel_22":"YES","sentinel_24":"ABSTAIN","sentinel_27":"NO","sentinel_29":"ABSTAIN","sentinel_35":"ABSTAIN","sentinel_39":null,"sentinel_45":null,"sentinel_46":null,"sentinel_48":"ABSTAIN","sentinel_49":"YES","sentinel_54":"YES","cluster_label":12},{"voter":"Stakewollecom  full insurance","sentinel_10":"NO","sentinel_14":"NO","sentinel_15":"NO","sentinel_16":"NO","sentinel_20":"NO","sentinel_22":"YES","sentinel_24":"YES","sentinel_27":"NO","sentinel_29":"YES","sentinel_35":"YES","sentinel_39":"YES","sentinel_45":"NO","sentinel_46":"YES","sentinel_48":"YES","sentinel_49":"YES","sentinel_54":"YES","cluster_label":12},{"voter":"Daksha Validator","sentinel_10":"YES","sentinel_14":"NO","sentinel_15":"NO","sentinel_16":"NO","sentinel_20":"NO","sentinel_22":null,"sentinel_24":null,"sentinel_27":null,"sentinel_29":null,"sentinel_35":null,"sentinel_39":null,"sentinel_45":null,"sentinel_46":null,"sentinel_48":null,"sentinel_49":null,"sentinel_54":null,"cluster_label":12},{"voter":"Woodstock Fund","sentinel_10":"NO","sentinel_14":"NO_VOTE","sentinel_15":"NO_VOTE","sentinel_16":"NO_VOTE","sentinel_20":"NO_VOTE","sentinel_22":"NO_VOTE","sentinel_24":"NO_VOTE","sentinel_27":"NO_VOTE","sentinel_29":"NO_VOTE","sentinel_35":"NO_VOTE","sentinel_39":"NO_VOTE","sentinel_45":"NO_VOTE","sentinel_46":"NO_VOTE","sentinel_48":"NO_VOTE","sentinel_49":"NO_VOTE","sentinel_54":"NO_VOTE","cluster_label":12},{"voter":"Active Nodes  Please Redelegate before 3 June","sentinel_10":"ABSTAIN","sentinel_14":"NO_WITH_VETO","sentinel_15":"NO_WITH_VETO","sentinel_16":"NO_WITH_VETO","sentinel_20":"NO","sentinel_22":"YES","sentinel_24":"YES","sentinel_27":"YES","sentinel_29":"YES","sentinel_35":"YES","sentinel_39":"YES","sentinel_45":"NO","sentinel_46":"YES","sentinel_48":"YES","sentinel_49":"YES","sentinel_54":null,"cluster_label":12},{"voter":"Secret LLC","sentinel_10":"YES","sentinel_14":null,"sentinel_15":null,"sentinel_16":null,"sentinel_20":null,"sentinel_22":null,"sentinel_24":null,"sentinel_27":null,"sentinel_29":"NO_VOTE","sentinel_35":null,"sentinel_39":null,"sentinel_45":null,"sentinel_46":null,"sentinel_48":null,"sentinel_49":null,"sentinel_54":null,"cluster_label":9},{"voter":"Decommissioned","sentinel_10":"NO","sentinel_14":"NO_VOTE","sentinel_15":"NO_VOTE","sentinel_16":"NO_VOTE","sentinel_20":"NO_VOTE","sentinel_22":"NO_VOTE","sentinel_24":"ABSTAIN","sentinel_27":"ABSTAIN","sentinel_29":"NO_VOTE","sentinel_35":"NO_VOTE","sentinel_39":"NO_VOTE","sentinel_45":"NO_VOTE","sentinel_46":"NO_VOTE","sentinel_48":"NO_VOTE","sentinel_49":"NO_VOTE","sentinel_54":"NO_VOTE","cluster_label":12},{"voter":"BlueFrenDAO","sentinel_10":"NO","sentinel_14":"ABSTAIN","sentinel_15":"ABSTAIN","sentinel_16":"ABSTAIN","sentinel_20":"NO","sentinel_22":"YES","sentinel_24":"YES","sentinel_27":"ABSTAIN","sentinel_29":null,"sentinel_35":"YES","sentinel_39":"YES","sentinel_45":null,"sentinel_46":"YES","sentinel_48":"YES","sentinel_49":"YES","sentinel_54":null,"cluster_label":12},{"voter":"NorthCap","sentinel_10":"NO","sentinel_14":"NO_VOTE","sentinel_15":"NO_VOTE","sentinel_16":"NO_VOTE","sentinel_20":"ABSTAIN","sentinel_22":"YES","sentinel_24":"ABSTAIN","sentinel_27":"ABSTAIN","sentinel_29":"NO_VOTE","sentinel_35":"YES","sentinel_39":"NO","sentinel_45":"NO","sentinel_46":"YES","sentinel_48":"NO","sentinel_49":"ABSTAIN","sentinel_54":"YES","cluster_label":12},{"voter":"MathNodes","sentinel_10":"ABSTAIN","sentinel_14":"NO","sentinel_15":"NO","sentinel_16":"NO","sentinel_20":"NO","sentinel_22":"YES","sentinel_24":"YES","sentinel_27":"YES","sentinel_29":"YES","sentinel_35":"YES","sentinel_39":"NO","sentinel_45":"NO","sentinel_46":"YES","sentinel_48":"YES","sentinel_49":"YES","sentinel_54":"YES","cluster_label":12},{"voter":"Shutting down soon","sentinel_10":"YES","sentinel_14":"NO","sentinel_15":"NO","sentinel_16":"NO","sentinel_20":"ABSTAIN","sentinel_22":null,"sentinel_24":null,"sentinel_27":null,"sentinel_29":null,"sentinel_35":null,"sentinel_39":null,"sentinel_45":null,"sentinel_46":null,"sentinel_48":null,"sentinel_49":null,"sentinel_54":null,"cluster_label":12},{"voter":"exnihilovalidator","sentinel_10":"YES","sentinel_14":"NO","sentinel_15":"NO","sentinel_16":"NO","sentinel_20":"YES","sentinel_22":"YES","sentinel_24":"YES","sentinel_27":"YES","sentinel_29":"ABSTAIN","sentinel_35":"YES","sentinel_39":"YES","sentinel_45":"NO","sentinel_46":"YES","sentinel_48":"YES","sentinel_49":"YES","sentinel_54":"YES","cluster_label":12},{"voter":"Swiss Staking  Discontinued please redelegate","sentinel_10":"YES","sentinel_14":"ABSTAIN","sentinel_15":"ABSTAIN","sentinel_16":"ABSTAIN","sentinel_20":"NO","sentinel_22":"YES","sentinel_24":"YES","sentinel_27":"YES","sentinel_29":null,"sentinel_35":null,"sentinel_39":null,"sentinel_45":null,"sentinel_46":null,"sentinel_48":null,"sentinel_49":null,"sentinel_54":null,"cluster_label":12},{"voter":"Stakin Discontinued Redelegate","sentinel_10":"YES","sentinel_14":"NO","sentinel_15":"NO","sentinel_16":"NO","sentinel_20":"NO","sentinel_22":"YES","sentinel_24":"YES","sentinel_27":"YES","sentinel_29":"YES","sentinel_35":"YES","sentinel_39":null,"sentinel_45":null,"sentinel_46":null,"sentinel_48":null,"sentinel_49":null,"sentinel_54":"NO_VOTE","cluster_label":12},{"voter":"GreyWolfCo","sentinel_10":"YES","sentinel_14":"NO","sentinel_15":"NO","sentinel_16":"NO","sentinel_20":null,"sentinel_22":null,"sentinel_24":null,"sentinel_27":null,"sentinel_29":null,"sentinel_35":null,"sentinel_39":null,"sentinel_45":null,"sentinel_46":null,"sentinel_48":null,"sentinel_49":null,"sentinel_54":null,"cluster_label":12},{"voter":"Bitveil","sentinel_10":"NO_VOTE","sentinel_14":"NO_VOTE","sentinel_15":"NO_VOTE","sentinel_16":"NO_VOTE","sentinel_20":"NO_VOTE","sentinel_22":"NO_VOTE","sentinel_24":"NO_VOTE","sentinel_27":"NO_VOTE","sentinel_29":"NO_VOTE","sentinel_35":"NO_VOTE","sentinel_39":"NO_VOTE","sentinel_45":"NO_VOTE","sentinel_46":"NO_VOTE","sentinel_48":"NO_VOTE","sentinel_49":"YES","sentinel_54":"YES","cluster_label":12},{"voter":"Nous Host","sentinel_10":"NO_VOTE","sentinel_14":"NO_VOTE","sentinel_15":"NO_VOTE","sentinel_16":"NO_VOTE","sentinel_20":"NO","sentinel_22":"YES","sentinel_24":"YES","sentinel_27":"YES","sentinel_29":"YES","sentinel_35":"YES","sentinel_39":"NO","sentinel_45":"NO","sentinel_46":"YES","sentinel_48":"YES","sentinel_49":"YES","sentinel_54":"YES","cluster_label":12},{"voter":"zeroserviceseu","sentinel_10":"NO_VOTE","sentinel_14":"NO_VOTE","sentinel_15":"NO_VOTE","sentinel_16":"NO_VOTE","sentinel_20":"NO_VOTE","sentinel_22":"NO_VOTE","sentinel_24":"NO_VOTE","sentinel_27":"NO_VOTE","sentinel_29":"NO_VOTE","sentinel_35":"YES","sentinel_39":"NO","sentinel_45":"NO","sentinel_46":"YES","sentinel_48":"YES","sentinel_49":"YES","sentinel_54":"YES","cluster_label":12},{"voter":"Avril14th","sentinel_10":"NO_VOTE","sentinel_14":"NO_VOTE","sentinel_15":"NO_VOTE","sentinel_16":"NO_VOTE","sentinel_20":"NO_VOTE","sentinel_22":null,"sentinel_24":null,"sentinel_27":"NO_VOTE","sentinel_29":"NO_VOTE","sentinel_35":"NO_VOTE","sentinel_39":"NO_VOTE","sentinel_45":"NO","sentinel_46":"YES","sentinel_48":"YES","sentinel_49":"NO_VOTE","sentinel_54":"YES","cluster_label":12},{"voter":"Low FEES sustainability and profits  Stakers Hub","sentinel_10":null,"sentinel_14":"YES","sentinel_15":"YES","sentinel_16":"NO_WITH_VETO","sentinel_20":null,"sentinel_22":null,"sentinel_24":null,"sentinel_27":null,"sentinel_29":null,"sentinel_35":null,"sentinel_39":null,"sentinel_45":null,"sentinel_46":null,"sentinel_48":null,"sentinel_49":null,"sentinel_54":null,"cluster_label":11},{"voter":"Anonymity Network","sentinel_10":null,"sentinel_14":null,"sentinel_15":null,"sentinel_16":null,"sentinel_20":"NO_VOTE","sentinel_22":"NO","sentinel_24":"YES","sentinel_27":"YES","sentinel_29":"NO_VOTE","sentinel_35":"NO_VOTE","sentinel_39":"YES","sentinel_45":"NO_VOTE","sentinel_46":null,"sentinel_48":"NO_VOTE","sentinel_49":"NO_VOTE","sentinel_54":"NO_VOTE","cluster_label":7},{"voter":"Stopping Please redelegate to New Witner","sentinel_10":null,"sentinel_14":null,"sentinel_15":null,"sentinel_16":null,"sentinel_20":"NO_VOTE","sentinel_22":null,"sentinel_24":null,"sentinel_27":null,"sentinel_29":"NO_VOTE","sentinel_35":"YES","sentinel_39":null,"sentinel_45":null,"sentinel_46":null,"sentinel_48":null,"sentinel_49":"NO_VOTE","sentinel_54":"NO_VOTE","cluster_label":7},{"voter":"Foxinodes","sentinel_10":null,"sentinel_14":null,"sentinel_15":null,"sentinel_16":null,"sentinel_20":null,"sentinel_22":"YES","sentinel_24":"YES","sentinel_27":"YES","sentinel_29":null,"sentinel_35":"YES","sentinel_39":"YES","sentinel_45":"NO","sentinel_46":"YES","sentinel_48":"ABSTAIN","sentinel_49":"YES","sentinel_54":"YES","cluster_label":7},{"voter":"Strata One","sentinel_10":null,"sentinel_14":null,"sentinel_15":null,"sentinel_16":null,"sentinel_20":null,"sentinel_22":"YES","sentinel_24":"YES","sentinel_27":"YES","sentinel_29":null,"sentinel_35":null,"sentinel_39":null,"sentinel_45":null,"sentinel_46":null,"sentinel_48":null,"sentinel_49":"YES","sentinel_54":null,"cluster_label":9},{"voter":"CryptoNet","sentinel_10":null,"sentinel_14":null,"sentinel_15":null,"sentinel_16":null,"sentinel_20":null,"sentinel_22":"YES","sentinel_24":"ABSTAIN","sentinel_27":"YES","sentinel_29":"YES","sentinel_35":"ABSTAIN","sentinel_39":"ABSTAIN","sentinel_45":"NO_WITH_VETO","sentinel_46":"YES","sentinel_48":"ABSTAIN","sentinel_49":null,"sentinel_54":"YES","cluster_label":7},{"voter":"ChronoBitEnterprise","sentinel_10":null,"sentinel_14":null,"sentinel_15":null,"sentinel_16":null,"sentinel_20":null,"sentinel_22":"YES","sentinel_24":"YES","sentinel_27":"YES","sentinel_29":"YES","sentinel_35":"YES","sentinel_39":"NO","sentinel_45":"NO","sentinel_46":"YES","sentinel_48":"YES","sentinel_49":null,"sentinel_54":null,"cluster_label":7},{"voter":"A4ADAO","sentinel_10":null,"sentinel_14":null,"sentinel_15":null,"sentinel_16":null,"sentinel_20":null,"sentinel_22":"YES","sentinel_24":"YES","sentinel_27":null,"sentinel_29":"NO_VOTE","sentinel_35":null,"sentinel_39":null,"sentinel_45":"NO","sentinel_46":"YES","sentinel_48":"YES","sentinel_49":null,"sentinel_54":null,"cluster_label":7},{"voter":"Norse Labs","sentinel_10":null,"sentinel_14":null,"sentinel_15":null,"sentinel_16":null,"sentinel_20":null,"sentinel_22":"YES","sentinel_24":"ABSTAIN","sentinel_27":"NO","sentinel_29":null,"sentinel_35":null,"sentinel_39":null,"sentinel_45":null,"sentinel_46":null,"sentinel_48":null,"sentinel_49":null,"sentinel_54":null,"cluster_label":9},{"voter":"Trinity Validator","sentinel_10":null,"sentinel_14":null,"sentinel_15":null,"sentinel_16":null,"sentinel_20":null,"sentinel_22":null,"sentinel_24":null,"sentinel_27":null,"sentinel_29":"YES","sentinel_35":"YES","sentinel_39":"YES","sentinel_45":"NO","sentinel_46":"YES","sentinel_48":"YES","sentinel_49":"YES","sentinel_54":null,"cluster_label":7},{"voter":"lux8net","sentinel_10":null,"sentinel_14":null,"sentinel_15":null,"sentinel_16":null,"sentinel_20":null,"sentinel_22":null,"sentinel_24":null,"sentinel_27":null,"sentinel_29":null,"sentinel_35":"ABSTAIN","sentinel_39":null,"sentinel_45":null,"sentinel_46":null,"sentinel_48":null,"sentinel_49":null,"sentinel_54":null,"cluster_label":7},{"voter":"AtmosferMuda  REStakeapp ","sentinel_10":null,"sentinel_14":null,"sentinel_15":null,"sentinel_16":null,"sentinel_20":null,"sentinel_22":null,"sentinel_24":null,"sentinel_27":null,"sentinel_29":null,"sentinel_35":"YES","sentinel_39":"ABSTAIN","sentinel_45":"NO","sentinel_46":"YES","sentinel_48":"YES","sentinel_49":"YES","sentinel_54":"YES","cluster_label":7},{"voter":"dvMiku Validator","sentinel_10":null,"sentinel_14":null,"sentinel_15":null,"sentinel_16":null,"sentinel_20":null,"sentinel_22":null,"sentinel_24":null,"sentinel_27":null,"sentinel_29":null,"sentinel_35":"YES","sentinel_39":"YES","sentinel_45":null,"sentinel_46":null,"sentinel_48":null,"sentinel_49":null,"sentinel_54":"YES","cluster_label":7},{"voter":"0xbas3d","sentinel_10":null,"sentinel_14":null,"sentinel_15":null,"sentinel_16":null,"sentinel_20":null,"sentinel_22":null,"sentinel_24":null,"sentinel_27":null,"sentinel_29":null,"sentinel_35":null,"sentinel_39":"YES","sentinel_45":null,"sentinel_46":null,"sentinel_48":null,"sentinel_49":null,"sentinel_54":null,"cluster_label":7},{"voter":"Sentinel Growth DAO","sentinel_10":null,"sentinel_14":null,"sentinel_15":null,"sentinel_16":null,"sentinel_20":null,"sentinel_22":null,"sentinel_24":null,"sentinel_27":null,"sentinel_29":null,"sentinel_35":null,"sentinel_39":"ABSTAIN","sentinel_45":"NO","sentinel_46":null,"sentinel_48":"ABSTAIN","sentinel_49":null,"sentinel_54":null,"cluster_label":7},{"voter":"TkdAlex","sentinel_10":null,"sentinel_14":null,"sentinel_15":null,"sentinel_16":null,"sentinel_20":null,"sentinel_22":null,"sentinel_24":null,"sentinel_27":null,"sentinel_29":null,"sentinel_35":null,"sentinel_39":null,"sentinel_45":"NO","sentinel_46":"YES","sentinel_48":"YES","sentinel_49":"YES","sentinel_54":"YES","cluster_label":7},{"voter":"Oneiric Stake","sentinel_10":null,"sentinel_14":null,"sentinel_15":null,"sentinel_16":null,"sentinel_20":null,"sentinel_22":null,"sentinel_24":null,"sentinel_27":null,"sentinel_29":null,"sentinel_35":null,"sentinel_39":null,"sentinel_45":"NO","sentinel_46":"YES","sentinel_48":"YES","sentinel_49":"YES","sentinel_54":"YES","cluster_label":7},{"voter":"RoomIT","sentinel_10":null,"sentinel_14":null,"sentinel_15":null,"sentinel_16":null,"sentinel_20":null,"sentinel_22":null,"sentinel_24":null,"sentinel_27":null,"sentinel_29":null,"sentinel_35":null,"sentinel_39":null,"sentinel_45":"NO","sentinel_46":"YES","sentinel_48":"YES","sentinel_49":"YES","sentinel_54":null,"cluster_label":7},{"voter":"openstakenet","sentinel_10":null,"sentinel_14":null,"sentinel_15":null,"sentinel_16":null,"sentinel_20":null,"sentinel_22":null,"sentinel_24":null,"sentinel_27":null,"sentinel_29":null,"sentinel_35":null,"sentinel_39":null,"sentinel_45":null,"sentinel_46":null,"sentinel_48":"YES","sentinel_49":"YES","sentinel_54":"YES","cluster_label":11},{"voter":"Summit Nodes","sentinel_10":null,"sentinel_14":null,"sentinel_15":null,"sentinel_16":null,"sentinel_20":null,"sentinel_22":null,"sentinel_24":null,"sentinel_27":null,"sentinel_29":null,"sentinel_35":null,"sentinel_39":null,"sentinel_45":null,"sentinel_46":null,"sentinel_48":null,"sentinel_49":"YES","sentinel_54":null,"cluster_label":9},{"voter":"AntMan","sentinel_10":null,"sentinel_14":null,"sentinel_15":null,"sentinel_16":null,"sentinel_20":null,"sentinel_22":null,"sentinel_24":null,"sentinel_27":null,"sentinel_29":null,"sentinel_35":null,"sentinel_39":null,"sentinel_45":null,"sentinel_46":null,"sentinel_48":null,"sentinel_49":null,"sentinel_54":"YES","cluster_label":7},{"voter":"Busurnode","sentinel_10":null,"sentinel_14":null,"sentinel_15":null,"sentinel_16":null,"sentinel_20":null,"sentinel_22":null,"sentinel_24":null,"sentinel_27":null,"sentinel_29":null,"sentinel_35":null,"sentinel_39":null,"sentinel_45":null,"sentinel_46":null,"sentinel_48":null,"sentinel_49":null,"sentinel_54":"YES","cluster_label":7}]