[{"voter":"Imperatorco","dydx_6":"NO","dydx_24":"YES","dydx_44":"YES","dydx_47":"NO","dydx_48":"NO","dydx_138":"YES","dydx_142":"YES","dydx_144":"YES","dydx_154":"YES","dydx_156":"ABSTAIN","dydx_157":"ABSTAIN","dydx_164":"NO","dydx_165":"YES","dydx_175":"YES","dydx_176":"YES","cluster_label":3},{"voter":"StakeWithUs","dydx_6":"NO_VOTE","dydx_24":"YES","dydx_44":"ABSTAIN","dydx_47":"YES","dydx_48":"YES","dydx_138":"ABSTAIN","dydx_142":"YES","dydx_144":"YES","dydx_154":null,"dydx_156":null,"dydx_157":null,"dydx_164":null,"dydx_165":null,"dydx_175":null,"dydx_176":null,"cluster_label":3},{"voter":"BHarvest","dydx_6":"NO_VOTE","dydx_24":"NO_VOTE","dydx_44":"NO_VOTE","dydx_47":"NO_VOTE","dydx_48":"NO_VOTE","dydx_138":"NO_VOTE","dydx_142":"NO_VOTE","dydx_144":"NO_VOTE","dydx_154":"NO_VOTE","dydx_156":"NO_VOTE","dydx_157":"NO_VOTE","dydx_164":"NO_VOTE","dydx_165":"NO_VOTE","dydx_175":"NO_VOTE","dydx_176":"NO_VOTE","cluster_label":3},{"voter":"Provalidator","dydx_6":null,"dydx_24":"YES","dydx_44":"YES","dydx_47":"ABSTAIN","dydx_48":"ABSTAIN","dydx_138":"YES","dydx_142":"ABSTAIN","dydx_144":"YES","dydx_154":"YES","dydx_156":"YES","dydx_157":"NO","dydx_164":"NO","dydx_165":null,"dydx_175":"YES","dydx_176":"YES","cluster_label":3},{"voter":"Crosnest","dydx_6":"NO","dydx_24":"NO","dydx_44":"YES","dydx_47":"YES","dydx_48":"ABSTAIN","dydx_138":null,"dydx_142":"ABSTAIN","dydx_144":"NO","dydx_154":"NO","dydx_156":"WEIGHTED_VOTE","dydx_157":"WEIGHTED_VOTE","dydx_164":"NO","dydx_165":"ABSTAIN","dydx_175":null,"dydx_176":"WEIGHTED_VOTE","cluster_label":3},{"voter":"Chorus One","dydx_6":"ABSTAIN","dydx_24":"YES","dydx_44":"YES","dydx_47":"ABSTAIN","dydx_48":"NO","dydx_138":"ABSTAIN","dydx_142":"YES","dydx_144":"YES","dydx_154":"YES","dydx_156":"NO","dydx_157":"YES","dydx_164":"NO","dydx_165":"ABSTAIN","dydx_175":"YES","dydx_176":"ABSTAIN","cluster_label":3},{"voter":"Swiss Staking","dydx_6":"YES","dydx_24":null,"dydx_44":null,"dydx_47":null,"dydx_48":null,"dydx_138":null,"dydx_142":null,"dydx_144":null,"dydx_154":null,"dydx_156":null,"dydx_157":null,"dydx_164":null,"dydx_165":null,"dydx_175":null,"dydx_176":null,"cluster_label":3},{"voter":"01node","dydx_6":"NO","dydx_24":null,"dydx_44":null,"dydx_47":null,"dydx_48":null,"dydx_138":null,"dydx_142":null,"dydx_144":null,"dydx_154":null,"dydx_156":null,"dydx_157":null,"dydx_164":null,"dydx_165":null,"dydx_175":null,"dydx_176":null,"cluster_label":3},{"voter":"Ping","dydx_6":null,"dydx_24":"YES","dydx_44":"YES","dydx_47":"YES","dydx_48":"NO","dydx_138":null,"dydx_142":null,"dydx_144":null,"dydx_154":null,"dydx_156":null,"dydx_157":null,"dydx_164":null,"dydx_165":null,"dydx_175":null,"dydx_176":null,"cluster_label":3},{"voter":"0basevc","dydx_6":"NO","dydx_24":"YES","dydx_44":"YES","dydx_47":"YES","dydx_48":"ABSTAIN","dydx_138":"ABSTAIN","dydx_142":"YES","dydx_144":"YES","dydx_154":"YES","dydx_156":"ABSTAIN","dydx_157":"YES","dydx_164":"NO","dydx_165":"ABSTAIN","dydx_175":"YES","dydx_176":null,"cluster_label":3},{"voter":"NodeStake","dydx_6":null,"dydx_24":null,"dydx_44":null,"dydx_47":null,"dydx_48":null,"dydx_138":"NO_VOTE","dydx_142":"NO_VOTE","dydx_144":"NO_VOTE","dydx_154":"NO_VOTE","dydx_156":"NO_VOTE","dydx_157":"NO_VOTE","dydx_164":"NO_VOTE","dydx_165":"NO_VOTE","dydx_175":"NO_VOTE","dydx_176":"YES","cluster_label":3},{"voter":"Figment","dydx_6":"NO","dydx_24":"YES","dydx_44":null,"dydx_47":null,"dydx_48":null,"dydx_138":null,"dydx_142":null,"dydx_144":null,"dydx_154":null,"dydx_156":null,"dydx_157":"YES","dydx_164":"NO","dydx_165":null,"dydx_175":null,"dydx_176":null,"cluster_label":3},{"voter":"Kahuna","dydx_6":null,"dydx_24":null,"dydx_44":"YES","dydx_47":"ABSTAIN","dydx_48":"NO","dydx_138":null,"dydx_142":null,"dydx_144":null,"dydx_154":null,"dydx_156":"ABSTAIN","dydx_157":"ABSTAIN","dydx_164":null,"dydx_165":"YES","dydx_175":null,"dydx_176":null,"cluster_label":4},{"voter":"Nocturnal Labs","dydx_6":null,"dydx_24":"NO","dydx_44":"YES","dydx_47":"YES","dydx_48":"NO","dydx_138":"ABSTAIN","dydx_142":"ABSTAIN","dydx_144":"YES","dydx_154":"ABSTAIN","dydx_156":"ABSTAIN","dydx_157":"ABSTAIN","dydx_164":null,"dydx_165":null,"dydx_175":null,"dydx_176":"ABSTAIN","cluster_label":4},{"voter":"Kalia Network","dydx_6":null,"dydx_24":"YES","dydx_44":"YES","dydx_47":"ABSTAIN","dydx_48":"NO","dydx_138":"ABSTAIN","dydx_142":"YES","dydx_144":"NO","dydx_154":"NO","dydx_156":"YES","dydx_157":"YES","dydx_164":"YES","dydx_165":"ABSTAIN","dydx_175":"YES","dydx_176":null,"cluster_label":10},{"voter":"ECO Stake ","dydx_6":"YES","dydx_24":"NO","dydx_44":"YES","dydx_47":"YES","dydx_48":"NO","dydx_138":"YES","dydx_142":"YES","dydx_144":"YES","dydx_154":"YES","dydx_156":"ABSTAIN","dydx_157":"ABSTAIN","dydx_164":"YES","dydx_165":"YES","dydx_175":"YES","dydx_176":"YES","cluster_label":3},{"voter":"Citadelone","dydx_6":null,"dydx_24":null,"dydx_44":"YES","dydx_47":"YES","dydx_48":"NO","dydx_138":"ABSTAIN","dydx_142":"YES","dydx_144":"YES","dydx_154":"YES","dydx_156":null,"dydx_157":null,"dydx_164":"ABSTAIN","dydx_165":"ABSTAIN","dydx_175":"YES","dydx_176":"YES","cluster_label":3},{"voter":"Informal Systems","dydx_6":"NO_VOTE","dydx_24":"NO","dydx_44":"YES","dydx_47":"NO","dydx_48":"NO","dydx_138":"NO_VOTE","dydx_142":"YES","dydx_144":"YES","dydx_154":"YES","dydx_156":"ABSTAIN","dydx_157":"YES","dydx_164":"NO","dydx_165":"YES","dydx_175":"YES","dydx_176":"YES","cluster_label":3},{"voter":" LavenderFive Nodes ","dydx_6":"NO","dydx_24":"YES","dydx_44":"YES","dydx_47":"YES","dydx_48":"NO","dydx_138":"YES","dydx_142":"YES","dydx_144":"YES","dydx_154":"YES","dydx_156":"NO","dydx_157":"NO","dydx_164":null,"dydx_165":null,"dydx_175":"YES","dydx_176":null,"cluster_label":3},{"voter":"KingSuper","dydx_6":"YES","dydx_24":"YES","dydx_44":"YES","dydx_47":null,"dydx_48":null,"dydx_138":null,"dydx_142":null,"dydx_144":null,"dydx_154":null,"dydx_156":null,"dydx_157":null,"dydx_164":null,"dydx_165":null,"dydx_175":null,"dydx_176":null,"cluster_label":10},{"voter":"Frens ","dydx_6":"ABSTAIN","dydx_24":"YES","dydx_44":"YES","dydx_47":"YES","dydx_48":"NO","dydx_138":"ABSTAIN","dydx_142":"YES","dydx_144":"YES","dydx_154":"YES","dydx_156":"YES","dydx_157":"ABSTAIN","dydx_164":"NO","dydx_165":"YES","dydx_175":"YES","dydx_176":"ABSTAIN","cluster_label":3},{"voter":"Cosmostation","dydx_6":"ABSTAIN","dydx_24":"YES","dydx_44":"YES","dydx_47":"ABSTAIN","dydx_48":"NO","dydx_138":"YES","dydx_142":null,"dydx_144":"YES","dydx_154":"YES","dydx_156":"YES","dydx_157":"YES","dydx_164":"ABSTAIN","dydx_165":"ABSTAIN","dydx_175":"YES","dydx_176":"YES","cluster_label":3},{"voter":"NodesGuru","dydx_6":"ABSTAIN","dydx_24":"NO","dydx_44":"ABSTAIN","dydx_47":"ABSTAIN","dydx_48":"NO","dydx_138":"ABSTAIN","dydx_142":"YES","dydx_144":"ABSTAIN","dydx_154":"NO_VOTE","dydx_156":"ABSTAIN","dydx_157":"YES","dydx_164":"YES","dydx_165":"YES","dydx_175":"ABSTAIN","dydx_176":"ABSTAIN","cluster_label":10},{"voter":"Coinage x DAIC","dydx_6":"NO","dydx_24":"YES","dydx_44":"YES","dydx_47":"YES","dydx_48":"NO","dydx_138":"ABSTAIN","dydx_142":"ABSTAIN","dydx_144":"ABSTAIN","dydx_154":"ABSTAIN","dydx_156":"ABSTAIN","dydx_157":"ABSTAIN","dydx_164":"YES","dydx_165":"ABSTAIN","dydx_175":"ABSTAIN","dydx_176":"ABSTAIN","cluster_label":3},{"voter":"Dora Factory","dydx_6":"ABSTAIN","dydx_24":"NO_VOTE","dydx_44":"YES","dydx_47":null,"dydx_48":"NO","dydx_138":"NO_VOTE","dydx_142":"NO_VOTE","dydx_144":"NO_VOTE","dydx_154":"NO_VOTE","dydx_156":"ABSTAIN","dydx_157":"ABSTAIN","dydx_164":"NO_VOTE","dydx_165":"NO_VOTE","dydx_175":"YES","dydx_176":"YES","cluster_label":1},{"voter":"blockscape","dydx_6":"ABSTAIN","dydx_24":null,"dydx_44":null,"dydx_47":null,"dydx_48":null,"dydx_138":null,"dydx_142":null,"dydx_144":null,"dydx_154":null,"dydx_156":null,"dydx_157":null,"dydx_164":null,"dydx_165":null,"dydx_175":null,"dydx_176":null,"cluster_label":3},{"voter":"Keplr","dydx_6":"ABSTAIN","dydx_24":null,"dydx_44":"YES","dydx_47":"ABSTAIN","dydx_48":"NO","dydx_138":"NO","dydx_142":"YES","dydx_144":"YES","dydx_154":"YES","dydx_156":null,"dydx_157":null,"dydx_164":"NO","dydx_165":"ABSTAIN","dydx_175":"YES","dydx_176":"ABSTAIN","cluster_label":6},{"voter":"Stakecito","dydx_6":"ABSTAIN","dydx_24":"YES","dydx_44":"YES","dydx_47":"YES","dydx_48":"NO","dydx_138":"YES","dydx_142":"YES","dydx_144":"YES","dydx_154":"YES","dydx_156":"NO","dydx_157":"YES","dydx_164":"NO","dydx_165":"YES","dydx_175":"YES","dydx_176":"YES","cluster_label":3},{"voter":"polkachucom","dydx_6":"NO","dydx_24":"NO","dydx_44":"YES","dydx_47":"NO","dydx_48":"NO","dydx_138":"YES","dydx_142":"YES","dydx_144":"YES","dydx_154":"YES","dydx_156":"YES","dydx_157":"YES","dydx_164":"NO","dydx_165":"YES","dydx_175":"YES","dydx_176":"YES","cluster_label":3},{"voter":"Meria","dydx_6":"YES","dydx_24":"YES","dydx_44":"YES","dydx_47":"YES","dydx_48":"NO","dydx_138":"YES","dydx_142":"YES","dydx_144":"YES","dydx_154":"YES","dydx_156":"NO","dydx_157":"ABSTAIN","dydx_164":"YES","dydx_165":"YES","dydx_175":"YES","dydx_176":"YES","cluster_label":4},{"voter":"PRO Delegators","dydx_6":"NO","dydx_24":"NO","dydx_44":"YES","dydx_47":"YES","dydx_48":"ABSTAIN","dydx_138":"NO","dydx_142":"NO","dydx_144":"NO","dydx_154":"NO","dydx_156":"ABSTAIN","dydx_157":"ABSTAIN","dydx_164":"NO","dydx_165":"NO","dydx_175":"ABSTAIN","dydx_176":"NO","cluster_label":4},{"voter":"Interstellar Lounge ","dydx_6":"YES","dydx_24":"YES","dydx_44":"YES","dydx_47":"YES","dydx_48":"YES","dydx_138":"YES","dydx_142":"YES","dydx_144":"YES","dydx_154":"YES","dydx_156":"ABSTAIN","dydx_157":"ABSTAIN","dydx_164":"NO","dydx_165":"YES","dydx_175":"ABSTAIN","dydx_176":"YES","cluster_label":8},{"voter":"DELIGHT","dydx_6":"ABSTAIN","dydx_24":null,"dydx_44":"ABSTAIN","dydx_47":"NO","dydx_48":"NO","dydx_138":null,"dydx_142":null,"dydx_144":"YES","dydx_154":null,"dydx_156":null,"dydx_157":null,"dydx_164":null,"dydx_165":null,"dydx_175":null,"dydx_176":"ABSTAIN","cluster_label":4},{"voter":"DSRV","dydx_6":"YES","dydx_24":"NO_VOTE","dydx_44":"NO_VOTE","dydx_47":"NO_VOTE","dydx_48":"NO_VOTE","dydx_138":null,"dydx_142":null,"dydx_144":null,"dydx_154":null,"dydx_156":null,"dydx_157":null,"dydx_164":null,"dydx_165":null,"dydx_175":null,"dydx_176":null,"cluster_label":3},{"voter":"Blockdaemon","dydx_6":"NO_VOTE","dydx_24":"NO_VOTE","dydx_44":"NO_VOTE","dydx_47":"NO_VOTE","dydx_48":"NO_VOTE","dydx_138":"NO_VOTE","dydx_142":"YES","dydx_144":"YES","dydx_154":"NO_VOTE","dydx_156":"YES","dydx_157":"NO","dydx_164":"NO_VOTE","dydx_165":"NO_VOTE","dydx_175":"NO_VOTE","dydx_176":"NO_VOTE","cluster_label":3},{"voter":"DACM","dydx_6":null,"dydx_24":null,"dydx_44":"YES","dydx_47":"NO","dydx_48":null,"dydx_138":"YES","dydx_142":"YES","dydx_144":"YES","dydx_154":null,"dydx_156":"ABSTAIN","dydx_157":"ABSTAIN","dydx_164":"ABSTAIN","dydx_165":"YES","dydx_175":null,"dydx_176":null,"cluster_label":11},{"voter":"strangelove","dydx_6":null,"dydx_24":null,"dydx_44":"YES","dydx_47":null,"dydx_48":null,"dydx_138":"YES","dydx_142":"YES","dydx_144":"YES","dydx_154":"YES","dydx_156":"NO","dydx_157":"NO","dydx_164":"NO","dydx_165":"YES","dydx_175":"YES","dydx_176":"YES","cluster_label":13},{"voter":"Allnodes","dydx_6":null,"dydx_24":"YES","dydx_44":"NO","dydx_47":"ABSTAIN","dydx_48":"NO","dydx_138":"YES","dydx_142":"YES","dydx_144":"YES","dydx_154":"YES","dydx_156":"ABSTAIN","dydx_157":"ABSTAIN","dydx_164":"NO","dydx_165":"YES","dydx_175":"NO","dydx_176":"YES","cluster_label":3},{"voter":"Everstake","dydx_6":null,"dydx_24":"YES","dydx_44":"ABSTAIN","dydx_47":"YES","dydx_48":"ABSTAIN","dydx_138":null,"dydx_142":null,"dydx_144":null,"dydx_154":null,"dydx_156":null,"dydx_157":null,"dydx_164":null,"dydx_165":null,"dydx_175":null,"dydx_176":null,"cluster_label":1},{"voter":"Enigma","dydx_6":"NO","dydx_24":null,"dydx_44":"YES","dydx_47":"WEIGHTED_VOTE","dydx_48":"NO","dydx_138":null,"dydx_142":"YES","dydx_144":"YES","dydx_154":"YES","dydx_156":"ABSTAIN","dydx_157":"YES","dydx_164":"NO","dydx_165":"YES","dydx_175":"YES","dydx_176":"YES","cluster_label":4},{"voter":"HashKey Cloud","dydx_6":"ABSTAIN","dydx_24":"YES","dydx_44":"YES","dydx_47":null,"dydx_48":null,"dydx_138":"ABSTAIN","dydx_142":"YES","dydx_144":"YES","dydx_154":"YES","dydx_156":null,"dydx_157":null,"dydx_164":null,"dydx_165":null,"dydx_175":"YES","dydx_176":null,"cluster_label":4},{"voter":" ","dydx_6":"NO_VOTE","dydx_24":"NO_VOTE","dydx_44":"NO_VOTE","dydx_47":"NO_VOTE","dydx_48":"NO_VOTE","dydx_138":"NO_VOTE","dydx_142":"NO_VOTE","dydx_144":"NO_VOTE","dydx_154":"NO_VOTE","dydx_156":"NO_VOTE","dydx_157":"NO_VOTE","dydx_164":"NO_VOTE","dydx_165":"NO_VOTE","dydx_175":"NO_VOTE","dydx_176":"NO_VOTE","cluster_label":10},{"voter":"Validatriumcom","dydx_6":null,"dydx_24":null,"dydx_44":null,"dydx_47":"YES","dydx_48":"YES","dydx_138":null,"dydx_142":null,"dydx_144":null,"dydx_154":null,"dydx_156":null,"dydx_157":null,"dydx_164":null,"dydx_165":null,"dydx_175":null,"dydx_176":null,"cluster_label":2},{"voter":"DO NOT DELEGATE","dydx_6":"NO","dydx_24":null,"dydx_44":null,"dydx_47":null,"dydx_48":null,"dydx_138":null,"dydx_142":null,"dydx_144":null,"dydx_154":null,"dydx_156":null,"dydx_157":null,"dydx_164":null,"dydx_165":null,"dydx_175":null,"dydx_176":null,"cluster_label":2},{"voter":"Bit Cat","dydx_6":"NO_VOTE","dydx_24":"NO_VOTE","dydx_44":null,"dydx_47":"NO_VOTE","dydx_48":"NO_VOTE","dydx_138":"NO_VOTE","dydx_142":"NO_VOTE","dydx_144":"NO_VOTE","dydx_154":"NO_VOTE","dydx_156":"NO_VOTE","dydx_157":"NO_VOTE","dydx_164":"NO_VOTE","dydx_165":"NO_VOTE","dydx_175":"NO_VOTE","dydx_176":"NO_VOTE","cluster_label":13},{"voter":"P2PORG  P2P Validator","dydx_6":"NO","dydx_24":"NO","dydx_44":"YES","dydx_47":"YES","dydx_48":"NO","dydx_138":"ABSTAIN","dydx_142":"ABSTAIN","dydx_144":"YES","dydx_154":"YES","dydx_156":"YES","dydx_157":"NO","dydx_164":"NO","dydx_165":"YES","dydx_175":"YES","dydx_176":"NO","cluster_label":4},{"voter":"TTT ","dydx_6":"YES","dydx_24":"YES","dydx_44":"YES","dydx_47":"YES","dydx_48":null,"dydx_138":null,"dydx_142":null,"dydx_144":null,"dydx_154":null,"dydx_156":null,"dydx_157":null,"dydx_164":null,"dydx_165":null,"dydx_175":null,"dydx_176":null,"cluster_label":4},{"voter":"coinhallorg ","dydx_6":"YES","dydx_24":"YES","dydx_44":"ABSTAIN","dydx_47":"YES","dydx_48":"ABSTAIN","dydx_138":"ABSTAIN","dydx_142":"YES","dydx_144":"ABSTAIN","dydx_154":null,"dydx_156":"ABSTAIN","dydx_157":"YES","dydx_164":"YES","dydx_165":"ABSTAIN","dydx_175":"YES","dydx_176":"ABSTAIN","cluster_label":1},{"voter":"Kiln","dydx_6":"ABSTAIN","dydx_24":"NO","dydx_44":"YES","dydx_47":"YES","dydx_48":"ABSTAIN","dydx_138":"ABSTAIN","dydx_142":"YES","dydx_144":"YES","dydx_154":"ABSTAIN","dydx_156":"YES","dydx_157":"YES","dydx_164":"NO","dydx_165":"ABSTAIN","dydx_175":"YES","dydx_176":"YES","cluster_label":1},{"voter":"Luganodes","dydx_6":"YES","dydx_24":null,"dydx_44":"YES","dydx_47":"YES","dydx_48":"YES","dydx_138":null,"dydx_142":null,"dydx_144":null,"dydx_154":null,"dydx_156":"YES","dydx_157":"NO","dydx_164":null,"dydx_165":"ABSTAIN","dydx_175":null,"dydx_176":"YES","cluster_label":11},{"voter":"InfStones","dydx_6":null,"dydx_24":null,"dydx_44":null,"dydx_47":"YES","dydx_48":null,"dydx_138":"NO_VOTE","dydx_142":"NO_VOTE","dydx_144":"NO_VOTE","dydx_154":"NO_VOTE","dydx_156":"YES","dydx_157":"YES","dydx_164":"NO_VOTE","dydx_165":"NO_VOTE","dydx_175":"NO_VOTE","dydx_176":"YES","cluster_label":11},{"voter":"CEXIO Validator","dydx_6":null,"dydx_24":null,"dydx_44":null,"dydx_47":null,"dydx_48":null,"dydx_138":"NO","dydx_142":"YES","dydx_144":"YES","dydx_154":"ABSTAIN","dydx_156":"YES","dydx_157":"ABSTAIN","dydx_164":"ABSTAIN","dydx_165":"ABSTAIN","dydx_175":"YES","dydx_176":"YES","cluster_label":4},{"voter":"Ex Machina","dydx_6":"ABSTAIN","dydx_24":"YES","dydx_44":"YES","dydx_47":"NO","dydx_48":"NO","dydx_138":null,"dydx_142":null,"dydx_144":null,"dydx_154":null,"dydx_156":"ABSTAIN","dydx_157":"ABSTAIN","dydx_164":"NO","dydx_165":null,"dydx_175":"YES","dydx_176":null,"cluster_label":11},{"voter":"purple fog","dydx_6":"ABSTAIN","dydx_24":"YES","dydx_44":"YES","dydx_47":"NO","dydx_48":"NO","dydx_138":null,"dydx_142":null,"dydx_144":null,"dydx_154":null,"dydx_156":null,"dydx_157":null,"dydx_164":null,"dydx_165":null,"dydx_175":null,"dydx_176":null,"cluster_label":11},{"voter":"Validation Cloud","dydx_6":"ABSTAIN","dydx_24":"YES","dydx_44":"YES","dydx_47":"ABSTAIN","dydx_48":"ABSTAIN","dydx_138":"ABSTAIN","dydx_142":"YES","dydx_144":"YES","dydx_154":"YES","dydx_156":"ABSTAIN","dydx_157":"ABSTAIN","dydx_164":"NO","dydx_165":"ABSTAIN","dydx_175":"YES","dydx_176":"YES","cluster_label":2},{"voter":"Smart Stake   5 max","dydx_6":"NO","dydx_24":"ABSTAIN","dydx_44":"YES","dydx_47":"YES","dydx_48":"NO","dydx_138":null,"dydx_142":null,"dydx_144":null,"dydx_154":null,"dydx_156":null,"dydx_157":null,"dydx_164":null,"dydx_165":null,"dydx_175":null,"dydx_176":null,"cluster_label":11},{"voter":"Tan","dydx_6":"NO","dydx_24":"YES","dydx_44":null,"dydx_47":"NO_VOTE","dydx_48":"NO_VOTE","dydx_138":"NO_VOTE","dydx_142":"NO_VOTE","dydx_144":"NO_VOTE","dydx_154":"NO_VOTE","dydx_156":"NO_VOTE","dydx_157":"NO_VOTE","dydx_164":"NO_VOTE","dydx_165":"NO_VOTE","dydx_175":"NO_VOTE","dydx_176":"NO_VOTE","cluster_label":11},{"voter":"StakeCraft","dydx_6":"ABSTAIN","dydx_24":"YES","dydx_44":null,"dydx_47":null,"dydx_48":null,"dydx_138":null,"dydx_142":null,"dydx_144":null,"dydx_154":null,"dydx_156":null,"dydx_157":null,"dydx_164":null,"dydx_165":null,"dydx_175":null,"dydx_176":null,"cluster_label":11},{"voter":"Decommissioned  Delegate Away","dydx_6":"NO","dydx_24":null,"dydx_44":null,"dydx_47":null,"dydx_48":null,"dydx_138":null,"dydx_142":null,"dydx_144":null,"dydx_154":null,"dydx_156":null,"dydx_157":null,"dydx_164":null,"dydx_165":null,"dydx_175":null,"dydx_176":null,"cluster_label":7},{"voter":"CryptoCrew X Defi Dojo","dydx_6":"NO","dydx_24":"YES","dydx_44":"ABSTAIN","dydx_47":"ABSTAIN","dydx_48":"ABSTAIN","dydx_138":"NO","dydx_142":"ABSTAIN","dydx_144":"NO","dydx_154":"NO","dydx_156":"ABSTAIN","dydx_157":"ABSTAIN","dydx_164":"NO","dydx_165":"NO","dydx_175":"ABSTAIN","dydx_176":"ABSTAIN","cluster_label":11},{"voter":"Orbital Command","dydx_6":"ABSTAIN","dydx_24":null,"dydx_44":null,"dydx_47":null,"dydx_48":null,"dydx_138":null,"dydx_142":null,"dydx_144":null,"dydx_154":null,"dydx_156":null,"dydx_157":null,"dydx_164":null,"dydx_165":null,"dydx_175":null,"dydx_176":null,"cluster_label":8},{"voter":"    Kingnodes ","dydx_6":"NO","dydx_24":"YES","dydx_44":"YES","dydx_47":"ABSTAIN","dydx_48":"NO","dydx_138":"ABSTAIN","dydx_142":"YES","dydx_144":"ABSTAIN","dydx_154":"YES","dydx_156":"ABSTAIN","dydx_157":"ABSTAIN","dydx_164":"NO","dydx_165":null,"dydx_175":"YES","dydx_176":"YES","cluster_label":11},{"voter":"0 Fee until 2025  Cosmic Validator","dydx_6":"YES","dydx_24":"YES","dydx_44":"YES","dydx_47":"YES","dydx_48":"ABSTAIN","dydx_138":"ABSTAIN","dydx_142":"YES","dydx_144":"YES","dydx_154":"ABSTAIN","dydx_156":"YES","dydx_157":"YES","dydx_164":null,"dydx_165":null,"dydx_175":null,"dydx_176":null,"cluster_label":11},{"voter":" Silk Nodes","dydx_6":"NO","dydx_24":"YES","dydx_44":"YES","dydx_47":"ABSTAIN","dydx_48":"NO","dydx_138":"NO_VOTE","dydx_142":"NO_VOTE","dydx_144":"YES","dydx_154":"YES","dydx_156":"NO","dydx_157":"YES","dydx_164":"NO","dydx_165":"YES","dydx_175":"NO","dydx_176":"YES","cluster_label":11},{"voter":"  RHINO","dydx_6":"NO","dydx_24":"YES","dydx_44":"NO_VOTE","dydx_47":"NO_VOTE","dydx_48":"NO_VOTE","dydx_138":"NO_VOTE","dydx_142":"ABSTAIN","dydx_144":"YES","dydx_154":"YES","dydx_156":"NO_VOTE","dydx_157":"NO_VOTE","dydx_164":"NO","dydx_165":"YES","dydx_175":"YES","dydx_176":"ABSTAIN","cluster_label":11},{"voter":"LTP","dydx_6":"YES","dydx_24":"YES","dydx_44":null,"dydx_47":null,"dydx_48":null,"dydx_138":null,"dydx_142":null,"dydx_144":null,"dydx_154":null,"dydx_156":null,"dydx_157":null,"dydx_164":null,"dydx_165":null,"dydx_175":null,"dydx_176":null,"cluster_label":7},{"voter":"  AutoStake  StakeDrops","dydx_6":"YES","dydx_24":"YES","dydx_44":"ABSTAIN","dydx_47":"YES","dydx_48":"NO","dydx_138":"YES","dydx_142":"YES","dydx_144":"YES","dydx_154":"YES","dydx_156":"ABSTAIN","dydx_157":"ABSTAIN","dydx_164":"NO","dydx_165":"YES","dydx_175":null,"dydx_176":null,"cluster_label":11},{"voter":"Pareto","dydx_6":"NO_VOTE","dydx_24":"YES","dydx_44":null,"dydx_47":"YES","dydx_48":"NO_VOTE","dydx_138":"NO_VOTE","dydx_142":"NO_VOTE","dydx_144":"NO_VOTE","dydx_154":"NO_VOTE","dydx_156":"NO_VOTE","dydx_157":"NO_VOTE","dydx_164":"NO","dydx_165":"YES","dydx_175":"NO_VOTE","dydx_176":"NO_VOTE","cluster_label":11},{"voter":"Sunsetting please redelegate Forbole","dydx_6":"NO_VOTE","dydx_24":"YES","dydx_44":null,"dydx_47":null,"dydx_48":"NO_VOTE","dydx_138":"NO_VOTE","dydx_142":"NO_VOTE","dydx_144":"NO_VOTE","dydx_154":"NO_VOTE","dydx_156":"NO_VOTE","dydx_157":"NO_VOTE","dydx_164":"NO_VOTE","dydx_165":"NO_VOTE","dydx_175":"NO_VOTE","dydx_176":"NO_VOTE","cluster_label":11},{"voter":"Crypto Learning Club  dYdX Validator","dydx_6":"NO_VOTE","dydx_24":"YES","dydx_44":"YES","dydx_47":"NO","dydx_48":"YES","dydx_138":"YES","dydx_142":"NO","dydx_144":"YES","dydx_154":"YES","dydx_156":"NO","dydx_157":"NO","dydx_164":"NO","dydx_165":"ABSTAIN","dydx_175":"YES","dydx_176":"ABSTAIN","cluster_label":11},{"voter":"Cosmic Nexus","dydx_6":"NO_VOTE","dydx_24":"YES","dydx_44":null,"dydx_47":null,"dydx_48":null,"dydx_138":"YES","dydx_142":"YES","dydx_144":"YES","dydx_154":"YES","dydx_156":"NO","dydx_157":"NO","dydx_164":"NO_VOTE","dydx_165":"NO_VOTE","dydx_175":"NO_VOTE","dydx_176":"NO_VOTE","cluster_label":11},{"voter":"BwareLabs","dydx_6":null,"dydx_24":"YES","dydx_44":null,"dydx_47":null,"dydx_48":null,"dydx_138":null,"dydx_142":null,"dydx_144":null,"dydx_154":null,"dydx_156":null,"dydx_157":null,"dydx_164":null,"dydx_165":null,"dydx_175":null,"dydx_176":null,"cluster_label":1},{"voter":"DragonStake ","dydx_6":null,"dydx_24":null,"dydx_44":null,"dydx_47":null,"dydx_48":null,"dydx_138":"YES","dydx_142":"NO","dydx_144":"YES","dydx_154":null,"dydx_156":"YES","dydx_157":"YES","dydx_164":"NO","dydx_165":"YES","dydx_175":"YES","dydx_176":"NO","cluster_label":11},{"voter":"StableLab","dydx_6":null,"dydx_24":"NO","dydx_44":"NO","dydx_47":"YES","dydx_48":"ABSTAIN","dydx_138":null,"dydx_142":null,"dydx_144":null,"dydx_154":null,"dydx_156":null,"dydx_157":null,"dydx_164":null,"dydx_165":null,"dydx_175":null,"dydx_176":null,"cluster_label":11},{"voter":"Staker Space","dydx_6":null,"dydx_24":"YES","dydx_44":null,"dydx_47":null,"dydx_48":null,"dydx_138":"NO_VOTE","dydx_142":"NO_VOTE","dydx_144":"NO_VOTE","dydx_154":"NO_VOTE","dydx_156":"NO_VOTE","dydx_157":"NO_VOTE","dydx_164":"NO_VOTE","dydx_165":"NO_VOTE","dydx_175":"NO_VOTE","dydx_176":"NO_VOTE","cluster_label":8},{"voter":"Ledger by Meria","dydx_6":null,"dydx_24":"ABSTAIN","dydx_44":"ABSTAIN","dydx_47":"ABSTAIN","dydx_48":"ABSTAIN","dydx_138":"ABSTAIN","dydx_142":"ABSTAIN","dydx_144":"ABSTAIN","dydx_154":"ABSTAIN","dydx_156":"ABSTAIN","dydx_157":"ABSTAIN","dydx_164":"ABSTAIN","dydx_165":"ABSTAIN","dydx_175":"ABSTAIN","dydx_176":"ABSTAIN","cluster_label":11},{"voter":"santorini","dydx_6":null,"dydx_24":"YES","dydx_44":"ABSTAIN","dydx_47":"NO","dydx_48":"NO","dydx_138":null,"dydx_142":null,"dydx_144":"ABSTAIN","dydx_154":null,"dydx_156":"ABSTAIN","dydx_157":"ABSTAIN","dydx_164":"NO","dydx_165":"ABSTAIN","dydx_175":null,"dydx_176":null,"cluster_label":11},{"voter":"Skycatcher","dydx_6":null,"dydx_24":null,"dydx_44":"YES","dydx_47":null,"dydx_48":null,"dydx_138":null,"dydx_142":null,"dydx_144":null,"dydx_154":null,"dydx_156":"NO","dydx_157":"YES","dydx_164":null,"dydx_165":null,"dydx_175":"YES","dydx_176":"YES","cluster_label":7},{"voter":"XMG Capital","dydx_6":null,"dydx_24":null,"dydx_44":"YES","dydx_47":"YES","dydx_48":"NO","dydx_138":"NO_VOTE","dydx_142":"NO_VOTE","dydx_144":null,"dydx_154":"NO_VOTE","dydx_156":null,"dydx_157":null,"dydx_164":null,"dydx_165":"NO_VOTE","dydx_175":"YES","dydx_176":"ABSTAIN","cluster_label":11},{"voter":"Nodeplus","dydx_6":null,"dydx_24":null,"dydx_44":"YES","dydx_47":"YES","dydx_48":"NO","dydx_138":"YES","dydx_142":"NO_VOTE","dydx_144":"YES","dydx_154":"YES","dydx_156":"ABSTAIN","dydx_157":"ABSTAIN","dydx_164":"NO","dydx_165":"YES","dydx_175":"YES","dydx_176":"YES","cluster_label":11},{"voter":"AUDITone","dydx_6":null,"dydx_24":null,"dydx_44":null,"dydx_47":null,"dydx_48":null,"dydx_138":null,"dydx_142":null,"dydx_144":null,"dydx_154":"NO_VOTE","dydx_156":null,"dydx_157":null,"dydx_164":null,"dydx_165":"NO_VOTE","dydx_175":null,"dydx_176":"NO_VOTE","cluster_label":1},{"voter":"Polychain","dydx_6":null,"dydx_24":null,"dydx_44":null,"dydx_47":null,"dydx_48":null,"dydx_138":null,"dydx_142":null,"dydx_144":null,"dydx_154":null,"dydx_156":"ABSTAIN","dydx_157":"ABSTAIN","dydx_164":"NO","dydx_165":null,"dydx_175":"YES","dydx_176":null,"cluster_label":11},{"voter":"OWALLET","dydx_6":null,"dydx_24":null,"dydx_44":null,"dydx_47":null,"dydx_48":null,"dydx_138":null,"dydx_142":null,"dydx_144":null,"dydx_154":null,"dydx_156":null,"dydx_157":null,"dydx_164":"NO","dydx_165":null,"dydx_175":"ABSTAIN","dydx_176":"YES","cluster_label":7}]