[{"voter":"Imperatorco","axelar_29":"YES","axelar_166":"NO_VOTE","axelar_167":"YES","axelar_168":"YES","axelar_169":"NO","axelar_170":"YES","axelar_171":"YES","axelar_172":"YES","axelar_174":"YES","axelar_178":"YES","axelar_188":"YES","axelar_190":"YES","axelar_191":"YES","axelar_192":"YES","axelar_193":"YES","axelar_194":"YES","axelar_196":"NO","axelar_199":"ABSTAIN","axelar_200":"NO","axelar_201":"NO","axelar_204":"YES","axelar_206":"NO","axelar_207":"ABSTAIN","axelar_208":"YES","axelar_209":"NO","axelar_211":"ABSTAIN","axelar_212":"ABSTAIN","axelar_213":"NO","axelar_215":"NO","axelar_216":"NO","axelar_217":"NO","axelar_218":"NO","axelar_219":"YES","axelar_220":"YES","axelar_222":"NO","axelar_223":"NO","axelar_239":"ABSTAIN","axelar_240":"ABSTAIN","axelar_241":"ABSTAIN","axelar_253":"YES","cluster_label":3},{"voter":" AutoStake  Slash Protected","axelar_29":"YES","axelar_166":"NO_VOTE","axelar_167":"YES","axelar_168":"NO_VOTE","axelar_169":"NO","axelar_170":"YES","axelar_171":"YES","axelar_172":"YES","axelar_174":"YES","axelar_178":"YES","axelar_188":"YES","axelar_190":"YES","axelar_191":"YES","axelar_192":"YES","axelar_193":"YES","axelar_194":"ABSTAIN","axelar_196":"ABSTAIN","axelar_199":"YES","axelar_200":"YES","axelar_201":"ABSTAIN","axelar_204":"YES","axelar_206":"ABSTAIN","axelar_207":"ABSTAIN","axelar_208":"YES","axelar_209":"NO","axelar_211":"ABSTAIN","axelar_212":"ABSTAIN","axelar_213":"ABSTAIN","axelar_215":"YES","axelar_216":"ABSTAIN","axelar_217":"ABSTAIN","axelar_218":"NO","axelar_219":"NO_VOTE","axelar_220":"ABSTAIN","axelar_222":"ABSTAIN","axelar_223":"ABSTAIN","axelar_239":"ABSTAIN","axelar_240":"ABSTAIN","axelar_241":"NO","axelar_253":"YES","cluster_label":3},{"voter":"BHarvest","axelar_29":"YES","axelar_166":null,"axelar_167":"YES","axelar_168":"YES","axelar_169":"YES","axelar_170":null,"axelar_171":"YES","axelar_172":"YES","axelar_174":null,"axelar_178":null,"axelar_188":"YES","axelar_190":"YES","axelar_191":"YES","axelar_192":"YES","axelar_193":"YES","axelar_194":null,"axelar_196":"YES","axelar_199":"YES","axelar_200":"NO","axelar_201":"YES","axelar_204":"YES","axelar_206":"YES","axelar_207":"YES","axelar_208":"YES","axelar_209":"YES","axelar_211":"YES","axelar_212":"YES","axelar_213":"YES","axelar_215":"YES","axelar_216":"YES","axelar_217":"YES","axelar_218":"YES","axelar_219":"YES","axelar_220":"YES","axelar_222":"YES","axelar_223":"YES","axelar_239":"YES","axelar_240":"YES","axelar_241":"YES","axelar_253":"YES","cluster_label":3},{"voter":"Provalidator","axelar_29":"YES","axelar_166":null,"axelar_167":"YES","axelar_168":null,"axelar_169":null,"axelar_170":null,"axelar_171":null,"axelar_172":null,"axelar_174":null,"axelar_178":null,"axelar_188":"YES","axelar_190":"YES","axelar_191":"YES","axelar_192":"YES","axelar_193":"YES","axelar_194":"YES","axelar_196":"ABSTAIN","axelar_199":"ABSTAIN","axelar_200":"ABSTAIN","axelar_201":"ABSTAIN","axelar_204":"YES","axelar_206":"ABSTAIN","axelar_207":"YES","axelar_208":"YES","axelar_209":"NO","axelar_211":"YES","axelar_212":"YES","axelar_213":"NO","axelar_215":"ABSTAIN","axelar_216":"YES","axelar_217":null,"axelar_218":"ABSTAIN","axelar_219":"YES","axelar_220":"ABSTAIN","axelar_222":"ABSTAIN","axelar_223":"ABSTAIN","axelar_239":"ABSTAIN","axelar_240":"YES","axelar_241":"ABSTAIN","axelar_253":"YES","cluster_label":3},{"voter":"Simply Staking","axelar_29":null,"axelar_166":null,"axelar_167":null,"axelar_168":"YES","axelar_169":"NO","axelar_170":null,"axelar_171":null,"axelar_172":null,"axelar_174":"ABSTAIN","axelar_178":null,"axelar_188":"YES","axelar_190":null,"axelar_191":null,"axelar_192":null,"axelar_193":null,"axelar_194":null,"axelar_196":null,"axelar_199":null,"axelar_200":null,"axelar_201":null,"axelar_204":null,"axelar_206":null,"axelar_207":null,"axelar_208":null,"axelar_209":null,"axelar_211":null,"axelar_212":null,"axelar_213":null,"axelar_215":null,"axelar_216":null,"axelar_217":null,"axelar_218":null,"axelar_219":null,"axelar_220":null,"axelar_222":null,"axelar_223":null,"axelar_239":null,"axelar_240":null,"axelar_241":null,"axelar_253":null,"cluster_label":3},{"voter":"StakeLabzone","axelar_29":"NO_VOTE","axelar_166":"NO_VOTE","axelar_167":"NO_VOTE","axelar_168":"NO_VOTE","axelar_169":"NO_VOTE","axelar_170":"YES","axelar_171":"YES","axelar_172":"NO_VOTE","axelar_174":"NO_VOTE","axelar_178":"NO_VOTE","axelar_188":"NO_VOTE","axelar_190":"NO_VOTE","axelar_191":"NO_VOTE","axelar_192":"YES","axelar_193":"NO_VOTE","axelar_194":"NO_VOTE","axelar_196":"YES","axelar_199":"YES","axelar_200":"ABSTAIN","axelar_201":"NO_VOTE","axelar_204":"YES","axelar_206":"NO_VOTE","axelar_207":"NO_VOTE","axelar_208":"NO_VOTE","axelar_209":"NO_VOTE","axelar_211":"NO_VOTE","axelar_212":"NO_VOTE","axelar_213":"NO_VOTE","axelar_215":"NO_VOTE","axelar_216":"NO_VOTE","axelar_217":"NO_VOTE","axelar_218":"NO","axelar_219":"NO_VOTE","axelar_220":"NO_VOTE","axelar_222":"NO_VOTE","axelar_223":"NO_VOTE","axelar_239":"NO_VOTE","axelar_240":"NO_VOTE","axelar_241":"NO_VOTE","axelar_253":"YES","cluster_label":3},{"voter":"Crosnest","axelar_29":null,"axelar_166":"YES","axelar_167":"YES","axelar_168":"YES","axelar_169":"YES","axelar_170":"YES","axelar_171":"YES","axelar_172":"YES","axelar_174":"YES","axelar_178":"YES","axelar_188":null,"axelar_190":"ABSTAIN","axelar_191":"YES","axelar_192":"YES","axelar_193":"YES","axelar_194":"YES","axelar_196":"ABSTAIN","axelar_199":"ABSTAIN","axelar_200":"ABSTAIN","axelar_201":"NO","axelar_204":"YES","axelar_206":"ABSTAIN","axelar_207":"ABSTAIN","axelar_208":"ABSTAIN","axelar_209":null,"axelar_211":"ABSTAIN","axelar_212":"YES","axelar_213":null,"axelar_215":"NO","axelar_216":"NO","axelar_217":"NO","axelar_218":"NO","axelar_219":null,"axelar_220":"NO","axelar_222":null,"axelar_223":null,"axelar_239":null,"axelar_240":"ABSTAIN","axelar_241":"ABSTAIN","axelar_253":"YES","cluster_label":3},{"voter":"KalpaTech","axelar_29":"YES","axelar_166":"NO_VOTE","axelar_167":"NO_VOTE","axelar_168":"NO_VOTE","axelar_169":"NO_VOTE","axelar_170":"NO_VOTE","axelar_171":"NO_VOTE","axelar_172":"NO_VOTE","axelar_174":"NO_VOTE","axelar_178":"NO_VOTE","axelar_188":"YES","axelar_190":"YES","axelar_191":null,"axelar_192":"NO_VOTE","axelar_193":"YES","axelar_194":"NO_VOTE","axelar_196":null,"axelar_199":"NO_VOTE","axelar_200":"NO_VOTE","axelar_201":"YES","axelar_204":"NO_VOTE","axelar_206":"YES","axelar_207":"NO_VOTE","axelar_208":"NO_VOTE","axelar_209":"NO_VOTE","axelar_211":"NO_VOTE","axelar_212":"NO_VOTE","axelar_213":"NO_VOTE","axelar_215":"NO_VOTE","axelar_216":"NO_VOTE","axelar_217":"NO_VOTE","axelar_218":"ABSTAIN","axelar_219":"NO_VOTE","axelar_220":"NO_VOTE","axelar_222":"NO_VOTE","axelar_223":"NO_VOTE","axelar_239":"ABSTAIN","axelar_240":"YES","axelar_241":"NO","axelar_253":"YES","cluster_label":3},{"voter":"Chorus One","axelar_29":"NO_VOTE","axelar_166":"YES","axelar_167":"YES","axelar_168":"NO_VOTE","axelar_169":"NO_VOTE","axelar_170":"YES","axelar_171":"YES","axelar_172":"YES","axelar_174":"YES","axelar_178":"YES","axelar_188":"YES","axelar_190":"YES","axelar_191":"YES","axelar_192":"YES","axelar_193":"YES","axelar_194":"YES","axelar_196":"YES","axelar_199":"YES","axelar_200":"NO","axelar_201":"ABSTAIN","axelar_204":"YES","axelar_206":"ABSTAIN","axelar_207":"YES","axelar_208":"YES","axelar_209":"NO","axelar_211":"ABSTAIN","axelar_212":"YES","axelar_213":"ABSTAIN","axelar_215":"ABSTAIN","axelar_216":"ABSTAIN","axelar_217":"ABSTAIN","axelar_218":"ABSTAIN","axelar_219":"YES","axelar_220":"NO","axelar_222":"NO","axelar_223":"NO","axelar_239":"ABSTAIN","axelar_240":"YES","axelar_241":"NO","axelar_253":"YES","cluster_label":3},{"voter":"Forbole","axelar_29":null,"axelar_166":null,"axelar_167":null,"axelar_168":null,"axelar_169":null,"axelar_170":null,"axelar_171":null,"axelar_172":null,"axelar_174":"ABSTAIN","axelar_178":null,"axelar_188":null,"axelar_190":null,"axelar_191":"YES","axelar_192":"YES","axelar_193":null,"axelar_194":null,"axelar_196":"ABSTAIN","axelar_199":"ABSTAIN","axelar_200":"ABSTAIN","axelar_201":null,"axelar_204":null,"axelar_206":null,"axelar_207":null,"axelar_208":"ABSTAIN","axelar_209":"NO","axelar_211":"ABSTAIN","axelar_212":"NO","axelar_213":null,"axelar_215":null,"axelar_216":null,"axelar_217":null,"axelar_218":"NO","axelar_219":null,"axelar_220":null,"axelar_222":"NO","axelar_223":"NO","axelar_239":"ABSTAIN","axelar_240":"ABSTAIN","axelar_241":"ABSTAIN","axelar_253":"ABSTAIN","cluster_label":3},{"voter":"Swiss Staking","axelar_29":"NO_VOTE","axelar_166":"NO_VOTE","axelar_167":"NO_VOTE","axelar_168":"NO_VOTE","axelar_169":"NO_VOTE","axelar_170":"NO_VOTE","axelar_171":"NO_VOTE","axelar_172":"NO_VOTE","axelar_174":"NO_VOTE","axelar_178":"NO_VOTE","axelar_188":"NO_VOTE","axelar_190":"NO_VOTE","axelar_191":"NO_VOTE","axelar_192":"NO_VOTE","axelar_193":"NO_VOTE","axelar_194":"NO_VOTE","axelar_196":null,"axelar_199":"NO_VOTE","axelar_200":"NO_VOTE","axelar_201":"NO_VOTE","axelar_204":"NO_VOTE","axelar_206":"NO_VOTE","axelar_207":"NO_VOTE","axelar_208":"NO_VOTE","axelar_209":"NO_VOTE","axelar_211":"NO_VOTE","axelar_212":"NO_VOTE","axelar_213":"NO_VOTE","axelar_215":"NO_VOTE","axelar_216":"NO_VOTE","axelar_217":"NO_VOTE","axelar_218":"NO_VOTE","axelar_219":"NO_VOTE","axelar_220":"NO_VOTE","axelar_222":"NO_VOTE","axelar_223":"NO_VOTE","axelar_239":"NO_VOTE","axelar_240":"NO_VOTE","axelar_241":"NO_VOTE","axelar_253":"NO_VOTE","cluster_label":3},{"voter":"POSTHUMAN  StakeDrop","axelar_29":"NO_VOTE","axelar_166":"NO_VOTE","axelar_167":"NO_VOTE","axelar_168":"NO_VOTE","axelar_169":"NO_VOTE","axelar_170":"YES","axelar_171":"YES","axelar_172":"NO_VOTE","axelar_174":"YES","axelar_178":"NO_VOTE","axelar_188":"YES","axelar_190":"NO_VOTE","axelar_191":"YES","axelar_192":"YES","axelar_193":"NO_VOTE","axelar_194":"NO_VOTE","axelar_196":"ABSTAIN","axelar_199":"YES","axelar_200":"NO","axelar_201":"NO_VOTE","axelar_204":"YES","axelar_206":"NO_VOTE","axelar_207":"NO_VOTE","axelar_208":"NO_VOTE","axelar_209":"NO_VOTE","axelar_211":"YES","axelar_212":"NO_VOTE","axelar_213":"NO_VOTE","axelar_215":"ABSTAIN","axelar_216":"ABSTAIN","axelar_217":"YES","axelar_218":"NO_VOTE","axelar_219":"NO_VOTE","axelar_220":"NO_VOTE","axelar_222":"YES","axelar_223":"ABSTAIN","axelar_239":"YES","axelar_240":"YES","axelar_241":"YES","axelar_253":"YES","cluster_label":3},{"voter":"0basevc","axelar_29":"YES","axelar_166":"YES","axelar_167":null,"axelar_168":"YES","axelar_169":"YES","axelar_170":"YES","axelar_171":"YES","axelar_172":"YES","axelar_174":null,"axelar_178":"YES","axelar_188":"YES","axelar_190":"YES","axelar_191":"YES","axelar_192":"YES","axelar_193":"YES","axelar_194":"YES","axelar_196":"ABSTAIN","axelar_199":"YES","axelar_200":"ABSTAIN","axelar_201":"NO","axelar_204":"YES","axelar_206":"YES","axelar_207":"YES","axelar_208":"YES","axelar_209":null,"axelar_211":"YES","axelar_212":"YES","axelar_213":"NO","axelar_215":"ABSTAIN","axelar_216":"YES","axelar_217":"ABSTAIN","axelar_218":"NO","axelar_219":"YES","axelar_220":"YES","axelar_222":"NO","axelar_223":"ABSTAIN","axelar_239":"ABSTAIN","axelar_240":"YES","axelar_241":"ABSTAIN","axelar_253":"YES","cluster_label":3},{"voter":"WhisperNode ","axelar_29":"YES","axelar_166":null,"axelar_167":null,"axelar_168":"YES","axelar_169":"YES","axelar_170":null,"axelar_171":null,"axelar_172":null,"axelar_174":null,"axelar_178":null,"axelar_188":"YES","axelar_190":"YES","axelar_191":"YES","axelar_192":"YES","axelar_193":null,"axelar_194":null,"axelar_196":null,"axelar_199":null,"axelar_200":null,"axelar_201":null,"axelar_204":null,"axelar_206":null,"axelar_207":null,"axelar_208":null,"axelar_209":null,"axelar_211":null,"axelar_212":null,"axelar_213":null,"axelar_215":"YES","axelar_216":null,"axelar_217":null,"axelar_218":"ABSTAIN","axelar_219":null,"axelar_220":"ABSTAIN","axelar_222":"YES","axelar_223":"YES","axelar_239":"YES","axelar_240":"YES","axelar_241":null,"axelar_253":null,"cluster_label":3},{"voter":"Node Guardians","axelar_29":"YES","axelar_166":null,"axelar_167":"YES","axelar_168":null,"axelar_169":"YES","axelar_170":"YES","axelar_171":"YES","axelar_172":"YES","axelar_174":"YES","axelar_178":"YES","axelar_188":"YES","axelar_190":"YES","axelar_191":"YES","axelar_192":"YES","axelar_193":"YES","axelar_194":"YES","axelar_196":"ABSTAIN","axelar_199":"ABSTAIN","axelar_200":"NO","axelar_201":"NO","axelar_204":"YES","axelar_206":"NO","axelar_207":"ABSTAIN","axelar_208":"YES","axelar_209":"NO","axelar_211":"ABSTAIN","axelar_212":"YES","axelar_213":null,"axelar_215":"NO","axelar_216":"YES","axelar_217":"NO","axelar_218":"NO","axelar_219":"YES","axelar_220":"ABSTAIN","axelar_222":"NO","axelar_223":"NO","axelar_239":"ABSTAIN","axelar_240":"ABSTAIN","axelar_241":"ABSTAIN","axelar_253":"YES","cluster_label":3},{"voter":"Figment","axelar_29":"YES","axelar_166":"YES","axelar_167":"NO_VOTE","axelar_168":"NO_VOTE","axelar_169":"NO_VOTE","axelar_170":"YES","axelar_171":"YES","axelar_172":"NO_VOTE","axelar_174":"NO_VOTE","axelar_178":"NO_VOTE","axelar_188":"NO_VOTE","axelar_190":"NO_VOTE","axelar_191":"NO_VOTE","axelar_192":"NO_VOTE","axelar_193":"NO_VOTE","axelar_194":"NO_VOTE","axelar_196":"NO_VOTE","axelar_199":"NO_VOTE","axelar_200":"NO_VOTE","axelar_201":"NO_VOTE","axelar_204":"NO_VOTE","axelar_206":"NO_VOTE","axelar_207":"NO_VOTE","axelar_208":"NO_VOTE","axelar_209":"NO_VOTE","axelar_211":"NO_VOTE","axelar_212":"NO_VOTE","axelar_213":"NO_VOTE","axelar_215":"NO_VOTE","axelar_216":"NO_VOTE","axelar_217":"NO_VOTE","axelar_218":"NO_VOTE","axelar_219":"NO_VOTE","axelar_220":"NO_VOTE","axelar_222":"NO_VOTE","axelar_223":"NO_VOTE","axelar_239":"NO_VOTE","axelar_240":"NO_VOTE","axelar_241":"NO_VOTE","axelar_253":"NO_VOTE","cluster_label":3},{"voter":"Tessellated","axelar_29":null,"axelar_166":"NO_VOTE","axelar_167":"NO_VOTE","axelar_168":"NO_VOTE","axelar_169":"YES","axelar_170":"YES","axelar_171":"YES","axelar_172":null,"axelar_174":"NO_VOTE","axelar_178":"YES","axelar_188":null,"axelar_190":null,"axelar_191":null,"axelar_192":"YES","axelar_193":"YES","axelar_194":null,"axelar_196":"NO","axelar_199":null,"axelar_200":null,"axelar_201":null,"axelar_204":null,"axelar_206":"YES","axelar_207":"YES","axelar_208":"YES","axelar_209":"NO","axelar_211":"YES","axelar_212":"YES","axelar_213":"NO","axelar_215":null,"axelar_216":"YES","axelar_217":"YES","axelar_218":"YES","axelar_219":"NO_VOTE","axelar_220":"YES","axelar_222":"YES","axelar_223":"YES","axelar_239":"YES","axelar_240":"YES","axelar_241":"NO","axelar_253":"YES","cluster_label":3},{"voter":"Citadelone","axelar_29":"YES","axelar_166":"NO_VOTE","axelar_167":"NO_VOTE","axelar_168":"NO_VOTE","axelar_169":"YES","axelar_170":"NO_VOTE","axelar_171":"NO_VOTE","axelar_172":"YES","axelar_174":"NO_VOTE","axelar_178":"NO_VOTE","axelar_188":"YES","axelar_190":"YES","axelar_191":"YES","axelar_192":"YES","axelar_193":"YES","axelar_194":"NO_VOTE","axelar_196":"NO","axelar_199":"ABSTAIN","axelar_200":"ABSTAIN","axelar_201":"NO","axelar_204":"YES","axelar_206":"ABSTAIN","axelar_207":"NO_VOTE","axelar_208":"YES","axelar_209":"NO","axelar_211":"NO_VOTE","axelar_212":"NO_VOTE","axelar_213":"NO_VOTE","axelar_215":"ABSTAIN","axelar_216":"ABSTAIN","axelar_217":"NO_VOTE","axelar_218":"NO","axelar_219":"NO_VOTE","axelar_220":"ABSTAIN","axelar_222":"ABSTAIN","axelar_223":"ABSTAIN","axelar_239":"YES","axelar_240":"ABSTAIN","axelar_241":"ABSTAIN","axelar_253":"YES","cluster_label":3},{"voter":"Informal Systems","axelar_29":null,"axelar_166":null,"axelar_167":null,"axelar_168":"YES","axelar_169":"YES","axelar_170":null,"axelar_171":"YES","axelar_172":null,"axelar_174":null,"axelar_178":null,"axelar_188":null,"axelar_190":null,"axelar_191":null,"axelar_192":"YES","axelar_193":null,"axelar_194":"YES","axelar_196":"NO","axelar_199":"YES","axelar_200":"NO","axelar_201":null,"axelar_204":null,"axelar_206":null,"axelar_207":"YES","axelar_208":"YES","axelar_209":null,"axelar_211":"YES","axelar_212":null,"axelar_213":null,"axelar_215":"ABSTAIN","axelar_216":"YES","axelar_217":null,"axelar_218":null,"axelar_219":null,"axelar_220":null,"axelar_222":null,"axelar_223":null,"axelar_239":null,"axelar_240":"YES","axelar_241":"NO","axelar_253":"YES","cluster_label":3},{"voter":"KingSuper","axelar_29":"YES","axelar_166":"YES","axelar_167":"YES","axelar_168":"YES","axelar_169":"YES","axelar_170":"YES","axelar_171":"YES","axelar_172":"YES","axelar_174":"YES","axelar_178":"YES","axelar_188":"YES","axelar_190":"YES","axelar_191":"YES","axelar_192":"YES","axelar_193":"YES","axelar_194":"YES","axelar_196":"ABSTAIN","axelar_199":"YES","axelar_200":"ABSTAIN","axelar_201":"YES","axelar_204":null,"axelar_206":"YES","axelar_207":"YES","axelar_208":null,"axelar_209":"NO","axelar_211":null,"axelar_212":null,"axelar_213":null,"axelar_215":null,"axelar_216":null,"axelar_217":null,"axelar_218":null,"axelar_219":null,"axelar_220":null,"axelar_222":null,"axelar_223":null,"axelar_239":null,"axelar_240":null,"axelar_241":null,"axelar_253":null,"cluster_label":1},{"voter":"Cosmostation","axelar_29":"YES","axelar_166":"YES","axelar_167":"YES","axelar_168":"YES","axelar_169":"YES","axelar_170":"YES","axelar_171":"NO_VOTE","axelar_172":"YES","axelar_174":"YES","axelar_178":"YES","axelar_188":"YES","axelar_190":"YES","axelar_191":"YES","axelar_192":"NO_VOTE","axelar_193":"YES","axelar_194":"YES","axelar_196":"YES","axelar_199":"ABSTAIN","axelar_200":"ABSTAIN","axelar_201":"ABSTAIN","axelar_204":"YES","axelar_206":"ABSTAIN","axelar_207":"YES","axelar_208":"YES","axelar_209":"NO","axelar_211":"YES","axelar_212":"YES","axelar_213":"ABSTAIN","axelar_215":"ABSTAIN","axelar_216":"ABSTAIN","axelar_217":"NO","axelar_218":"ABSTAIN","axelar_219":"YES","axelar_220":"ABSTAIN","axelar_222":"ABSTAIN","axelar_223":"ABSTAIN","axelar_239":"NO_VOTE","axelar_240":"YES","axelar_241":"NO","axelar_253":"YES","cluster_label":3},{"voter":"BlockHunters ","axelar_29":"YES","axelar_166":"YES","axelar_167":"NO_VOTE","axelar_168":"YES","axelar_169":"NO_VOTE","axelar_170":"YES","axelar_171":"YES","axelar_172":"YES","axelar_174":"YES","axelar_178":"NO_VOTE","axelar_188":"YES","axelar_190":"YES","axelar_191":"YES","axelar_192":"YES","axelar_193":"YES","axelar_194":"YES","axelar_196":"YES","axelar_199":"NO_VOTE","axelar_200":"NO_VOTE","axelar_201":"YES","axelar_204":"YES","axelar_206":"NO_VOTE","axelar_207":"NO_VOTE","axelar_208":"NO_VOTE","axelar_209":"NO_VOTE","axelar_211":"YES","axelar_212":"NO_VOTE","axelar_213":"NO_VOTE","axelar_215":"NO_VOTE","axelar_216":"NO_VOTE","axelar_217":"ABSTAIN","axelar_218":"ABSTAIN","axelar_219":"NO_VOTE","axelar_220":"NO_VOTE","axelar_222":"ABSTAIN","axelar_223":"YES","axelar_239":"NO_VOTE","axelar_240":"NO_VOTE","axelar_241":"NO_VOTE","axelar_253":"YES","cluster_label":7},{"voter":"Dora Factory","axelar_29":"NO_VOTE","axelar_166":"NO_VOTE","axelar_167":"NO_VOTE","axelar_168":"NO_VOTE","axelar_169":"NO_VOTE","axelar_170":"NO_VOTE","axelar_171":"NO_VOTE","axelar_172":"NO_VOTE","axelar_174":"NO_VOTE","axelar_178":"NO_VOTE","axelar_188":"NO_VOTE","axelar_190":"NO_VOTE","axelar_191":"NO_VOTE","axelar_192":"NO_VOTE","axelar_193":"NO_VOTE","axelar_194":"NO_VOTE","axelar_196":"NO_VOTE","axelar_199":"NO_VOTE","axelar_200":"NO_VOTE","axelar_201":"NO_VOTE","axelar_204":"NO_VOTE","axelar_206":"NO_VOTE","axelar_207":"NO_VOTE","axelar_208":"NO_VOTE","axelar_209":"NO_VOTE","axelar_211":null,"axelar_212":null,"axelar_213":null,"axelar_215":null,"axelar_216":null,"axelar_217":null,"axelar_218":null,"axelar_219":null,"axelar_220":null,"axelar_222":null,"axelar_223":null,"axelar_239":null,"axelar_240":null,"axelar_241":null,"axelar_253":null,"cluster_label":6},{"voter":"polkachucom","axelar_29":"YES","axelar_166":"YES","axelar_167":"YES","axelar_168":"YES","axelar_169":"NO","axelar_170":"YES","axelar_171":"YES","axelar_172":"YES","axelar_174":"YES","axelar_178":"YES","axelar_188":"YES","axelar_190":"YES","axelar_191":"YES","axelar_192":"YES","axelar_193":"YES","axelar_194":"YES","axelar_196":"NO","axelar_199":"YES","axelar_200":"NO","axelar_201":"NO","axelar_204":"YES","axelar_206":"NO","axelar_207":"YES","axelar_208":"YES","axelar_209":"NO","axelar_211":"YES","axelar_212":"YES","axelar_213":"NO","axelar_215":"NO","axelar_216":"NO","axelar_217":"NO","axelar_218":"YES","axelar_219":"YES","axelar_220":"NO","axelar_222":"NO","axelar_223":"NO","axelar_239":"NO","axelar_240":"YES","axelar_241":"NO","axelar_253":"YES","cluster_label":3},{"voter":"Meria","axelar_29":"NO_VOTE","axelar_166":"YES","axelar_167":"YES","axelar_168":"YES","axelar_169":"YES","axelar_170":"YES","axelar_171":"YES","axelar_172":"YES","axelar_174":"YES","axelar_178":"NO_VOTE","axelar_188":"YES","axelar_190":"YES","axelar_191":"YES","axelar_192":null,"axelar_193":"YES","axelar_194":"NO_VOTE","axelar_196":"ABSTAIN","axelar_199":"YES","axelar_200":"YES","axelar_201":"NO","axelar_204":"YES","axelar_206":"NO_VOTE","axelar_207":"ABSTAIN","axelar_208":"YES","axelar_209":"NO","axelar_211":"YES","axelar_212":"YES","axelar_213":"NO","axelar_215":"NO","axelar_216":"NO","axelar_217":"NO_VOTE","axelar_218":"NO","axelar_219":"NO_VOTE","axelar_220":"YES","axelar_222":"YES","axelar_223":"YES","axelar_239":"YES","axelar_240":"ABSTAIN","axelar_241":"NO","axelar_253":"YES","cluster_label":7},{"voter":"DSRV","axelar_29":"YES","axelar_166":null,"axelar_167":null,"axelar_168":"YES","axelar_169":null,"axelar_170":null,"axelar_171":null,"axelar_172":"YES","axelar_174":"ABSTAIN","axelar_178":null,"axelar_188":"YES","axelar_190":"YES","axelar_191":"YES","axelar_192":"YES","axelar_193":"YES","axelar_194":"YES","axelar_196":"ABSTAIN","axelar_199":"ABSTAIN","axelar_200":"NO","axelar_201":null,"axelar_204":null,"axelar_206":"ABSTAIN","axelar_207":null,"axelar_208":null,"axelar_209":"NO","axelar_211":"ABSTAIN","axelar_212":"YES","axelar_213":"NO","axelar_215":"NO","axelar_216":"YES","axelar_217":"NO","axelar_218":null,"axelar_219":"ABSTAIN","axelar_220":"NO","axelar_222":null,"axelar_223":"NO","axelar_239":null,"axelar_240":null,"axelar_241":null,"axelar_253":"YES","cluster_label":3},{"voter":"ChainLayer","axelar_29":"YES","axelar_166":"NO_VOTE","axelar_167":"YES","axelar_168":"NO_VOTE","axelar_169":"NO_VOTE","axelar_170":"NO_VOTE","axelar_171":"YES","axelar_172":"YES","axelar_174":"NO_VOTE","axelar_178":"YES","axelar_188":"YES","axelar_190":"YES","axelar_191":"YES","axelar_192":"YES","axelar_193":"YES","axelar_194":"YES","axelar_196":"ABSTAIN","axelar_199":"ABSTAIN","axelar_200":"ABSTAIN","axelar_201":"ABSTAIN","axelar_204":"YES","axelar_206":"YES","axelar_207":"YES","axelar_208":"NO_VOTE","axelar_209":"NO","axelar_211":"YES","axelar_212":"YES","axelar_213":"ABSTAIN","axelar_215":"ABSTAIN","axelar_216":"ABSTAIN","axelar_217":"NO_VOTE","axelar_218":"ABSTAIN","axelar_219":"ABSTAIN","axelar_220":"ABSTAIN","axelar_222":"ABSTAIN","axelar_223":"ABSTAIN","axelar_239":"ABSTAIN","axelar_240":"NO_VOTE","axelar_241":"NO_VOTE","axelar_253":"YES","cluster_label":3},{"voter":"ushakov","axelar_29":"YES","axelar_166":"YES","axelar_167":null,"axelar_168":null,"axelar_169":"NO","axelar_170":"YES","axelar_171":"YES","axelar_172":"YES","axelar_174":"YES","axelar_178":"YES","axelar_188":"YES","axelar_190":"YES","axelar_191":"YES","axelar_192":"ABSTAIN","axelar_193":"YES","axelar_194":"YES","axelar_196":"ABSTAIN","axelar_199":"YES","axelar_200":"YES","axelar_201":"YES","axelar_204":null,"axelar_206":"YES","axelar_207":"YES","axelar_208":null,"axelar_209":"YES","axelar_211":"YES","axelar_212":"YES","axelar_213":null,"axelar_215":"YES","axelar_216":"YES","axelar_217":"YES","axelar_218":"YES","axelar_219":null,"axelar_220":"YES","axelar_222":"YES","axelar_223":"YES","axelar_239":"YES","axelar_240":"YES","axelar_241":"YES","axelar_253":"YES","cluster_label":5},{"voter":"Staketab","axelar_29":"YES","axelar_166":"NO_VOTE","axelar_167":"NO_VOTE","axelar_168":"NO_VOTE","axelar_169":null,"axelar_170":"YES","axelar_171":null,"axelar_172":"YES","axelar_174":"NO_VOTE","axelar_178":"NO_VOTE","axelar_188":null,"axelar_190":"YES","axelar_191":null,"axelar_192":null,"axelar_193":null,"axelar_194":null,"axelar_196":"ABSTAIN","axelar_199":null,"axelar_200":null,"axelar_201":null,"axelar_204":"YES","axelar_206":null,"axelar_207":null,"axelar_208":"NO_VOTE","axelar_209":"NO_VOTE","axelar_211":null,"axelar_212":null,"axelar_213":"NO_VOTE","axelar_215":"YES","axelar_216":"YES","axelar_217":"NO_VOTE","axelar_218":"ABSTAIN","axelar_219":"NO_VOTE","axelar_220":null,"axelar_222":null,"axelar_223":null,"axelar_239":"ABSTAIN","axelar_240":null,"axelar_241":null,"axelar_253":null,"cluster_label":2},{"voter":"Everstake","axelar_29":"YES","axelar_166":"NO_VOTE","axelar_167":"YES","axelar_168":"NO_VOTE","axelar_169":"NO","axelar_170":"NO_VOTE","axelar_171":"YES","axelar_172":"NO_VOTE","axelar_174":"YES","axelar_178":"NO_VOTE","axelar_188":"NO_VOTE","axelar_190":"YES","axelar_191":"NO_VOTE","axelar_192":"NO_VOTE","axelar_193":"YES","axelar_194":"NO_VOTE","axelar_196":"ABSTAIN","axelar_199":"YES","axelar_200":"ABSTAIN","axelar_201":"ABSTAIN","axelar_204":"YES","axelar_206":"YES","axelar_207":"NO_VOTE","axelar_208":"NO_VOTE","axelar_209":"ABSTAIN","axelar_211":"NO_VOTE","axelar_212":"NO_VOTE","axelar_213":"NO_VOTE","axelar_215":"NO_VOTE","axelar_216":"NO_VOTE","axelar_217":"NO_VOTE","axelar_218":"NO_VOTE","axelar_219":"NO_VOTE","axelar_220":"ABSTAIN","axelar_222":"NO_VOTE","axelar_223":"NO_VOTE","axelar_239":"NO_VOTE","axelar_240":"YES","axelar_241":"ABSTAIN","axelar_253":"YES","cluster_label":6},{"voter":"Coinbase","axelar_29":"NO_VOTE","axelar_166":"NO_VOTE","axelar_167":"NO_VOTE","axelar_168":"NO_VOTE","axelar_169":"NO_VOTE","axelar_170":"NO_VOTE","axelar_171":"NO_VOTE","axelar_172":"NO_VOTE","axelar_174":"NO_VOTE","axelar_178":"NO_VOTE","axelar_188":"NO_VOTE","axelar_190":"NO_VOTE","axelar_191":"NO_VOTE","axelar_192":"NO_VOTE","axelar_193":"NO_VOTE","axelar_194":"NO_VOTE","axelar_196":"NO_VOTE","axelar_199":"NO_VOTE","axelar_200":"NO_VOTE","axelar_201":"NO_VOTE","axelar_204":"NO_VOTE","axelar_206":"NO_VOTE","axelar_207":"NO_VOTE","axelar_208":"NO_VOTE","axelar_209":"NO_VOTE","axelar_211":"NO_VOTE","axelar_212":"NO_VOTE","axelar_213":"NO_VOTE","axelar_215":"NO_VOTE","axelar_216":"NO_VOTE","axelar_217":"NO_VOTE","axelar_218":"NO_VOTE","axelar_219":"NO_VOTE","axelar_220":"NO_VOTE","axelar_222":"NO_VOTE","axelar_223":"NO_VOTE","axelar_239":"NO_VOTE","axelar_240":"NO_VOTE","axelar_241":"NO_VOTE","axelar_253":"NO_VOTE","cluster_label":3},{"voter":"Stakin","axelar_29":"YES","axelar_166":"YES","axelar_167":"YES","axelar_168":"YES","axelar_169":"NO","axelar_170":"YES","axelar_171":"YES","axelar_172":"YES","axelar_174":"ABSTAIN","axelar_178":"NO_VOTE","axelar_188":"YES","axelar_190":"YES","axelar_191":"YES","axelar_192":"YES","axelar_193":"YES","axelar_194":"YES","axelar_196":"YES","axelar_199":"YES","axelar_200":"YES","axelar_201":"YES","axelar_204":"YES","axelar_206":"YES","axelar_207":"YES","axelar_208":"YES","axelar_209":"NO","axelar_211":"ABSTAIN","axelar_212":"YES","axelar_213":"NO","axelar_215":"ABSTAIN","axelar_216":"ABSTAIN","axelar_217":"ABSTAIN","axelar_218":"ABSTAIN","axelar_219":"ABSTAIN","axelar_220":"ABSTAIN","axelar_222":"ABSTAIN","axelar_223":"ABSTAIN","axelar_239":"ABSTAIN","axelar_240":"ABSTAIN","axelar_241":"ABSTAIN","axelar_253":"ABSTAIN","cluster_label":7},{"voter":"Enigma","axelar_29":"YES","axelar_166":null,"axelar_167":"YES","axelar_168":"YES","axelar_169":"NO","axelar_170":"YES","axelar_171":"YES","axelar_172":null,"axelar_174":null,"axelar_178":null,"axelar_188":null,"axelar_190":null,"axelar_191":"YES","axelar_192":null,"axelar_193":null,"axelar_194":null,"axelar_196":"NO","axelar_199":"YES","axelar_200":"NO","axelar_201":"NO","axelar_204":"YES","axelar_206":"NO","axelar_207":null,"axelar_208":null,"axelar_209":null,"axelar_211":"ABSTAIN","axelar_212":"ABSTAIN","axelar_213":"NO","axelar_215":"YES","axelar_216":null,"axelar_217":null,"axelar_218":"ABSTAIN","axelar_219":null,"axelar_220":null,"axelar_222":"NO","axelar_223":"NO","axelar_239":null,"axelar_240":null,"axelar_241":"ABSTAIN","axelar_253":"YES","cluster_label":7},{"voter":"Stakewollecom  Autocompound","axelar_29":"YES","axelar_166":null,"axelar_167":"YES","axelar_168":null,"axelar_169":"YES","axelar_170":"YES","axelar_171":"YES","axelar_172":"YES","axelar_174":"YES","axelar_178":null,"axelar_188":null,"axelar_190":null,"axelar_191":"YES","axelar_192":"YES","axelar_193":"YES","axelar_194":"YES","axelar_196":"YES","axelar_199":"YES","axelar_200":"NO","axelar_201":"NO","axelar_204":"YES","axelar_206":"YES","axelar_207":"YES","axelar_208":"YES","axelar_209":"NO","axelar_211":"YES","axelar_212":"YES","axelar_213":"NO","axelar_215":"YES","axelar_216":"YES","axelar_217":"NO","axelar_218":"NO","axelar_219":"YES","axelar_220":"ABSTAIN","axelar_222":"NO","axelar_223":"YES","axelar_239":"YES","axelar_240":"YES","axelar_241":"NO","axelar_253":"YES","cluster_label":6},{"voter":"Validatriumcom","axelar_29":"YES","axelar_166":"YES","axelar_167":"YES","axelar_168":"YES","axelar_169":"YES","axelar_170":"YES","axelar_171":"YES","axelar_172":"YES","axelar_174":"YES","axelar_178":"YES","axelar_188":"YES","axelar_190":"YES","axelar_191":"YES","axelar_192":"YES","axelar_193":"YES","axelar_194":"YES","axelar_196":"YES","axelar_199":"YES","axelar_200":"NO","axelar_201":"NO","axelar_204":"YES","axelar_206":"ABSTAIN","axelar_207":"YES","axelar_208":"YES","axelar_209":"YES","axelar_211":"YES","axelar_212":"YES","axelar_213":"ABSTAIN","axelar_215":"ABSTAIN","axelar_216":"YES","axelar_217":null,"axelar_218":"ABSTAIN","axelar_219":"YES","axelar_220":"YES","axelar_222":"ABSTAIN","axelar_223":"ABSTAIN","axelar_239":null,"axelar_240":"YES","axelar_241":"NO","axelar_253":"YES","cluster_label":2},{"voter":"NodeMonster","axelar_29":"YES","axelar_166":"YES","axelar_167":"YES","axelar_168":"YES","axelar_169":"NO","axelar_170":"YES","axelar_171":"YES","axelar_172":"YES","axelar_174":"NO_VOTE","axelar_178":"YES","axelar_188":"YES","axelar_190":"YES","axelar_191":"YES","axelar_192":"YES","axelar_193":"YES","axelar_194":"YES","axelar_196":"YES","axelar_199":"YES","axelar_200":"ABSTAIN","axelar_201":"YES","axelar_204":"YES","axelar_206":"YES","axelar_207":"YES","axelar_208":"YES","axelar_209":"NO","axelar_211":"YES","axelar_212":"YES","axelar_213":"ABSTAIN","axelar_215":"YES","axelar_216":"YES","axelar_217":"NO","axelar_218":"NO","axelar_219":"YES","axelar_220":"ABSTAIN","axelar_222":"NO","axelar_223":"YES","axelar_239":"ABSTAIN","axelar_240":"YES","axelar_241":"ABSTAIN","axelar_253":"YES","cluster_label":2},{"voter":"DO NOT DELEGATE","axelar_29":"NO_VOTE","axelar_166":"NO_VOTE","axelar_167":"NO_VOTE","axelar_168":"NO_VOTE","axelar_169":"NO_VOTE","axelar_170":"NO_VOTE","axelar_171":"NO_VOTE","axelar_172":"NO_VOTE","axelar_174":"NO_VOTE","axelar_178":"NO_VOTE","axelar_188":"NO_VOTE","axelar_190":"NO_VOTE","axelar_191":"NO_VOTE","axelar_192":"NO_VOTE","axelar_193":"NO_VOTE","axelar_194":"NO_VOTE","axelar_196":"NO_VOTE","axelar_199":"NO_VOTE","axelar_200":"NO_VOTE","axelar_201":"NO_VOTE","axelar_204":"NO_VOTE","axelar_206":"NO_VOTE","axelar_207":"NO_VOTE","axelar_208":"NO_VOTE","axelar_209":"NO_VOTE","axelar_211":"NO_VOTE","axelar_212":"NO_VOTE","axelar_213":"NO_VOTE","axelar_215":"NO_VOTE","axelar_216":"NO_VOTE","axelar_217":"NO_VOTE","axelar_218":"NO_VOTE","axelar_219":"NO_VOTE","axelar_220":"NO_VOTE","axelar_222":"NO_VOTE","axelar_223":"NO_VOTE","axelar_239":"NO_VOTE","axelar_240":"NO_VOTE","axelar_241":"NO_VOTE","axelar_253":"NO_VOTE","cluster_label":2},{"voter":"MantiCore","axelar_29":"NO_VOTE","axelar_166":"NO_VOTE","axelar_167":"NO_VOTE","axelar_168":"NO_VOTE","axelar_169":"NO_VOTE","axelar_170":"NO_VOTE","axelar_171":"NO_VOTE","axelar_172":"NO_VOTE","axelar_174":"NO_VOTE","axelar_178":"NO_VOTE","axelar_188":"NO_VOTE","axelar_190":"NO_VOTE","axelar_191":"NO_VOTE","axelar_192":"NO_VOTE","axelar_193":"NO_VOTE","axelar_194":"NO_VOTE","axelar_196":null,"axelar_199":"NO_VOTE","axelar_200":"NO_VOTE","axelar_201":"NO_VOTE","axelar_204":"NO_VOTE","axelar_206":"NO_VOTE","axelar_207":"NO_VOTE","axelar_208":"NO_VOTE","axelar_209":"NO_VOTE","axelar_211":"NO_VOTE","axelar_212":"NO_VOTE","axelar_213":"NO_VOTE","axelar_215":"NO_VOTE","axelar_216":"NO_VOTE","axelar_217":"NO_VOTE","axelar_218":"NO_VOTE","axelar_219":"NO_VOTE","axelar_220":"NO_VOTE","axelar_222":"NO_VOTE","axelar_223":"NO_VOTE","axelar_239":"NO_VOTE","axelar_240":"NO_VOTE","axelar_241":"NO_VOTE","axelar_253":"NO_VOTE","cluster_label":2},{"voter":"Inter Blockchain Services","axelar_29":"YES","axelar_166":"YES","axelar_167":"NO_VOTE","axelar_168":"NO_VOTE","axelar_169":"NO","axelar_170":"NO_VOTE","axelar_171":"YES","axelar_172":"YES","axelar_174":"NO_VOTE","axelar_178":"NO_VOTE","axelar_188":"YES","axelar_190":"YES","axelar_191":"YES","axelar_192":"YES","axelar_193":"YES","axelar_194":"YES","axelar_196":"ABSTAIN","axelar_199":"ABSTAIN","axelar_200":"NO","axelar_201":"NO_VOTE","axelar_204":"YES","axelar_206":"NO_VOTE","axelar_207":"YES","axelar_208":"NO_VOTE","axelar_209":"NO","axelar_211":"YES","axelar_212":"YES","axelar_213":"NO_VOTE","axelar_215":"YES","axelar_216":"YES","axelar_217":"NO_VOTE","axelar_218":"NO","axelar_219":"NO_VOTE","axelar_220":"YES","axelar_222":"NO","axelar_223":"YES","axelar_239":"YES","axelar_240":"YES","axelar_241":"ABSTAIN","axelar_253":"YES","cluster_label":5},{"voter":"3venturesio  autocompound via reStake","axelar_29":"NO_VOTE","axelar_166":"NO_VOTE","axelar_167":"NO_VOTE","axelar_168":"NO_VOTE","axelar_169":"NO_VOTE","axelar_170":"NO_VOTE","axelar_171":"NO_VOTE","axelar_172":"NO_VOTE","axelar_174":"NO_VOTE","axelar_178":"NO_VOTE","axelar_188":"NO_VOTE","axelar_190":"NO_VOTE","axelar_191":"NO_VOTE","axelar_192":"NO_VOTE","axelar_193":"NO_VOTE","axelar_194":"NO_VOTE","axelar_196":null,"axelar_199":"NO_VOTE","axelar_200":"NO_VOTE","axelar_201":"NO_VOTE","axelar_204":"NO_VOTE","axelar_206":"NO_VOTE","axelar_207":"NO_VOTE","axelar_208":"NO_VOTE","axelar_209":"NO_VOTE","axelar_211":"NO_VOTE","axelar_212":"NO_VOTE","axelar_213":"NO_VOTE","axelar_215":"NO_VOTE","axelar_216":"NO_VOTE","axelar_217":"NO_VOTE","axelar_218":"NO_VOTE","axelar_219":"NO_VOTE","axelar_220":"NO_VOTE","axelar_222":"NO_VOTE","axelar_223":"NO_VOTE","axelar_239":"NO_VOTE","axelar_240":"NO_VOTE","axelar_241":"NO_VOTE","axelar_253":"NO_VOTE","cluster_label":2},{"voter":"ValiDAO","axelar_29":null,"axelar_166":null,"axelar_167":null,"axelar_168":null,"axelar_169":null,"axelar_170":null,"axelar_171":null,"axelar_172":null,"axelar_174":null,"axelar_178":null,"axelar_188":null,"axelar_190":null,"axelar_191":"YES","axelar_192":"YES","axelar_193":"YES","axelar_194":null,"axelar_196":"YES","axelar_199":null,"axelar_200":null,"axelar_201":null,"axelar_204":null,"axelar_206":null,"axelar_207":null,"axelar_208":null,"axelar_209":null,"axelar_211":null,"axelar_212":null,"axelar_213":null,"axelar_215":null,"axelar_216":null,"axelar_217":null,"axelar_218":"YES","axelar_219":"YES","axelar_220":"YES","axelar_222":"YES","axelar_223":"YES","axelar_239":"YES","axelar_240":"YES","axelar_241":"YES","axelar_253":null,"cluster_label":2},{"voter":"ChainodeTech","axelar_29":"YES","axelar_166":null,"axelar_167":null,"axelar_168":"YES","axelar_169":"NO","axelar_170":"YES","axelar_171":"YES","axelar_172":null,"axelar_174":"ABSTAIN","axelar_178":"ABSTAIN","axelar_188":"YES","axelar_190":"YES","axelar_191":"YES","axelar_192":null,"axelar_193":"YES","axelar_194":"YES","axelar_196":"ABSTAIN","axelar_199":null,"axelar_200":null,"axelar_201":"NO","axelar_204":"YES","axelar_206":null,"axelar_207":"YES","axelar_208":null,"axelar_209":null,"axelar_211":null,"axelar_212":null,"axelar_213":null,"axelar_215":"YES","axelar_216":null,"axelar_217":null,"axelar_218":"NO","axelar_219":null,"axelar_220":"NO","axelar_222":"NO","axelar_223":"NO","axelar_239":"YES","axelar_240":"YES","axelar_241":"NO","axelar_253":"ABSTAIN","cluster_label":5},{"voter":"Anonstake","axelar_29":"NO_VOTE","axelar_166":"NO_VOTE","axelar_167":"NO_VOTE","axelar_168":"NO_VOTE","axelar_169":"NO_VOTE","axelar_170":"NO_VOTE","axelar_171":"NO_VOTE","axelar_172":"NO_VOTE","axelar_174":"NO_VOTE","axelar_178":"NO_VOTE","axelar_188":"NO_VOTE","axelar_190":"NO_VOTE","axelar_191":"NO_VOTE","axelar_192":"NO_VOTE","axelar_193":"NO_VOTE","axelar_194":"NO_VOTE","axelar_196":"NO_VOTE","axelar_199":"NO_VOTE","axelar_200":"NO_VOTE","axelar_201":"NO_VOTE","axelar_204":"NO_VOTE","axelar_206":"NO_VOTE","axelar_207":"NO_VOTE","axelar_208":"NO_VOTE","axelar_209":"NO_VOTE","axelar_211":"NO_VOTE","axelar_212":"NO_VOTE","axelar_213":"NO_VOTE","axelar_215":"NO_VOTE","axelar_216":"NO_VOTE","axelar_217":"NO_VOTE","axelar_218":"NO_VOTE","axelar_219":"NO_VOTE","axelar_220":"NO_VOTE","axelar_222":"NO_VOTE","axelar_223":"NO_VOTE","axelar_239":"NO_VOTE","axelar_240":"NO_VOTE","axelar_241":"NO_VOTE","axelar_253":"NO_VOTE","cluster_label":2},{"voter":"50 Validator  Airdrop","axelar_29":null,"axelar_166":null,"axelar_167":null,"axelar_168":null,"axelar_169":null,"axelar_170":null,"axelar_171":null,"axelar_172":null,"axelar_174":null,"axelar_178":null,"axelar_188":null,"axelar_190":null,"axelar_191":null,"axelar_192":"YES","axelar_193":null,"axelar_194":null,"axelar_196":null,"axelar_199":null,"axelar_200":null,"axelar_201":null,"axelar_204":null,"axelar_206":null,"axelar_207":null,"axelar_208":null,"axelar_209":null,"axelar_211":null,"axelar_212":null,"axelar_213":null,"axelar_215":null,"axelar_216":null,"axelar_217":null,"axelar_218":null,"axelar_219":null,"axelar_220":null,"axelar_222":null,"axelar_223":null,"axelar_239":null,"axelar_240":null,"axelar_241":null,"axelar_253":null,"cluster_label":4},{"voter":"TTT ","axelar_29":"NO_VOTE","axelar_166":"NO_VOTE","axelar_167":"NO_VOTE","axelar_168":"NO_VOTE","axelar_169":"NO_VOTE","axelar_170":"NO_VOTE","axelar_171":null,"axelar_172":"NO_VOTE","axelar_174":"NO_VOTE","axelar_178":"NO_VOTE","axelar_188":"NO_VOTE","axelar_190":null,"axelar_191":"YES","axelar_192":null,"axelar_193":"YES","axelar_194":"YES","axelar_196":"YES","axelar_199":"YES","axelar_200":"YES","axelar_201":"YES","axelar_204":"NO_VOTE","axelar_206":"YES","axelar_207":"NO_VOTE","axelar_208":"YES","axelar_209":"NO_VOTE","axelar_211":"YES","axelar_212":"YES","axelar_213":"NO","axelar_215":"YES","axelar_216":"NO_VOTE","axelar_217":"YES","axelar_218":null,"axelar_219":null,"axelar_220":null,"axelar_222":null,"axelar_223":null,"axelar_239":null,"axelar_240":null,"axelar_241":null,"axelar_253":null,"cluster_label":7},{"voter":"bitszn","axelar_29":"YES","axelar_166":"YES","axelar_167":"YES","axelar_168":"YES","axelar_169":"YES","axelar_170":"YES","axelar_171":"ABSTAIN","axelar_172":"YES","axelar_174":"YES","axelar_178":"YES","axelar_188":"YES","axelar_190":"YES","axelar_191":"YES","axelar_192":"YES","axelar_193":"YES","axelar_194":"YES","axelar_196":"ABSTAIN","axelar_199":"ABSTAIN","axelar_200":"NO","axelar_201":"NO","axelar_204":"YES","axelar_206":"NO","axelar_207":"YES","axelar_208":"YES","axelar_209":"NO","axelar_211":"NO","axelar_212":"NO","axelar_213":"NO","axelar_215":"NO","axelar_216":"ABSTAIN","axelar_217":"NO","axelar_218":"NO","axelar_219":"ABSTAIN","axelar_220":"NO","axelar_222":"NO_WITH_VETO","axelar_223":"NO","axelar_239":"NO","axelar_240":"YES","axelar_241":"NO","axelar_253":"NO_VOTE","cluster_label":7},{"voter":"Nodiums","axelar_29":"YES","axelar_166":"YES","axelar_167":"YES","axelar_168":"YES","axelar_169":"YES","axelar_170":"YES","axelar_171":"YES","axelar_172":"YES","axelar_174":"YES","axelar_178":"YES","axelar_188":"YES","axelar_190":"YES","axelar_191":"YES","axelar_192":"YES","axelar_193":"YES","axelar_194":"YES","axelar_196":"NO","axelar_199":"YES","axelar_200":"NO","axelar_201":"NO","axelar_204":"YES","axelar_206":"NO","axelar_207":"YES","axelar_208":"YES","axelar_209":"NO","axelar_211":"ABSTAIN","axelar_212":"NO","axelar_213":"NO","axelar_215":"ABSTAIN","axelar_216":"ABSTAIN","axelar_217":"NO","axelar_218":"ABSTAIN","axelar_219":"NO","axelar_220":"NO","axelar_222":"NO","axelar_223":"NO","axelar_239":"NO","axelar_240":"ABSTAIN","axelar_241":"NO","axelar_253":"NO_VOTE","cluster_label":7},{"voter":"Kiln","axelar_29":"NO_VOTE","axelar_166":"NO_VOTE","axelar_167":"NO_VOTE","axelar_168":"NO_VOTE","axelar_169":"NO_VOTE","axelar_170":"NO_VOTE","axelar_171":"NO_VOTE","axelar_172":"NO_VOTE","axelar_174":"NO_VOTE","axelar_178":"NO_VOTE","axelar_188":"NO_VOTE","axelar_190":"NO_VOTE","axelar_191":"NO_VOTE","axelar_192":"NO_VOTE","axelar_193":"NO_VOTE","axelar_194":"NO_VOTE","axelar_196":"NO_VOTE","axelar_199":"NO_VOTE","axelar_200":"NO_VOTE","axelar_201":"NO_VOTE","axelar_204":"NO_VOTE","axelar_206":"NO_VOTE","axelar_207":"NO_VOTE","axelar_208":"NO_VOTE","axelar_209":"NO_VOTE","axelar_211":"NO_VOTE","axelar_212":"NO_VOTE","axelar_213":"NO_VOTE","axelar_215":"NO_VOTE","axelar_216":"NO_VOTE","axelar_217":"NO_VOTE","axelar_218":"NO_VOTE","axelar_219":"NO_VOTE","axelar_220":"NO_VOTE","axelar_222":"NO_VOTE","axelar_223":"NO_VOTE","axelar_239":"NO_VOTE","axelar_240":"NO_VOTE","axelar_241":"NO_VOTE","axelar_253":"NO_VOTE","cluster_label":6},{"voter":"Flipside","axelar_29":"YES","axelar_166":"YES","axelar_167":null,"axelar_168":"YES","axelar_169":"YES","axelar_170":"YES","axelar_171":"YES","axelar_172":"YES","axelar_174":"YES","axelar_178":null,"axelar_188":null,"axelar_190":null,"axelar_191":"YES","axelar_192":"YES","axelar_193":"YES","axelar_194":"YES","axelar_196":"YES","axelar_199":"YES","axelar_200":"YES","axelar_201":null,"axelar_204":"YES","axelar_206":"YES","axelar_207":null,"axelar_208":null,"axelar_209":"YES","axelar_211":null,"axelar_212":null,"axelar_213":null,"axelar_215":"YES","axelar_216":"YES","axelar_217":null,"axelar_218":null,"axelar_219":null,"axelar_220":"ABSTAIN","axelar_222":null,"axelar_223":"ABSTAIN","axelar_239":null,"axelar_240":null,"axelar_241":null,"axelar_253":null,"cluster_label":7},{"voter":"Crypto Lion","axelar_29":null,"axelar_166":null,"axelar_167":null,"axelar_168":null,"axelar_169":null,"axelar_170":null,"axelar_171":"YES","axelar_172":"YES","axelar_174":null,"axelar_178":null,"axelar_188":null,"axelar_190":null,"axelar_191":null,"axelar_192":null,"axelar_193":null,"axelar_194":null,"axelar_196":null,"axelar_199":null,"axelar_200":null,"axelar_201":null,"axelar_204":null,"axelar_206":null,"axelar_207":null,"axelar_208":null,"axelar_209":null,"axelar_211":null,"axelar_212":null,"axelar_213":null,"axelar_215":null,"axelar_216":null,"axelar_217":null,"axelar_218":null,"axelar_219":null,"axelar_220":null,"axelar_222":null,"axelar_223":null,"axelar_239":null,"axelar_240":null,"axelar_241":null,"axelar_253":null,"cluster_label":7},{"voter":"Validation Cloud","axelar_29":"NO_VOTE","axelar_166":"NO_VOTE","axelar_167":"NO_VOTE","axelar_168":"NO_VOTE","axelar_169":"NO_VOTE","axelar_170":"NO_VOTE","axelar_171":"NO_VOTE","axelar_172":"NO_VOTE","axelar_174":"NO_VOTE","axelar_178":"NO_VOTE","axelar_188":"NO_VOTE","axelar_190":"NO_VOTE","axelar_191":"NO_VOTE","axelar_192":"NO_VOTE","axelar_193":"NO_VOTE","axelar_194":"NO_VOTE","axelar_196":"NO_VOTE","axelar_199":"NO_VOTE","axelar_200":"NO_VOTE","axelar_201":"NO_VOTE","axelar_204":"NO_VOTE","axelar_206":"NO_VOTE","axelar_207":"NO_VOTE","axelar_208":"NO_VOTE","axelar_209":"NO_VOTE","axelar_211":"NO_VOTE","axelar_212":"NO_VOTE","axelar_213":"NO_VOTE","axelar_215":"NO_VOTE","axelar_216":"NO_VOTE","axelar_217":"NO_VOTE","axelar_218":"NO_VOTE","axelar_219":"NO_VOTE","axelar_220":"NO_VOTE","axelar_222":"NO_VOTE","axelar_223":"NO_VOTE","axelar_239":"NO_VOTE","axelar_240":"NO_VOTE","axelar_241":"NO_VOTE","axelar_253":"NO_VOTE","cluster_label":2},{"voter":"BwareLabs","axelar_29":null,"axelar_166":null,"axelar_167":"YES","axelar_168":"YES","axelar_169":null,"axelar_170":"YES","axelar_171":"YES","axelar_172":"YES","axelar_174":null,"axelar_178":"YES","axelar_188":"YES","axelar_190":"YES","axelar_191":"YES","axelar_192":null,"axelar_193":"YES","axelar_194":null,"axelar_196":"YES","axelar_199":"YES","axelar_200":"NO","axelar_201":"YES","axelar_204":"YES","axelar_206":"YES","axelar_207":"YES","axelar_208":"YES","axelar_209":"NO","axelar_211":"YES","axelar_212":"YES","axelar_213":null,"axelar_215":"ABSTAIN","axelar_216":"ABSTAIN","axelar_217":null,"axelar_218":null,"axelar_219":"YES","axelar_220":"ABSTAIN","axelar_222":null,"axelar_223":null,"axelar_239":null,"axelar_240":null,"axelar_241":null,"axelar_253":"YES","cluster_label":6},{"voter":" CryptoCrew Validators IBCgang","axelar_29":"NO_VOTE","axelar_166":"NO_VOTE","axelar_167":"NO_VOTE","axelar_168":"NO_VOTE","axelar_169":"NO_VOTE","axelar_170":"NO_VOTE","axelar_171":"NO_VOTE","axelar_172":"NO_VOTE","axelar_174":"NO_VOTE","axelar_178":"NO_VOTE","axelar_188":"NO_VOTE","axelar_190":"ABSTAIN","axelar_191":"ABSTAIN","axelar_192":"ABSTAIN","axelar_193":"ABSTAIN","axelar_194":"NO_VOTE","axelar_196":"NO","axelar_199":"ABSTAIN","axelar_200":"ABSTAIN","axelar_201":"ABSTAIN","axelar_204":"ABSTAIN","axelar_206":"ABSTAIN","axelar_207":"ABSTAIN","axelar_208":"NO_VOTE","axelar_209":"ABSTAIN","axelar_211":"NO","axelar_212":"ABSTAIN","axelar_213":"NO","axelar_215":"ABSTAIN","axelar_216":"ABSTAIN","axelar_217":"ABSTAIN","axelar_218":"ABSTAIN","axelar_219":"NO_VOTE","axelar_220":"NO_VOTE","axelar_222":"ABSTAIN","axelar_223":"ABSTAIN","axelar_239":"ABSTAIN","axelar_240":"ABSTAIN","axelar_241":"NO_VOTE","axelar_253":"NO_VOTE","cluster_label":0},{"voter":"Synergy Nodes","axelar_29":"YES","axelar_166":"NO_VOTE","axelar_167":"YES","axelar_168":"NO_VOTE","axelar_169":"NO_VOTE","axelar_170":"NO_VOTE","axelar_171":"YES","axelar_172":"YES","axelar_174":"YES","axelar_178":"YES","axelar_188":"YES","axelar_190":"YES","axelar_191":"YES","axelar_192":"YES","axelar_193":"YES","axelar_194":"YES","axelar_196":"YES","axelar_199":"YES","axelar_200":"ABSTAIN","axelar_201":"ABSTAIN","axelar_204":"YES","axelar_206":"NO_VOTE","axelar_207":"NO_VOTE","axelar_208":"NO_VOTE","axelar_209":"ABSTAIN","axelar_211":"YES","axelar_212":"ABSTAIN","axelar_213":"NO","axelar_215":"ABSTAIN","axelar_216":"YES","axelar_217":"NO_VOTE","axelar_218":"ABSTAIN","axelar_219":"ABSTAIN","axelar_220":"ABSTAIN","axelar_222":"YES","axelar_223":"YES","axelar_239":"YES","axelar_240":"YES","axelar_241":"YES","axelar_253":"YES","cluster_label":6},{"voter":"QuantNode","axelar_29":"YES","axelar_166":"YES","axelar_167":"YES","axelar_168":"YES","axelar_169":"NO","axelar_170":"YES","axelar_171":"YES","axelar_172":"NO_VOTE","axelar_174":"YES","axelar_178":"YES","axelar_188":"YES","axelar_190":"NO_VOTE","axelar_191":"YES","axelar_192":null,"axelar_193":"YES","axelar_194":"NO_VOTE","axelar_196":"NO","axelar_199":"NO_VOTE","axelar_200":"NO","axelar_201":"NO","axelar_204":"NO_VOTE","axelar_206":"NO_VOTE","axelar_207":"YES","axelar_208":"NO_VOTE","axelar_209":"NO_VOTE","axelar_211":"ABSTAIN","axelar_212":"YES","axelar_213":"NO_VOTE","axelar_215":"NO","axelar_216":"ABSTAIN","axelar_217":"NO","axelar_218":"NO","axelar_219":"YES","axelar_220":"NO","axelar_222":"NO","axelar_223":"NO","axelar_239":"YES","axelar_240":"YES","axelar_241":"NO_VOTE","axelar_253":"NO_VOTE","cluster_label":2},{"voter":"Lets Node  1package","axelar_29":"YES","axelar_166":"YES","axelar_167":"YES","axelar_168":"YES","axelar_169":"NO","axelar_170":null,"axelar_171":null,"axelar_172":"YES","axelar_174":"YES","axelar_178":"YES","axelar_188":"YES","axelar_190":"YES","axelar_191":"YES","axelar_192":"YES","axelar_193":"YES","axelar_194":"YES","axelar_196":"ABSTAIN","axelar_199":"YES","axelar_200":"NO","axelar_201":"NO","axelar_204":"YES","axelar_206":"YES","axelar_207":"YES","axelar_208":"YES","axelar_209":"NO","axelar_211":"YES","axelar_212":"YES","axelar_213":"NO","axelar_215":"ABSTAIN","axelar_216":"ABSTAIN","axelar_217":"NO","axelar_218":"NO","axelar_219":"YES","axelar_220":"ABSTAIN","axelar_222":"NO","axelar_223":"ABSTAIN","axelar_239":"ABSTAIN","axelar_240":"YES","axelar_241":"ABSTAIN","axelar_253":"YES","cluster_label":2},{"voter":"P2PORG Validator","axelar_29":"YES","axelar_166":"YES","axelar_167":"YES","axelar_168":"YES","axelar_169":"YES","axelar_170":"YES","axelar_171":null,"axelar_172":"YES","axelar_174":null,"axelar_178":null,"axelar_188":"YES","axelar_190":"YES","axelar_191":"YES","axelar_192":null,"axelar_193":"YES","axelar_194":"YES","axelar_196":"NO","axelar_199":null,"axelar_200":null,"axelar_201":null,"axelar_204":null,"axelar_206":null,"axelar_207":"YES","axelar_208":null,"axelar_209":"ABSTAIN","axelar_211":"YES","axelar_212":"YES","axelar_213":"NO","axelar_215":"YES","axelar_216":"ABSTAIN","axelar_217":null,"axelar_218":"ABSTAIN","axelar_219":null,"axelar_220":"ABSTAIN","axelar_222":"ABSTAIN","axelar_223":"YES","axelar_239":null,"axelar_240":null,"axelar_241":null,"axelar_253":null,"cluster_label":2},{"voter":"LunaNova","axelar_29":"YES","axelar_166":"NO_VOTE","axelar_167":"YES","axelar_168":"NO_VOTE","axelar_169":"NO_VOTE","axelar_170":"YES","axelar_171":"YES","axelar_172":"YES","axelar_174":"YES","axelar_178":"YES","axelar_188":"YES","axelar_190":"YES","axelar_191":"YES","axelar_192":"YES","axelar_193":"YES","axelar_194":"NO_VOTE","axelar_196":"YES","axelar_199":"NO_VOTE","axelar_200":"NO_VOTE","axelar_201":"YES","axelar_204":"YES","axelar_206":"YES","axelar_207":"YES","axelar_208":"YES","axelar_209":"NO_VOTE","axelar_211":"YES","axelar_212":"NO_VOTE","axelar_213":"NO_VOTE","axelar_215":"YES","axelar_216":"YES","axelar_217":"YES","axelar_218":"YES","axelar_219":"NO_VOTE","axelar_220":"YES","axelar_222":"YES","axelar_223":"YES","axelar_239":"YES","axelar_240":"YES","axelar_241":"NO_VOTE","axelar_253":"YES","cluster_label":2},{"voter":"CoinHippo","axelar_29":"YES","axelar_166":"NO_VOTE","axelar_167":"YES","axelar_168":"YES","axelar_169":"NO_VOTE","axelar_170":"NO_VOTE","axelar_171":"YES","axelar_172":"NO_VOTE","axelar_174":"NO_VOTE","axelar_178":"NO_VOTE","axelar_188":"YES","axelar_190":"YES","axelar_191":"YES","axelar_192":"YES","axelar_193":"YES","axelar_194":"YES","axelar_196":"YES","axelar_199":"NO_VOTE","axelar_200":"NO_VOTE","axelar_201":"YES","axelar_204":"NO_VOTE","axelar_206":"YES","axelar_207":"YES","axelar_208":"NO_VOTE","axelar_209":"NO_VOTE","axelar_211":"YES","axelar_212":"NO_VOTE","axelar_213":"NO_VOTE","axelar_215":"YES","axelar_216":"NO_VOTE","axelar_217":"NO_VOTE","axelar_218":"YES","axelar_219":"NO_VOTE","axelar_220":"YES","axelar_222":"NO_VOTE","axelar_223":"YES","axelar_239":"NO_VOTE","axelar_240":"YES","axelar_241":"NO_VOTE","axelar_253":"NO_VOTE","cluster_label":2},{"voter":"Contribution DAO","axelar_29":"YES","axelar_166":null,"axelar_167":"YES","axelar_168":null,"axelar_169":"NO","axelar_170":"YES","axelar_171":"YES","axelar_172":null,"axelar_174":"YES","axelar_178":null,"axelar_188":"YES","axelar_190":"YES","axelar_191":"YES","axelar_192":"YES","axelar_193":"YES","axelar_194":"YES","axelar_196":"YES","axelar_199":"YES","axelar_200":"NO","axelar_201":"YES","axelar_204":"YES","axelar_206":"YES","axelar_207":"YES","axelar_208":"YES","axelar_209":"NO","axelar_211":"YES","axelar_212":"YES","axelar_213":"NO","axelar_215":"YES","axelar_216":"YES","axelar_217":"NO","axelar_218":"NO","axelar_219":"YES","axelar_220":"YES","axelar_222":"NO","axelar_223":"YES","axelar_239":null,"axelar_240":"YES","axelar_241":"NO","axelar_253":"YES","cluster_label":6},{"voter":"Brightlystake","axelar_29":"YES","axelar_166":"NO_VOTE","axelar_167":"YES","axelar_168":"NO_VOTE","axelar_169":"NO","axelar_170":"YES","axelar_171":"YES","axelar_172":"YES","axelar_174":"YES","axelar_178":"ABSTAIN","axelar_188":"YES","axelar_190":"YES","axelar_191":"YES","axelar_192":"ABSTAIN","axelar_193":"ABSTAIN","axelar_194":"YES","axelar_196":"NO","axelar_199":"YES","axelar_200":"ABSTAIN","axelar_201":"NO","axelar_204":"YES","axelar_206":"YES","axelar_207":"YES","axelar_208":"NO_VOTE","axelar_209":"NO","axelar_211":"ABSTAIN","axelar_212":"NO_VOTE","axelar_213":"NO_VOTE","axelar_215":"NO","axelar_216":"NO","axelar_217":"NO","axelar_218":"YES","axelar_219":"YES","axelar_220":"ABSTAIN","axelar_222":"NO_VOTE","axelar_223":"NO_VOTE","axelar_239":"ABSTAIN","axelar_240":"YES","axelar_241":"ABSTAIN","axelar_253":"ABSTAIN","cluster_label":2},{"voter":"Redbooker","axelar_29":"YES","axelar_166":"YES","axelar_167":"YES","axelar_168":null,"axelar_169":"NO","axelar_170":"YES","axelar_171":"YES","axelar_172":"YES","axelar_174":"YES","axelar_178":"YES","axelar_188":"YES","axelar_190":"YES","axelar_191":"YES","axelar_192":"YES","axelar_193":"YES","axelar_194":"YES","axelar_196":"YES","axelar_199":"YES","axelar_200":"YES","axelar_201":"YES","axelar_204":"YES","axelar_206":"YES","axelar_207":"YES","axelar_208":"YES","axelar_209":null,"axelar_211":"YES","axelar_212":"YES","axelar_213":"NO","axelar_215":"NO","axelar_216":"YES","axelar_217":"NO","axelar_218":"NO","axelar_219":"YES","axelar_220":"YES","axelar_222":"YES","axelar_223":"YES","axelar_239":"YES","axelar_240":"YES","axelar_241":"YES","axelar_253":"YES","cluster_label":2},{"voter":"POPS Team","axelar_29":"YES","axelar_166":"NO_VOTE","axelar_167":"YES","axelar_168":"YES","axelar_169":"NO","axelar_170":"YES","axelar_171":"YES","axelar_172":"YES","axelar_174":"YES","axelar_178":"YES","axelar_188":"YES","axelar_190":"YES","axelar_191":"YES","axelar_192":"YES","axelar_193":"YES","axelar_194":"YES","axelar_196":"YES","axelar_199":"YES","axelar_200":"NO","axelar_201":"NO","axelar_204":"YES","axelar_206":"YES","axelar_207":"YES","axelar_208":"YES","axelar_209":"NO","axelar_211":"YES","axelar_212":"ABSTAIN","axelar_213":"NO","axelar_215":"YES","axelar_216":"YES","axelar_217":"NO","axelar_218":"NO","axelar_219":"YES","axelar_220":"YES","axelar_222":"NO","axelar_223":"NO","axelar_239":"NO","axelar_240":"YES","axelar_241":"NO","axelar_253":"YES","cluster_label":2},{"voter":"CryptoSailors","axelar_29":"YES","axelar_166":"YES","axelar_167":"YES","axelar_168":null,"axelar_169":null,"axelar_170":"YES","axelar_171":"YES","axelar_172":"YES","axelar_174":null,"axelar_178":null,"axelar_188":"YES","axelar_190":"YES","axelar_191":"YES","axelar_192":"YES","axelar_193":"YES","axelar_194":"YES","axelar_196":"YES","axelar_199":"ABSTAIN","axelar_200":"NO","axelar_201":"NO","axelar_204":"YES","axelar_206":"YES","axelar_207":"YES","axelar_208":null,"axelar_209":"YES","axelar_211":"YES","axelar_212":"NO","axelar_213":null,"axelar_215":"YES","axelar_216":"YES","axelar_217":"NO","axelar_218":null,"axelar_219":"YES","axelar_220":"YES","axelar_222":"YES","axelar_223":"YES","axelar_239":"YES","axelar_240":"YES","axelar_241":"ABSTAIN","axelar_253":"YES","cluster_label":2},{"voter":"4SV","axelar_29":"YES","axelar_166":null,"axelar_167":null,"axelar_168":"YES","axelar_169":"NO","axelar_170":"YES","axelar_171":"YES","axelar_172":"YES","axelar_174":"YES","axelar_178":null,"axelar_188":"YES","axelar_190":"YES","axelar_191":"YES","axelar_192":"YES","axelar_193":"YES","axelar_194":"YES","axelar_196":"YES","axelar_199":null,"axelar_200":null,"axelar_201":"YES","axelar_204":null,"axelar_206":null,"axelar_207":null,"axelar_208":"YES","axelar_209":null,"axelar_211":"YES","axelar_212":"YES","axelar_213":"ABSTAIN","axelar_215":null,"axelar_216":null,"axelar_217":null,"axelar_218":"ABSTAIN","axelar_219":"YES","axelar_220":"ABSTAIN","axelar_222":null,"axelar_223":"YES","axelar_239":null,"axelar_240":null,"axelar_241":null,"axelar_253":null,"cluster_label":2},{"voter":"CoinMetrika","axelar_29":"YES","axelar_166":null,"axelar_167":"YES","axelar_168":null,"axelar_169":null,"axelar_170":"YES","axelar_171":"YES","axelar_172":"YES","axelar_174":null,"axelar_178":"YES","axelar_188":null,"axelar_190":"YES","axelar_191":"YES","axelar_192":"YES","axelar_193":"YES","axelar_194":"YES","axelar_196":"YES","axelar_199":null,"axelar_200":null,"axelar_201":"YES","axelar_204":null,"axelar_206":"YES","axelar_207":"YES","axelar_208":"YES","axelar_209":null,"axelar_211":null,"axelar_212":null,"axelar_213":null,"axelar_215":"YES","axelar_216":"YES","axelar_217":"YES","axelar_218":"YES","axelar_219":null,"axelar_220":"YES","axelar_222":null,"axelar_223":"YES","axelar_239":"YES","axelar_240":"YES","axelar_241":"YES","axelar_253":"YES","cluster_label":2},{"voter":"Qubelabs","axelar_29":"YES","axelar_166":"YES","axelar_167":"YES","axelar_168":"NO_VOTE","axelar_169":"NO","axelar_170":"YES","axelar_171":"YES","axelar_172":"YES","axelar_174":"YES","axelar_178":"YES","axelar_188":"YES","axelar_190":"YES","axelar_191":"YES","axelar_192":"YES","axelar_193":"YES","axelar_194":"YES","axelar_196":"YES","axelar_199":"YES","axelar_200":"NO","axelar_201":"YES","axelar_204":"YES","axelar_206":"YES","axelar_207":"YES","axelar_208":"YES","axelar_209":"NO","axelar_211":"YES","axelar_212":"ABSTAIN","axelar_213":"NO","axelar_215":"YES","axelar_216":"YES","axelar_217":"NO","axelar_218":"YES","axelar_219":"YES","axelar_220":"YES","axelar_222":"NO","axelar_223":"YES","axelar_239":"YES","axelar_240":"YES","axelar_241":"NO","axelar_253":"YES","cluster_label":2},{"voter":"axelarcore0","axelar_29":"YES","axelar_166":"NO_VOTE","axelar_167":"NO_VOTE","axelar_168":"NO_VOTE","axelar_169":"NO_VOTE","axelar_170":"NO_VOTE","axelar_171":"NO_VOTE","axelar_172":"NO_VOTE","axelar_174":"NO_VOTE","axelar_178":"NO_VOTE","axelar_188":"NO_VOTE","axelar_190":"NO_VOTE","axelar_191":"NO_VOTE","axelar_192":"NO_VOTE","axelar_193":"NO_VOTE","axelar_194":"NO_VOTE","axelar_196":"NO_VOTE","axelar_199":"NO_VOTE","axelar_200":"ABSTAIN","axelar_201":"NO_VOTE","axelar_204":"NO_VOTE","axelar_206":"NO_VOTE","axelar_207":"NO_VOTE","axelar_208":"NO_VOTE","axelar_209":"NO_VOTE","axelar_211":"NO_VOTE","axelar_212":"NO_VOTE","axelar_213":"NO_VOTE","axelar_215":"NO_VOTE","axelar_216":"NO_VOTE","axelar_217":"NO_VOTE","axelar_218":"NO_VOTE","axelar_219":"NO_VOTE","axelar_220":"NO_VOTE","axelar_222":"NO_VOTE","axelar_223":"NO_VOTE","axelar_239":"NO_VOTE","axelar_240":"NO_VOTE","axelar_241":"NO_VOTE","axelar_253":"NO_VOTE","cluster_label":2},{"voter":"rodion","axelar_29":"NO_VOTE","axelar_166":"NO_VOTE","axelar_167":"NO_VOTE","axelar_168":"NO_VOTE","axelar_169":"NO_VOTE","axelar_170":"NO_VOTE","axelar_171":"NO_VOTE","axelar_172":"NO_VOTE","axelar_174":"NO_VOTE","axelar_178":"NO_VOTE","axelar_188":"NO_VOTE","axelar_190":"NO_VOTE","axelar_191":null,"axelar_192":"NO_VOTE","axelar_193":null,"axelar_194":"NO_VOTE","axelar_196":"YES","axelar_199":"NO_VOTE","axelar_200":"NO_VOTE","axelar_201":"NO_VOTE","axelar_204":"YES","axelar_206":"NO_VOTE","axelar_207":"NO_VOTE","axelar_208":"NO_VOTE","axelar_209":"NO_VOTE","axelar_211":"NO_VOTE","axelar_212":"NO_VOTE","axelar_213":"NO_VOTE","axelar_215":"NO_VOTE","axelar_216":"NO_VOTE","axelar_217":"NO_VOTE","axelar_218":"NO_VOTE","axelar_219":"NO_VOTE","axelar_220":"NO_VOTE","axelar_222":"NO_VOTE","axelar_223":"NO_VOTE","axelar_239":"NO_VOTE","axelar_240":"NO_VOTE","axelar_241":"NO_VOTE","axelar_253":"YES","cluster_label":2},{"voter":"Squid","axelar_29":"NO_VOTE","axelar_166":"NO_VOTE","axelar_167":"NO_VOTE","axelar_168":"NO_VOTE","axelar_169":"NO_VOTE","axelar_170":"NO_VOTE","axelar_171":"YES","axelar_172":"YES","axelar_174":"NO_VOTE","axelar_178":"ABSTAIN","axelar_188":"YES","axelar_190":"YES","axelar_191":"YES","axelar_192":"YES","axelar_193":"YES","axelar_194":"YES","axelar_196":"YES","axelar_199":"YES","axelar_200":"ABSTAIN","axelar_201":"YES","axelar_204":"YES","axelar_206":"YES","axelar_207":"YES","axelar_208":"YES","axelar_209":"NO","axelar_211":"YES","axelar_212":"ABSTAIN","axelar_213":"NO","axelar_215":"YES","axelar_216":"YES","axelar_217":"ABSTAIN","axelar_218":"NO","axelar_219":"ABSTAIN","axelar_220":"NO","axelar_222":"NO_VOTE","axelar_223":null,"axelar_239":"ABSTAIN","axelar_240":"YES","axelar_241":"ABSTAIN","axelar_253":"YES","cluster_label":2},{"voter":"Ledger by Chorus One","axelar_29":"NO_VOTE","axelar_166":"NO_VOTE","axelar_167":"NO_VOTE","axelar_168":"NO_VOTE","axelar_169":"NO_VOTE","axelar_170":"NO_VOTE","axelar_171":null,"axelar_172":"NO_VOTE","axelar_174":"NO_VOTE","axelar_178":"NO_VOTE","axelar_188":"NO_VOTE","axelar_190":null,"axelar_191":null,"axelar_192":null,"axelar_193":null,"axelar_194":null,"axelar_196":null,"axelar_199":"NO_VOTE","axelar_200":"NO_VOTE","axelar_201":"NO_VOTE","axelar_204":"NO_VOTE","axelar_206":"NO_VOTE","axelar_207":"NO_VOTE","axelar_208":"NO_VOTE","axelar_209":"NO_VOTE","axelar_211":"NO_VOTE","axelar_212":"NO_VOTE","axelar_213":"NO_VOTE","axelar_215":null,"axelar_216":"NO_VOTE","axelar_217":"NO_VOTE","axelar_218":"NO_VOTE","axelar_219":"NO_VOTE","axelar_220":null,"axelar_222":"NO_VOTE","axelar_223":null,"axelar_239":"NO_VOTE","axelar_240":"NO_VOTE","axelar_241":"NO_VOTE","axelar_253":"NO_VOTE","cluster_label":6},{"voter":"HoodRun","axelar_29":"NO_VOTE","axelar_166":"NO_VOTE","axelar_167":"NO_VOTE","axelar_168":"NO_VOTE","axelar_169":null,"axelar_170":"YES","axelar_171":"YES","axelar_172":"YES","axelar_174":"YES","axelar_178":"YES","axelar_188":"YES","axelar_190":"YES","axelar_191":"YES","axelar_192":null,"axelar_193":"YES","axelar_194":"YES","axelar_196":"YES","axelar_199":"YES","axelar_200":"NO","axelar_201":"NO_VOTE","axelar_204":"YES","axelar_206":"YES","axelar_207":"YES","axelar_208":"NO_VOTE","axelar_209":"NO","axelar_211":"ABSTAIN","axelar_212":"NO_VOTE","axelar_213":"NO_VOTE","axelar_215":"ABSTAIN","axelar_216":"YES","axelar_217":"NO_VOTE","axelar_218":null,"axelar_219":"NO_VOTE","axelar_220":null,"axelar_222":"NO","axelar_223":"ABSTAIN","axelar_239":"YES","axelar_240":"YES","axelar_241":"ABSTAIN","axelar_253":"YES","cluster_label":2},{"voter":"Terminet","axelar_29":null,"axelar_166":"NO_VOTE","axelar_167":null,"axelar_168":null,"axelar_169":null,"axelar_170":null,"axelar_171":null,"axelar_172":null,"axelar_174":null,"axelar_178":"NO_VOTE","axelar_188":null,"axelar_190":null,"axelar_191":null,"axelar_192":null,"axelar_193":null,"axelar_194":null,"axelar_196":null,"axelar_199":null,"axelar_200":null,"axelar_201":null,"axelar_204":null,"axelar_206":null,"axelar_207":null,"axelar_208":null,"axelar_209":null,"axelar_211":null,"axelar_212":null,"axelar_213":"NO_VOTE","axelar_215":null,"axelar_216":null,"axelar_217":"NO_VOTE","axelar_218":null,"axelar_219":null,"axelar_220":null,"axelar_222":null,"axelar_223":null,"axelar_239":null,"axelar_240":null,"axelar_241":null,"axelar_253":null,"cluster_label":5},{"voter":"FinoaConsensusServices","axelar_29":null,"axelar_166":"NO_VOTE","axelar_167":null,"axelar_168":null,"axelar_169":null,"axelar_170":null,"axelar_171":null,"axelar_172":null,"axelar_174":null,"axelar_178":"NO_VOTE","axelar_188":null,"axelar_190":null,"axelar_191":null,"axelar_192":null,"axelar_193":null,"axelar_194":null,"axelar_196":null,"axelar_199":null,"axelar_200":null,"axelar_201":null,"axelar_204":null,"axelar_206":null,"axelar_207":null,"axelar_208":null,"axelar_209":"NO_VOTE","axelar_211":null,"axelar_212":null,"axelar_213":"NO_VOTE","axelar_215":null,"axelar_216":null,"axelar_217":"NO_VOTE","axelar_218":null,"axelar_219":"NO_VOTE","axelar_220":null,"axelar_222":null,"axelar_223":null,"axelar_239":"NO_VOTE","axelar_240":null,"axelar_241":null,"axelar_253":null,"cluster_label":6},{"voter":"AlexZ","axelar_29":null,"axelar_166":"YES","axelar_167":"YES","axelar_168":null,"axelar_169":"NO","axelar_170":"YES","axelar_171":"YES","axelar_172":"YES","axelar_174":"YES","axelar_178":"YES","axelar_188":"YES","axelar_190":"YES","axelar_191":"YES","axelar_192":"YES","axelar_193":"YES","axelar_194":"YES","axelar_196":"YES","axelar_199":"YES","axelar_200":"YES","axelar_201":"YES","axelar_204":"YES","axelar_206":"YES","axelar_207":"YES","axelar_208":"YES","axelar_209":null,"axelar_211":"YES","axelar_212":"YES","axelar_213":"NO","axelar_215":"NO","axelar_216":"YES","axelar_217":"NO","axelar_218":"NO","axelar_219":"YES","axelar_220":"YES","axelar_222":"NO","axelar_223":"YES","axelar_239":"NO","axelar_240":"YES","axelar_241":"NO","axelar_253":"YES","cluster_label":2},{"voter":"RockawayX Infra","axelar_29":null,"axelar_166":"NO_VOTE","axelar_167":"YES","axelar_168":"NO_VOTE","axelar_169":"YES","axelar_170":"YES","axelar_171":"YES","axelar_172":"YES","axelar_174":"YES","axelar_178":"YES","axelar_188":"YES","axelar_190":"YES","axelar_191":"YES","axelar_192":"YES","axelar_193":"YES","axelar_194":"YES","axelar_196":"ABSTAIN","axelar_199":null,"axelar_200":"NO","axelar_201":"NO","axelar_204":"YES","axelar_206":null,"axelar_207":"YES","axelar_208":"NO_VOTE","axelar_209":"NO","axelar_211":"YES","axelar_212":null,"axelar_213":"NO","axelar_215":"ABSTAIN","axelar_216":"ABSTAIN","axelar_217":"NO","axelar_218":"ABSTAIN","axelar_219":"NO_VOTE","axelar_220":"ABSTAIN","axelar_222":"NO","axelar_223":"ABSTAIN","axelar_239":"NO_VOTE","axelar_240":null,"axelar_241":"NO_VOTE","axelar_253":null,"cluster_label":6},{"voter":" carbonZERO","axelar_29":null,"axelar_166":null,"axelar_167":"YES","axelar_168":"YES","axelar_169":"YES","axelar_170":null,"axelar_171":null,"axelar_172":null,"axelar_174":null,"axelar_178":null,"axelar_188":null,"axelar_190":null,"axelar_191":null,"axelar_192":null,"axelar_193":null,"axelar_194":null,"axelar_196":null,"axelar_199":null,"axelar_200":null,"axelar_201":null,"axelar_204":null,"axelar_206":null,"axelar_207":null,"axelar_208":null,"axelar_209":null,"axelar_211":null,"axelar_212":null,"axelar_213":null,"axelar_215":null,"axelar_216":null,"axelar_217":null,"axelar_218":null,"axelar_219":null,"axelar_220":null,"axelar_222":null,"axelar_223":null,"axelar_239":null,"axelar_240":null,"axelar_241":null,"axelar_253":null,"cluster_label":2},{"voter":"Rekt","axelar_29":null,"axelar_166":null,"axelar_167":null,"axelar_168":null,"axelar_169":null,"axelar_170":null,"axelar_171":"YES","axelar_172":null,"axelar_174":null,"axelar_178":null,"axelar_188":null,"axelar_190":null,"axelar_191":null,"axelar_192":null,"axelar_193":null,"axelar_194":null,"axelar_196":null,"axelar_199":null,"axelar_200":null,"axelar_201":null,"axelar_204":null,"axelar_206":null,"axelar_207":null,"axelar_208":null,"axelar_209":null,"axelar_211":null,"axelar_212":null,"axelar_213":null,"axelar_215":null,"axelar_216":null,"axelar_217":null,"axelar_218":null,"axelar_219":null,"axelar_220":null,"axelar_222":null,"axelar_223":null,"axelar_239":null,"axelar_240":null,"axelar_241":null,"axelar_253":null,"cluster_label":2},{"voter":"ForestStaking","axelar_29":null,"axelar_166":null,"axelar_167":null,"axelar_168":null,"axelar_169":null,"axelar_170":null,"axelar_171":"YES","axelar_172":"YES","axelar_174":"YES","axelar_178":null,"axelar_188":null,"axelar_190":null,"axelar_191":null,"axelar_192":null,"axelar_193":null,"axelar_194":null,"axelar_196":null,"axelar_199":null,"axelar_200":null,"axelar_201":null,"axelar_204":null,"axelar_206":null,"axelar_207":null,"axelar_208":null,"axelar_209":null,"axelar_211":null,"axelar_212":null,"axelar_213":null,"axelar_215":null,"axelar_216":null,"axelar_217":null,"axelar_218":null,"axelar_219":null,"axelar_220":null,"axelar_222":null,"axelar_223":null,"axelar_239":null,"axelar_240":null,"axelar_241":null,"axelar_253":null,"cluster_label":2},{"voter":"JuliF0x","axelar_29":null,"axelar_166":null,"axelar_167":null,"axelar_168":null,"axelar_169":null,"axelar_170":null,"axelar_171":null,"axelar_172":null,"axelar_174":null,"axelar_178":null,"axelar_188":"YES","axelar_190":"YES","axelar_191":null,"axelar_192":null,"axelar_193":null,"axelar_194":null,"axelar_196":null,"axelar_199":null,"axelar_200":null,"axelar_201":null,"axelar_204":null,"axelar_206":null,"axelar_207":null,"axelar_208":null,"axelar_209":null,"axelar_211":null,"axelar_212":null,"axelar_213":null,"axelar_215":null,"axelar_216":null,"axelar_217":null,"axelar_218":null,"axelar_219":null,"axelar_220":null,"axelar_222":null,"axelar_223":null,"axelar_239":null,"axelar_240":null,"axelar_241":null,"axelar_253":null,"cluster_label":2},{"voter":"Softhouse","axelar_29":null,"axelar_166":null,"axelar_167":null,"axelar_168":null,"axelar_169":null,"axelar_170":null,"axelar_171":null,"axelar_172":null,"axelar_174":null,"axelar_178":null,"axelar_188":"YES","axelar_190":"YES","axelar_191":"YES","axelar_192":"YES","axelar_193":"YES","axelar_194":"YES","axelar_196":"YES","axelar_199":"YES","axelar_200":"YES","axelar_201":"NO","axelar_204":"YES","axelar_206":"NO","axelar_207":"YES","axelar_208":"YES","axelar_209":null,"axelar_211":null,"axelar_212":"ABSTAIN","axelar_213":"NO","axelar_215":null,"axelar_216":null,"axelar_217":"YES","axelar_218":"YES","axelar_219":"YES","axelar_220":"YES","axelar_222":"NO","axelar_223":"YES","axelar_239":null,"axelar_240":"YES","axelar_241":null,"axelar_253":null,"cluster_label":2},{"voter":"SwigsStaking","axelar_29":null,"axelar_166":null,"axelar_167":null,"axelar_168":null,"axelar_169":null,"axelar_170":null,"axelar_171":null,"axelar_172":null,"axelar_174":null,"axelar_178":null,"axelar_188":null,"axelar_190":null,"axelar_191":"YES","axelar_192":"YES","axelar_193":"YES","axelar_194":"YES","axelar_196":"ABSTAIN","axelar_199":null,"axelar_200":null,"axelar_201":null,"axelar_204":null,"axelar_206":null,"axelar_207":null,"axelar_208":null,"axelar_209":null,"axelar_211":null,"axelar_212":null,"axelar_213":null,"axelar_215":"ABSTAIN","axelar_216":null,"axelar_217":null,"axelar_218":null,"axelar_219":null,"axelar_220":null,"axelar_222":null,"axelar_223":null,"axelar_239":null,"axelar_240":null,"axelar_241":null,"axelar_253":null,"cluster_label":2},{"voter":"anvel","axelar_29":null,"axelar_166":null,"axelar_167":null,"axelar_168":null,"axelar_169":null,"axelar_170":null,"axelar_171":null,"axelar_172":null,"axelar_174":null,"axelar_178":null,"axelar_188":null,"axelar_190":null,"axelar_191":null,"axelar_192":null,"axelar_193":null,"axelar_194":null,"axelar_196":"YES","axelar_199":null,"axelar_200":null,"axelar_201":null,"axelar_204":"YES","axelar_206":null,"axelar_207":null,"axelar_208":null,"axelar_209":null,"axelar_211":null,"axelar_212":null,"axelar_213":null,"axelar_215":null,"axelar_216":null,"axelar_217":null,"axelar_218":null,"axelar_219":null,"axelar_220":null,"axelar_222":null,"axelar_223":null,"axelar_239":null,"axelar_240":null,"axelar_241":null,"axelar_253":"YES","cluster_label":2}]