[{"voter":"Imperatorco","iris_24":"NO_WITH_VETO","iris_25":"NO_WITH_VETO","iris_26":"NO_WITH_VETO","iris_28":"NO_WITH_VETO","iris_41":"NO_WITH_VETO","iris_47":"NO_WITH_VETO","iris_48":"NO","iris_52":"ABSTAIN","iris_73":"ABSTAIN","iris_74":"ABSTAIN","iris_76":"ABSTAIN","iris_77":"NO_WITH_VETO","iris_78":"ABSTAIN","iris_79":"ABSTAIN","iris_84":"NO_WITH_VETO","iris_89":"ABSTAIN","iris_7":null,"cluster_label":3},{"voter":"SpacePotato","iris_24":null,"iris_25":null,"iris_26":null,"iris_28":null,"iris_41":null,"iris_47":null,"iris_48":null,"iris_52":"NO","iris_73":"ABSTAIN","iris_74":"NO","iris_76":"NO","iris_77":"YES","iris_78":"ABSTAIN","iris_79":"YES","iris_84":null,"iris_89":"ABSTAIN","iris_7":null,"cluster_label":3},{"voter":"01node","iris_24":null,"iris_25":null,"iris_26":null,"iris_28":null,"iris_41":null,"iris_47":null,"iris_48":null,"iris_52":null,"iris_73":null,"iris_74":null,"iris_76":"ABSTAIN","iris_77":"NO_WITH_VETO","iris_78":"NO","iris_79":"ABSTAIN","iris_84":"ABSTAIN","iris_89":"YES","iris_7":null,"cluster_label":3},{"voter":"Bi23 Labs","iris_24":"NO_VOTE","iris_25":"NO_VOTE","iris_26":"NO_VOTE","iris_28":"NO_VOTE","iris_41":"NO_VOTE","iris_47":"NO_VOTE","iris_48":"NO_VOTE","iris_52":"NO_VOTE","iris_73":"NO_VOTE","iris_74":"NO_VOTE","iris_76":"NO_VOTE","iris_77":"NO_VOTE","iris_78":"NO_VOTE","iris_79":"NO_VOTE","iris_84":"NO_VOTE","iris_89":"NO_VOTE","iris_7":"YES","cluster_label":3},{"voter":"kytzu","iris_24":null,"iris_25":null,"iris_26":null,"iris_28":null,"iris_41":null,"iris_47":null,"iris_48":null,"iris_52":null,"iris_73":null,"iris_74":"YES","iris_76":null,"iris_77":null,"iris_78":null,"iris_79":"YES","iris_84":null,"iris_89":"YES","iris_7":null,"cluster_label":7},{"voter":"Ping","iris_24":null,"iris_25":null,"iris_26":null,"iris_28":null,"iris_41":null,"iris_47":null,"iris_48":"YES","iris_52":"YES","iris_73":"YES","iris_74":"YES","iris_76":null,"iris_77":null,"iris_78":null,"iris_79":"YES","iris_84":null,"iris_89":"YES","iris_7":"YES","cluster_label":3},{"voter":"openbitlab","iris_24":"NO_VOTE","iris_25":"NO_VOTE","iris_26":"NO_VOTE","iris_28":"NO_VOTE","iris_41":"NO_VOTE","iris_47":"NO_VOTE","iris_48":"NO_VOTE","iris_52":"NO_VOTE","iris_73":"NO_VOTE","iris_74":"NO_VOTE","iris_76":"NO_VOTE","iris_77":"NO_VOTE","iris_78":"NO_VOTE","iris_79":"NO_VOTE","iris_84":"NO_VOTE","iris_89":"NO_VOTE","iris_7":"NO_VOTE","cluster_label":3},{"voter":"stakefish","iris_24":null,"iris_25":null,"iris_26":null,"iris_28":null,"iris_41":null,"iris_47":null,"iris_48":null,"iris_52":null,"iris_73":null,"iris_74":null,"iris_76":null,"iris_77":null,"iris_78":null,"iris_79":null,"iris_84":null,"iris_89":null,"iris_7":"NO","cluster_label":3},{"voter":"Citadelone","iris_24":"NO_VOTE","iris_25":"NO_VOTE","iris_26":"NO_VOTE","iris_28":"NO_VOTE","iris_41":"NO_VOTE","iris_47":"NO_VOTE","iris_48":"ABSTAIN","iris_52":"ABSTAIN","iris_73":"YES","iris_74":"YES","iris_76":"ABSTAIN","iris_77":"NO_WITH_VETO","iris_78":"ABSTAIN","iris_79":"YES","iris_84":"NO_WITH_VETO","iris_89":"ABSTAIN","iris_7":"NO_VOTE","cluster_label":3},{"voter":"KingSuper","iris_24":"NO_VOTE","iris_25":"NO_VOTE","iris_26":"NO_VOTE","iris_28":"NO_VOTE","iris_41":"NO_VOTE","iris_47":"NO_VOTE","iris_48":"NO_VOTE","iris_52":null,"iris_73":null,"iris_74":null,"iris_76":null,"iris_77":null,"iris_78":null,"iris_79":null,"iris_84":"NO_VOTE","iris_89":null,"iris_7":"NO_VOTE","cluster_label":1},{"voter":"Cosmostation","iris_24":"NO_WITH_VETO","iris_25":"NO_WITH_VETO","iris_26":"NO_WITH_VETO","iris_28":"NO_WITH_VETO","iris_41":"NO_WITH_VETO","iris_47":"NO_WITH_VETO","iris_48":"ABSTAIN","iris_52":null,"iris_73":"YES","iris_74":"YES","iris_76":"ABSTAIN","iris_77":"NO_WITH_VETO","iris_78":"ABSTAIN","iris_79":"YES","iris_84":"NO","iris_89":"YES","iris_7":"YES","cluster_label":3},{"voter":"BlockHunters ","iris_24":"NO_VOTE","iris_25":"NO_WITH_VETO","iris_26":"NO_VOTE","iris_28":"NO_WITH_VETO","iris_41":"NO_VOTE","iris_47":"NO_VOTE","iris_48":"NO_VOTE","iris_52":"ABSTAIN","iris_73":"YES","iris_74":"YES","iris_76":"NO_VOTE","iris_77":"NO_VOTE","iris_78":"NO_VOTE","iris_79":"NO_VOTE","iris_84":"NO_VOTE","iris_89":null,"iris_7":"NO_VOTE","cluster_label":7},{"voter":"Meria","iris_24":"NO_VOTE","iris_25":"NO_VOTE","iris_26":"NO_VOTE","iris_28":"NO_VOTE","iris_41":"NO_WITH_VETO","iris_47":"NO","iris_48":"ABSTAIN","iris_52":"NO","iris_73":"YES","iris_74":"YES","iris_76":"ABSTAIN","iris_77":"NO_WITH_VETO","iris_78":"ABSTAIN","iris_79":"YES","iris_84":"NO","iris_89":"ABSTAIN","iris_7":"NO_VOTE","cluster_label":7},{"voter":"Cypher Core","iris_24":null,"iris_25":null,"iris_26":null,"iris_28":null,"iris_41":null,"iris_47":"NO_WITH_VETO","iris_48":null,"iris_52":"ABSTAIN","iris_73":"NO","iris_74":"YES","iris_76":"YES","iris_77":null,"iris_78":null,"iris_79":"YES","iris_84":null,"iris_89":"YES","iris_7":null,"cluster_label":3},{"voter":"node101","iris_24":"NO_VOTE","iris_25":"NO_VOTE","iris_26":"NO_VOTE","iris_28":"NO_VOTE","iris_41":"NO_VOTE","iris_47":"NO_WITH_VETO","iris_48":"NO","iris_52":"ABSTAIN","iris_73":"ABSTAIN","iris_74":"YES","iris_76":"YES","iris_77":"NO_WITH_VETO","iris_78":"ABSTAIN","iris_79":"YES","iris_84":"NO_WITH_VETO","iris_89":"YES","iris_7":"NO_VOTE","cluster_label":4},{"voter":"test","iris_24":"NO_VOTE","iris_25":"NO_VOTE","iris_26":"NO_VOTE","iris_28":"NO_VOTE","iris_41":"NO_VOTE","iris_47":"NO_VOTE","iris_48":"NO_VOTE","iris_52":"NO_VOTE","iris_73":"NO_VOTE","iris_74":"NO_VOTE","iris_76":"NO_VOTE","iris_77":"NO_VOTE","iris_78":"ABSTAIN","iris_79":"NO_VOTE","iris_84":"NO","iris_89":"NO_VOTE","iris_7":"NO_VOTE","cluster_label":7},{"voter":"Stakeflow","iris_24":"NO_VOTE","iris_25":"NO_VOTE","iris_26":"NO_VOTE","iris_28":"NO_VOTE","iris_41":"NO_VOTE","iris_47":"NO_VOTE","iris_48":"NO_VOTE","iris_52":null,"iris_73":"NO_VOTE","iris_74":"NO_VOTE","iris_76":"YES","iris_77":"NO_WITH_VETO","iris_78":"ABSTAIN","iris_79":"YES","iris_84":"NO_VOTE","iris_89":"YES","iris_7":"NO_VOTE","cluster_label":7},{"voter":"PoS Node","iris_24":"NO_WITH_VETO","iris_25":"NO_WITH_VETO","iris_26":"NO_WITH_VETO","iris_28":"NO_WITH_VETO","iris_41":"NO_WITH_VETO","iris_47":"NO_WITH_VETO","iris_48":"YES","iris_52":"ABSTAIN","iris_73":"YES","iris_74":"YES","iris_76":"ABSTAIN","iris_77":"NO_WITH_VETO","iris_78":"ABSTAIN","iris_79":"YES","iris_84":"NO_WITH_VETO","iris_89":"YES","iris_7":null,"cluster_label":1},{"voter":"kooltek68","iris_24":null,"iris_25":null,"iris_26":null,"iris_28":null,"iris_41":null,"iris_47":null,"iris_48":"YES","iris_52":"YES","iris_73":"YES","iris_74":"YES","iris_76":"YES","iris_77":"YES","iris_78":null,"iris_79":"YES","iris_84":"YES","iris_89":"YES","iris_7":null,"cluster_label":2},{"voter":"EZ Staking","iris_24":"NO_VOTE","iris_25":"NO_VOTE","iris_26":"NO_WITH_VETO","iris_28":"NO_VOTE","iris_41":"NO_VOTE","iris_47":"NO_VOTE","iris_48":"NO_VOTE","iris_52":null,"iris_73":null,"iris_74":null,"iris_76":null,"iris_77":"NO_WITH_VETO","iris_78":null,"iris_79":"YES","iris_84":"NO_VOTE","iris_89":null,"iris_7":"NO_WITH_VETO","cluster_label":7},{"voter":"Stakin","iris_24":"NO_WITH_VETO","iris_25":"NO_WITH_VETO","iris_26":"NO_WITH_VETO","iris_28":"NO_WITH_VETO","iris_41":"NO_WITH_VETO","iris_47":"NO_WITH_VETO","iris_48":null,"iris_52":"ABSTAIN","iris_73":"ABSTAIN","iris_74":"ABSTAIN","iris_76":"ABSTAIN","iris_77":"NO_WITH_VETO","iris_78":"ABSTAIN","iris_79":"ABSTAIN","iris_84":"ABSTAIN","iris_89":"ABSTAIN","iris_7":"YES","cluster_label":7},{"voter":"syncnode","iris_24":null,"iris_25":null,"iris_26":null,"iris_28":null,"iris_41":null,"iris_47":null,"iris_48":null,"iris_52":null,"iris_73":null,"iris_74":null,"iris_76":null,"iris_77":null,"iris_78":null,"iris_79":null,"iris_84":null,"iris_89":null,"iris_7":"NO","cluster_label":1},{"voter":"stakesystems","iris_24":null,"iris_25":null,"iris_26":null,"iris_28":"NO_WITH_VETO","iris_41":null,"iris_47":"NO_WITH_VETO","iris_48":"ABSTAIN","iris_52":null,"iris_73":"YES","iris_74":"YES","iris_76":"ABSTAIN","iris_77":"NO_WITH_VETO","iris_78":"NO","iris_79":"YES","iris_84":"NO_WITH_VETO","iris_89":"YES","iris_7":null,"cluster_label":1},{"voter":"Wetez","iris_24":null,"iris_25":null,"iris_26":null,"iris_28":null,"iris_41":null,"iris_47":null,"iris_48":"YES","iris_52":null,"iris_73":null,"iris_74":null,"iris_76":null,"iris_77":null,"iris_78":null,"iris_79":null,"iris_84":null,"iris_89":null,"iris_7":null,"cluster_label":5},{"voter":"SpaceStake","iris_24":null,"iris_25":null,"iris_26":null,"iris_28":null,"iris_41":null,"iris_47":null,"iris_48":null,"iris_52":null,"iris_73":"YES","iris_74":"YES","iris_76":"ABSTAIN","iris_77":"NO_WITH_VETO","iris_78":"NO_WITH_VETO","iris_79":"YES","iris_84":"NO_WITH_VETO","iris_89":"YES","iris_7":null,"cluster_label":2},{"voter":"DO NOT DELEGATE","iris_24":"NO_VOTE","iris_25":"NO_VOTE","iris_26":"NO_VOTE","iris_28":"NO_VOTE","iris_41":"NO_VOTE","iris_47":"NO_VOTE","iris_48":"NO_VOTE","iris_52":"NO_VOTE","iris_73":"NO_VOTE","iris_74":"NO_VOTE","iris_76":"NO_VOTE","iris_77":"NO_VOTE","iris_78":"NO_VOTE","iris_79":"NO_VOTE","iris_84":"NO_VOTE","iris_89":"NO_VOTE","iris_7":"YES","cluster_label":2},{"voter":"Bit Cat","iris_24":"NO_VOTE","iris_25":"NO_VOTE","iris_26":null,"iris_28":"NO_VOTE","iris_41":"NO_VOTE","iris_47":null,"iris_48":"YES","iris_52":"YES","iris_73":null,"iris_74":"YES","iris_76":null,"iris_77":null,"iris_78":null,"iris_79":null,"iris_84":"NO_VOTE","iris_89":null,"iris_7":"YES","cluster_label":1},{"voter":"Easy 2 Stake","iris_24":"NO_WITH_VETO","iris_25":"NO_WITH_VETO","iris_26":null,"iris_28":null,"iris_41":null,"iris_47":"NO_WITH_VETO","iris_48":"ABSTAIN","iris_52":"ABSTAIN","iris_73":null,"iris_74":null,"iris_76":null,"iris_77":null,"iris_78":null,"iris_79":null,"iris_84":null,"iris_89":null,"iris_7":"NO","cluster_label":6},{"voter":"jetlife","iris_24":"NO_VOTE","iris_25":"NO_VOTE","iris_26":"NO_VOTE","iris_28":"NO_VOTE","iris_41":"NO_VOTE","iris_47":"NO_VOTE","iris_48":"NO_VOTE","iris_52":null,"iris_73":null,"iris_74":null,"iris_76":null,"iris_77":null,"iris_78":null,"iris_79":null,"iris_84":"NO_VOTE","iris_89":null,"iris_7":"NO_VOTE","cluster_label":4},{"voter":"w3coins","iris_24":"NO_VOTE","iris_25":"NO_VOTE","iris_26":"NO_VOTE","iris_28":"NO_VOTE","iris_41":"NO_WITH_VETO","iris_47":"NO","iris_48":"YES","iris_52":"NO","iris_73":"YES","iris_74":"YES","iris_76":"NO_WITH_VETO","iris_77":"NO_WITH_VETO","iris_78":"YES","iris_79":"YES","iris_84":"NO_WITH_VETO","iris_89":"YES","iris_7":null,"cluster_label":4},{"voter":"Atomic power node","iris_24":null,"iris_25":null,"iris_26":null,"iris_28":null,"iris_41":null,"iris_47":"NO_WITH_VETO","iris_48":"ABSTAIN","iris_52":null,"iris_73":"YES","iris_74":null,"iris_76":null,"iris_77":null,"iris_78":null,"iris_79":null,"iris_84":null,"iris_89":null,"iris_7":"YES","cluster_label":7},{"voter":"HLT","iris_24":"NO_VOTE","iris_25":"NO_WITH_VETO","iris_26":"NO","iris_28":"NO_VOTE","iris_41":"NO_VOTE","iris_47":"NO_VOTE","iris_48":null,"iris_52":null,"iris_73":null,"iris_74":null,"iris_76":null,"iris_77":null,"iris_78":null,"iris_79":null,"iris_84":"NO_VOTE","iris_89":null,"iris_7":"YES","cluster_label":7},{"voter":"Certus One","iris_24":null,"iris_25":null,"iris_26":null,"iris_28":null,"iris_41":null,"iris_47":null,"iris_48":null,"iris_52":null,"iris_73":null,"iris_74":null,"iris_76":null,"iris_77":null,"iris_78":null,"iris_79":null,"iris_84":null,"iris_89":"YES","iris_7":null,"cluster_label":7},{"voter":"HighStakesch  Stake for Airdrop","iris_24":"NO_WITH_VETO","iris_25":"NO_WITH_VETO","iris_26":"NO_WITH_VETO","iris_28":"NO_WITH_VETO","iris_41":"NO_WITH_VETO","iris_47":"NO_WITH_VETO","iris_48":"ABSTAIN","iris_52":"ABSTAIN","iris_73":"ABSTAIN","iris_74":"ABSTAIN","iris_76":"ABSTAIN","iris_77":"NO_WITH_VETO","iris_78":"ABSTAIN","iris_79":"ABSTAIN","iris_84":"NO_WITH_VETO","iris_89":null,"iris_7":null,"cluster_label":0},{"voter":"DokiaCapital","iris_24":"NO_VOTE","iris_25":"NO","iris_26":"NO_WITH_VETO","iris_28":"NO_VOTE","iris_41":"NO","iris_47":"NO_VOTE","iris_48":"NO_VOTE","iris_52":"NO","iris_73":"NO","iris_74":"ABSTAIN","iris_76":"YES","iris_77":"ABSTAIN","iris_78":"ABSTAIN","iris_79":"ABSTAIN","iris_84":"NO_VOTE","iris_89":"YES","iris_7":"NO_VOTE","cluster_label":4},{"voter":"Moonstake","iris_24":"NO_VOTE","iris_25":"NO_VOTE","iris_26":"NO_VOTE","iris_28":"NO_VOTE","iris_41":"NO_VOTE","iris_47":"NO_VOTE","iris_48":"YES","iris_52":"NO_VOTE","iris_73":"NO","iris_74":"NO_VOTE","iris_76":"NO","iris_77":"NO_VOTE","iris_78":"NO","iris_79":"YES","iris_84":"NO_VOTE","iris_89":"NO_VOTE","iris_7":"NO_VOTE","cluster_label":4},{"voter":"Cosmos Spaces","iris_24":"NO_VOTE","iris_25":"NO_VOTE","iris_26":"NO_VOTE","iris_28":"NO_VOTE","iris_41":"NO_VOTE","iris_47":"NO_VOTE","iris_48":"NO_VOTE","iris_52":null,"iris_73":null,"iris_74":null,"iris_76":null,"iris_77":"NO_VOTE","iris_78":"YES","iris_79":null,"iris_84":"NO_VOTE","iris_89":null,"iris_7":"NO_VOTE","cluster_label":7},{"voter":"InfStones","iris_24":"NO_VOTE","iris_25":"NO_VOTE","iris_26":null,"iris_28":null,"iris_41":"NO_VOTE","iris_47":null,"iris_48":null,"iris_52":null,"iris_73":null,"iris_74":null,"iris_76":null,"iris_77":null,"iris_78":null,"iris_79":null,"iris_84":"NO_VOTE","iris_89":null,"iris_7":null,"cluster_label":6},{"voter":"Staked","iris_24":"NO_VOTE","iris_25":"NO_VOTE","iris_26":"NO_VOTE","iris_28":"NO_VOTE","iris_41":"NO_VOTE","iris_47":"NO_VOTE","iris_48":"NO_VOTE","iris_52":null,"iris_73":"NO_VOTE","iris_74":"NO_VOTE","iris_76":"NO_VOTE","iris_77":"NO_VOTE","iris_78":"NO_VOTE","iris_79":"NO_VOTE","iris_84":"NO_VOTE","iris_89":null,"iris_7":"NO_VOTE","cluster_label":0},{"voter":"REDELEGATEPLEASE","iris_24":"NO_WITH_VETO","iris_25":"NO_WITH_VETO","iris_26":null,"iris_28":null,"iris_41":null,"iris_47":null,"iris_48":"YES","iris_52":null,"iris_73":null,"iris_74":null,"iris_76":null,"iris_77":null,"iris_78":null,"iris_79":null,"iris_84":null,"iris_89":null,"iris_7":"NO","cluster_label":5},{"voter":"Stake5 Labs","iris_24":"NO_VOTE","iris_25":"NO_VOTE","iris_26":null,"iris_28":null,"iris_41":"NO_VOTE","iris_47":null,"iris_48":"YES","iris_52":"YES","iris_73":null,"iris_74":null,"iris_76":null,"iris_77":null,"iris_78":null,"iris_79":null,"iris_84":"NO_VOTE","iris_89":null,"iris_7":"YES","cluster_label":4},{"voter":"NodeRunner","iris_24":"NO_VOTE","iris_25":"NO_VOTE","iris_26":"NO","iris_28":"NO_VOTE","iris_41":"NO_VOTE","iris_47":"NO_WITH_VETO","iris_48":"NO_VOTE","iris_52":"NO","iris_73":"ABSTAIN","iris_74":"NO","iris_76":"NO","iris_77":"YES","iris_78":"ABSTAIN","iris_79":"ABSTAIN","iris_84":"NO_VOTE","iris_89":"ABSTAIN","iris_7":"YES","cluster_label":4},{"voter":"wukong","iris_24":"NO","iris_25":"NO","iris_26":"NO","iris_28":null,"iris_41":"NO_WITH_VETO","iris_47":"NO_WITH_VETO","iris_48":"NO","iris_52":"YES","iris_73":"ABSTAIN","iris_74":"ABSTAIN","iris_76":"NO","iris_77":"YES","iris_78":"NO","iris_79":"ABSTAIN","iris_84":null,"iris_89":"ABSTAIN","iris_7":"YES","cluster_label":4},{"voter":"HashFuture","iris_24":"NO_WITH_VETO","iris_25":"NO_WITH_VETO","iris_26":"NO_WITH_VETO","iris_28":null,"iris_41":"NO_WITH_VETO","iris_47":"NO_WITH_VETO","iris_48":"YES","iris_52":"ABSTAIN","iris_73":"NO","iris_74":"ABSTAIN","iris_76":"ABSTAIN","iris_77":"NO","iris_78":"ABSTAIN","iris_79":"YES","iris_84":null,"iris_89":"YES","iris_7":"YES","cluster_label":4},{"voter":"Chaintor","iris_24":"NO_VOTE","iris_25":"NO_VOTE","iris_26":"YES","iris_28":"NO_VOTE","iris_41":"NO_VOTE","iris_47":null,"iris_48":"NO","iris_52":"NO","iris_73":"ABSTAIN","iris_74":"NO","iris_76":"YES","iris_77":"ABSTAIN","iris_78":"ABSTAIN","iris_79":"ABSTAIN","iris_84":"NO_VOTE","iris_89":"ABSTAIN","iris_7":"YES","cluster_label":4},{"voter":"david","iris_24":"NO_VOTE","iris_25":"NO_VOTE","iris_26":"NO","iris_28":"NO_VOTE","iris_41":"NO_VOTE","iris_47":"NO_VOTE","iris_48":"NO_VOTE","iris_52":"NO","iris_73":"ABSTAIN","iris_74":"ABSTAIN","iris_76":"ABSTAIN","iris_77":"YES","iris_78":"ABSTAIN","iris_79":"ABSTAIN","iris_84":"NO_VOTE","iris_89":"YES","iris_7":"YES","cluster_label":4},{"voter":"minminnet","iris_24":"NO_WITH_VETO","iris_25":"NO_WITH_VETO","iris_26":"NO_WITH_VETO","iris_28":"NO_WITH_VETO","iris_41":"NO_WITH_VETO","iris_47":"NO_WITH_VETO","iris_48":"YES","iris_52":"YES","iris_73":"NO","iris_74":"YES","iris_76":"YES","iris_77":"NO_WITH_VETO","iris_78":"ABSTAIN","iris_79":"YES","iris_84":"NO","iris_89":"YES","iris_7":"YES","cluster_label":4},{"voter":"BrightRoad","iris_24":"NO_VOTE","iris_25":"NO_VOTE","iris_26":"NO_VOTE","iris_28":"NO_VOTE","iris_41":"NO_VOTE","iris_47":"NO_VOTE","iris_48":"NO_VOTE","iris_52":"YES","iris_73":"ABSTAIN","iris_74":"ABSTAIN","iris_76":"ABSTAIN","iris_77":"YES","iris_78":"ABSTAIN","iris_79":"ABSTAIN","iris_84":"NO_VOTE","iris_89":"ABSTAIN","iris_7":"NO_VOTE","cluster_label":4},{"voter":"Wendy","iris_24":"NO_VOTE","iris_25":"NO_VOTE","iris_26":"NO_VOTE","iris_28":"NO_VOTE","iris_41":"NO_VOTE","iris_47":"NO_VOTE","iris_48":"NO_VOTE","iris_52":"NO_VOTE","iris_73":"NO_VOTE","iris_74":"NO_VOTE","iris_76":"NO_VOTE","iris_77":"NO_VOTE","iris_78":"NO_VOTE","iris_79":"NO_VOTE","iris_84":"NO_VOTE","iris_89":"YES","iris_7":"NO_VOTE","cluster_label":4},{"voter":"Perseverance Staking","iris_24":"NO_VOTE","iris_25":"NO_VOTE","iris_26":"NO_VOTE","iris_28":"NO_VOTE","iris_41":"NO_VOTE","iris_47":"NO_VOTE","iris_48":"NO_VOTE","iris_52":"NO_VOTE","iris_73":"NO_VOTE","iris_74":"NO_VOTE","iris_76":"NO_VOTE","iris_77":"NO_VOTE","iris_78":"NO_VOTE","iris_79":"YES","iris_84":"NO_VOTE","iris_89":"NO_VOTE","iris_7":"NO_VOTE","cluster_label":4},{"voter":"Winter Validator","iris_24":"NO_VOTE","iris_25":"NO_VOTE","iris_26":"NO_VOTE","iris_28":"NO_VOTE","iris_41":"NO_VOTE","iris_47":"NO_VOTE","iris_48":"YES","iris_52":"NO_VOTE","iris_73":"NO_VOTE","iris_74":"NO_VOTE","iris_76":"NO_VOTE","iris_77":"NO_VOTE","iris_78":"NO_VOTE","iris_79":"NO_VOTE","iris_84":"NO_VOTE","iris_89":"NO_VOTE","iris_7":"NO_VOTE","cluster_label":5},{"voter":"DFM","iris_24":"NO_VOTE","iris_25":"NO_VOTE","iris_26":"NO_VOTE","iris_28":"NO_VOTE","iris_41":"NO_VOTE","iris_47":"NO_WITH_VETO","iris_48":"NO_VOTE","iris_52":"YES","iris_73":"NO","iris_74":"ABSTAIN","iris_76":"YES","iris_77":"NO","iris_78":"NO","iris_79":"ABSTAIN","iris_84":"NO_VOTE","iris_89":"YES","iris_7":"NO_VOTE","cluster_label":4},{"voter":"Stakewollecom  100 insurance","iris_24":"NO_WITH_VETO","iris_25":"NO_WITH_VETO","iris_26":"NO_WITH_VETO","iris_28":"NO_WITH_VETO","iris_41":"NO_WITH_VETO","iris_47":"NO_WITH_VETO","iris_48":"NO","iris_52":"NO","iris_73":"YES","iris_74":"YES","iris_76":"YES","iris_77":"NO_WITH_VETO","iris_78":"ABSTAIN","iris_79":"YES","iris_84":"NO_WITH_VETO","iris_89":"YES","iris_7":"NO_VOTE","cluster_label":4},{"voter":"BlueBlock","iris_24":"NO_WITH_VETO","iris_25":"NO_WITH_VETO","iris_26":"NO","iris_28":"NO_VOTE","iris_41":"NO_VOTE","iris_47":"NO_VOTE","iris_48":"NO_VOTE","iris_52":"NO_VOTE","iris_73":"NO_VOTE","iris_74":"NO_VOTE","iris_76":"NO_VOTE","iris_77":"NO_VOTE","iris_78":"NO_VOTE","iris_79":"NO_VOTE","iris_84":"NO_VOTE","iris_89":"YES","iris_7":"NO_VOTE","cluster_label":4},{"voter":"Sven","iris_24":"NO_VOTE","iris_25":"NO_VOTE","iris_26":"NO_VOTE","iris_28":"NO_VOTE","iris_41":"NO_VOTE","iris_47":"NO_WITH_VETO","iris_48":"ABSTAIN","iris_52":"NO","iris_73":"YES","iris_74":"YES","iris_76":"NO_VOTE","iris_77":"NO_VOTE","iris_78":"NO_VOTE","iris_79":"NO_VOTE","iris_84":"NO_VOTE","iris_89":"NO_VOTE","iris_7":"NO_VOTE","cluster_label":4},{"voter":"TienMaHoa","iris_24":"NO_VOTE","iris_25":"NO_VOTE","iris_26":"NO_VOTE","iris_28":"NO_VOTE","iris_41":"NO_VOTE","iris_47":"NO_VOTE","iris_48":"NO_VOTE","iris_52":"ABSTAIN","iris_73":"NO","iris_74":"NO","iris_76":"YES","iris_77":"ABSTAIN","iris_78":"NO","iris_79":"ABSTAIN","iris_84":"NO_VOTE","iris_89":"ABSTAIN","iris_7":"NO_VOTE","cluster_label":4},{"voter":"bajiute","iris_24":"NO_VOTE","iris_25":"NO_VOTE","iris_26":"NO_WITH_VETO","iris_28":"NO_VOTE","iris_41":"NO_VOTE","iris_47":"NO_VOTE","iris_48":"NO_VOTE","iris_52":"YES","iris_73":"ABSTAIN","iris_74":"NO","iris_76":"YES","iris_77":"YES","iris_78":"NO","iris_79":"ABSTAIN","iris_84":"NO_VOTE","iris_89":"YES","iris_7":"NO_VOTE","cluster_label":4},{"voter":"INKER","iris_24":"NO_VOTE","iris_25":"NO_VOTE","iris_26":"NO","iris_28":"NO_VOTE","iris_41":"NO_VOTE","iris_47":"NO_VOTE","iris_48":"NO_VOTE","iris_52":"NO_VOTE","iris_73":"NO_VOTE","iris_74":"NO_VOTE","iris_76":"NO_VOTE","iris_77":"NO_VOTE","iris_78":"NO_VOTE","iris_79":"NO_VOTE","iris_84":"NO_VOTE","iris_89":"NO_VOTE","iris_7":"NO_VOTE","cluster_label":4},{"voter":"Tower","iris_24":"NO_VOTE","iris_25":"NO_VOTE","iris_26":"ABSTAIN","iris_28":"NO_VOTE","iris_41":"NO","iris_47":"NO","iris_48":"NO","iris_52":"NO","iris_73":"NO","iris_74":"NO","iris_76":"ABSTAIN","iris_77":"NO","iris_78":"ABSTAIN","iris_79":"ABSTAIN","iris_84":"NO_VOTE","iris_89":"ABSTAIN","iris_7":"NO_VOTE","cluster_label":4},{"voter":"Blockval  0 fees  Restake","iris_24":"NO_VOTE","iris_25":"NO_VOTE","iris_26":"NO_VOTE","iris_28":"NO_VOTE","iris_41":"NO_VOTE","iris_47":"NO_WITH_VETO","iris_48":"ABSTAIN","iris_52":"ABSTAIN","iris_73":"YES","iris_74":"YES","iris_76":"YES","iris_77":"ABSTAIN","iris_78":"NO_VOTE","iris_79":"NO_VOTE","iris_84":"NO_VOTE","iris_89":null,"iris_7":"NO_VOTE","cluster_label":4},{"voter":"Unicorn","iris_24":"NO_VOTE","iris_25":"NO_VOTE","iris_26":"NO_VOTE","iris_28":"NO_WITH_VETO","iris_41":"NO_VOTE","iris_47":"NO_VOTE","iris_48":"NO_VOTE","iris_52":null,"iris_73":"NO","iris_74":"NO_VOTE","iris_76":"NO_VOTE","iris_77":"NO_VOTE","iris_78":"NO_VOTE","iris_79":"NO_VOTE","iris_84":"NO_VOTE","iris_89":null,"iris_7":"NO_VOTE","cluster_label":4},{"voter":"NEOPLY","iris_24":"NO_VOTE","iris_25":"NO_VOTE","iris_26":"NO_VOTE","iris_28":"NO_VOTE","iris_41":"NO_VOTE","iris_47":"NO_VOTE","iris_48":"NO_VOTE","iris_52":"NO","iris_73":"NO","iris_74":"ABSTAIN","iris_76":"NO_VOTE","iris_77":"YES","iris_78":"NO_VOTE","iris_79":"NO_VOTE","iris_84":"NO_VOTE","iris_89":"ABSTAIN","iris_7":"NO_VOTE","cluster_label":4},{"voter":"ZRL","iris_24":"NO_VOTE","iris_25":"NO_VOTE","iris_26":"NO_VOTE","iris_28":"NO_VOTE","iris_41":"NO_VOTE","iris_47":"NO_WITH_VETO","iris_48":"ABSTAIN","iris_52":"NO","iris_73":"ABSTAIN","iris_74":"ABSTAIN","iris_76":"YES","iris_77":"NO_WITH_VETO","iris_78":"NO","iris_79":"NO_VOTE","iris_84":"NO_WITH_VETO","iris_89":"ABSTAIN","iris_7":"NO_VOTE","cluster_label":4},{"voter":"BlueNode","iris_24":"NO_VOTE","iris_25":"NO_VOTE","iris_26":"NO_VOTE","iris_28":"NO_VOTE","iris_41":"NO_VOTE","iris_47":"NO_VOTE","iris_48":"NO_VOTE","iris_52":"ABSTAIN","iris_73":null,"iris_74":null,"iris_76":null,"iris_77":"NO_VOTE","iris_78":"NO_VOTE","iris_79":null,"iris_84":"NO_VOTE","iris_89":"NO","iris_7":"NO_VOTE","cluster_label":4},{"voter":"Monterey","iris_24":"NO_VOTE","iris_25":"NO_VOTE","iris_26":"NO_VOTE","iris_28":"NO_VOTE","iris_41":"NO_VOTE","iris_47":"NO_WITH_VETO","iris_48":"ABSTAIN","iris_52":"NO","iris_73":"YES","iris_74":"YES","iris_76":null,"iris_77":null,"iris_78":null,"iris_79":null,"iris_84":"NO_VOTE","iris_89":"ABSTAIN","iris_7":"NO_VOTE","cluster_label":4},{"voter":"Koinsortium","iris_24":"YES","iris_25":"YES","iris_26":"NO","iris_28":"NO_VOTE","iris_41":"NO_VOTE","iris_47":"NO","iris_48":"YES","iris_52":"YES","iris_73":null,"iris_74":null,"iris_76":"YES","iris_77":null,"iris_78":null,"iris_79":null,"iris_84":"NO_VOTE","iris_89":"YES","iris_7":"NO_VOTE","cluster_label":4},{"voter":"Light","iris_24":"NO_VOTE","iris_25":"NO_VOTE","iris_26":"ABSTAIN","iris_28":"NO_VOTE","iris_41":"NO_VOTE","iris_47":"NO_VOTE","iris_48":"NO","iris_52":"NO","iris_73":"NO","iris_74":"NO","iris_76":"NO","iris_77":"YES","iris_78":"ABSTAIN","iris_79":"YES","iris_84":"NO_VOTE","iris_89":"ABSTAIN","iris_7":"NO_VOTE","cluster_label":4},{"voter":"IRISNETVALIDATOr","iris_24":"NO_VOTE","iris_25":"NO_VOTE","iris_26":"NO_VOTE","iris_28":"NO_VOTE","iris_41":"NO_VOTE","iris_47":"NO_VOTE","iris_48":"NO_VOTE","iris_52":null,"iris_73":null,"iris_74":null,"iris_76":"ABSTAIN","iris_77":null,"iris_78":"NO","iris_79":"YES","iris_84":"NO_VOTE","iris_89":null,"iris_7":"NO_VOTE","cluster_label":4},{"voter":"im","iris_24":"NO_VOTE","iris_25":"NO_VOTE","iris_26":"NO_VOTE","iris_28":"NO_VOTE","iris_41":"NO_VOTE","iris_47":"NO","iris_48":"NO_VOTE","iris_52":"ABSTAIN","iris_73":"NO","iris_74":"ABSTAIN","iris_76":"NO","iris_77":"YES","iris_78":"ABSTAIN","iris_79":"YES","iris_84":"NO_VOTE","iris_89":"ABSTAIN","iris_7":"NO_VOTE","cluster_label":4},{"voter":"PLEASE REDELEGATE  Stakelyio","iris_24":"NO_WITH_VETO","iris_25":"NO_WITH_VETO","iris_26":"NO_WITH_VETO","iris_28":"NO_WITH_VETO","iris_41":null,"iris_47":"NO_WITH_VETO","iris_48":null,"iris_52":"ABSTAIN","iris_73":null,"iris_74":null,"iris_76":null,"iris_77":null,"iris_78":null,"iris_79":null,"iris_84":null,"iris_89":null,"iris_7":null,"cluster_label":4},{"voter":"Made In Block","iris_24":"NO_WITH_VETO","iris_25":"NO_WITH_VETO","iris_26":"NO","iris_28":null,"iris_41":null,"iris_47":null,"iris_48":null,"iris_52":"ABSTAIN","iris_73":"ABSTAIN","iris_74":"NO","iris_76":"ABSTAIN","iris_77":"YES","iris_78":"NO","iris_79":"YES","iris_84":null,"iris_89":"ABSTAIN","iris_7":null,"cluster_label":4},{"voter":"Allnodes  0 fee","iris_24":"NO_WITH_VETO","iris_25":null,"iris_26":"NO_WITH_VETO","iris_28":null,"iris_41":null,"iris_47":"NO_WITH_VETO","iris_48":"NO","iris_52":"NO","iris_73":"YES","iris_74":"YES","iris_76":null,"iris_77":"NO_WITH_VETO","iris_78":"NO","iris_79":"YES","iris_84":"NO","iris_89":"YES","iris_7":null,"cluster_label":6},{"voter":"Crypto Lion ","iris_24":"NO_WITH_VETO","iris_25":"NO_WITH_VETO","iris_26":"NO_WITH_VETO","iris_28":"NO_WITH_VETO","iris_41":"NO_WITH_VETO","iris_47":"NO_WITH_VETO","iris_48":"YES","iris_52":"ABSTAIN","iris_73":"NO","iris_74":"YES","iris_76":"ABSTAIN","iris_77":"NO_WITH_VETO","iris_78":null,"iris_79":"YES","iris_84":"ABSTAIN","iris_89":"YES","iris_7":null,"cluster_label":4},{"voter":"ETS20","iris_24":"NO_VOTE","iris_25":"NO_VOTE","iris_26":"NO_VOTE","iris_28":"NO_VOTE","iris_41":"NO_VOTE","iris_47":"NO_VOTE","iris_48":null,"iris_52":"ABSTAIN","iris_73":null,"iris_74":null,"iris_76":null,"iris_77":null,"iris_78":null,"iris_79":null,"iris_84":"NO_VOTE","iris_89":"ABSTAIN","iris_7":null,"cluster_label":4},{"voter":"itokenpool","iris_24":"NO_VOTE","iris_25":"NO_VOTE","iris_26":"NO_VOTE","iris_28":"NO_VOTE","iris_41":"NO_VOTE","iris_47":"NO","iris_48":"NO","iris_52":"YES","iris_73":null,"iris_74":null,"iris_76":null,"iris_77":null,"iris_78":null,"iris_79":null,"iris_84":"NO_VOTE","iris_89":"YES","iris_7":null,"cluster_label":4},{"voter":"flyfly","iris_24":"NO_VOTE","iris_25":null,"iris_26":null,"iris_28":null,"iris_41":"NO_VOTE","iris_47":"NO_WITH_VETO","iris_48":"NO","iris_52":"NO","iris_73":"YES","iris_74":"YES","iris_76":null,"iris_77":null,"iris_78":null,"iris_79":null,"iris_84":null,"iris_89":"ABSTAIN","iris_7":null,"cluster_label":4},{"voter":"Trivium  TriviumNetwork","iris_24":null,"iris_25":null,"iris_26":"NO_WITH_VETO","iris_28":"NO_WITH_VETO","iris_41":null,"iris_47":"NO_WITH_VETO","iris_48":"ABSTAIN","iris_52":"YES","iris_73":null,"iris_74":"YES","iris_76":null,"iris_77":null,"iris_78":"NO","iris_79":null,"iris_84":"NO_WITH_VETO","iris_89":"YES","iris_7":null,"cluster_label":0},{"voter":"Temperstake","iris_24":null,"iris_25":null,"iris_26":null,"iris_28":null,"iris_41":null,"iris_47":"NO_WITH_VETO","iris_48":"ABSTAIN","iris_52":"ABSTAIN","iris_73":null,"iris_74":null,"iris_76":null,"iris_77":null,"iris_78":null,"iris_79":null,"iris_84":null,"iris_89":null,"iris_7":"NO","cluster_label":4},{"voter":"StakeLab","iris_24":null,"iris_25":null,"iris_26":null,"iris_28":null,"iris_41":null,"iris_47":null,"iris_48":null,"iris_52":null,"iris_73":null,"iris_74":null,"iris_76":null,"iris_77":null,"iris_78":null,"iris_79":null,"iris_84":null,"iris_89":null,"iris_7":"NO","cluster_label":6},{"voter":"InChainWorks","iris_24":null,"iris_25":null,"iris_26":null,"iris_28":null,"iris_41":null,"iris_47":null,"iris_48":null,"iris_52":null,"iris_73":null,"iris_74":null,"iris_76":null,"iris_77":null,"iris_78":null,"iris_79":null,"iris_84":null,"iris_89":null,"iris_7":"YES","cluster_label":2},{"voter":"Anchor Staking","iris_24":null,"iris_25":null,"iris_26":null,"iris_28":null,"iris_41":null,"iris_47":null,"iris_48":null,"iris_52":null,"iris_73":null,"iris_74":null,"iris_76":null,"iris_77":null,"iris_78":null,"iris_79":null,"iris_84":null,"iris_89":null,"iris_7":"YES","cluster_label":6},{"voter":"Coinstaking","iris_24":null,"iris_25":null,"iris_26":null,"iris_28":null,"iris_41":null,"iris_47":null,"iris_48":null,"iris_52":"YES","iris_73":null,"iris_74":"YES","iris_76":null,"iris_77":null,"iris_78":null,"iris_79":null,"iris_84":null,"iris_89":"YES","iris_7":"YES","cluster_label":2},{"voter":"Interstake One prev BTCSecure","iris_24":null,"iris_25":null,"iris_26":null,"iris_28":"NO_WITH_VETO","iris_41":"NO_WITH_VETO","iris_47":null,"iris_48":"ABSTAIN","iris_52":"ABSTAIN","iris_73":"NO","iris_74":"YES","iris_76":"NO_WITH_VETO","iris_77":"NO_WITH_VETO","iris_78":null,"iris_79":"YES","iris_84":"NO","iris_89":"YES","iris_7":"NO","cluster_label":6},{"voter":"DCC Capital","iris_24":null,"iris_25":null,"iris_26":null,"iris_28":null,"iris_41":null,"iris_47":null,"iris_48":null,"iris_52":"YES","iris_73":null,"iris_74":null,"iris_76":null,"iris_77":null,"iris_78":null,"iris_79":null,"iris_84":null,"iris_89":null,"iris_7":"YES","cluster_label":2},{"voter":"Nodeasy","iris_24":null,"iris_25":"NO_WITH_VETO","iris_26":null,"iris_28":null,"iris_41":null,"iris_47":null,"iris_48":null,"iris_52":null,"iris_73":null,"iris_74":null,"iris_76":null,"iris_77":null,"iris_78":null,"iris_79":null,"iris_84":null,"iris_89":null,"iris_7":"YES","cluster_label":6},{"voter":"DUALsystems","iris_24":null,"iris_25":null,"iris_26":null,"iris_28":null,"iris_41":"NO_VOTE","iris_47":null,"iris_48":null,"iris_52":null,"iris_73":null,"iris_74":null,"iris_76":null,"iris_77":null,"iris_78":null,"iris_79":null,"iris_84":null,"iris_89":null,"iris_7":"YES","cluster_label":2},{"voter":"tiantian","iris_24":null,"iris_25":null,"iris_26":null,"iris_28":"NO","iris_41":null,"iris_47":null,"iris_48":null,"iris_52":"YES","iris_73":null,"iris_74":null,"iris_76":null,"iris_77":null,"iris_78":null,"iris_79":null,"iris_84":null,"iris_89":"ABSTAIN","iris_7":"YES","cluster_label":2},{"voter":"Decommissioned unbond or redelegate","iris_24":null,"iris_25":null,"iris_26":null,"iris_28":null,"iris_41":null,"iris_47":null,"iris_48":null,"iris_52":null,"iris_73":null,"iris_74":null,"iris_76":null,"iris_77":null,"iris_78":null,"iris_79":null,"iris_84":null,"iris_89":null,"iris_7":"NO","cluster_label":2},{"voter":"dolphintwo","iris_24":null,"iris_25":null,"iris_26":null,"iris_28":null,"iris_41":null,"iris_47":"NO_WITH_VETO","iris_48":"NO","iris_52":"NO","iris_73":"ABSTAIN","iris_74":"ABSTAIN","iris_76":null,"iris_77":null,"iris_78":"ABSTAIN","iris_79":null,"iris_84":"NO_WITH_VETO","iris_89":"ABSTAIN","iris_7":"YES","cluster_label":4},{"voter":"Crazybee","iris_24":null,"iris_25":null,"iris_26":null,"iris_28":null,"iris_41":null,"iris_47":null,"iris_48":null,"iris_52":null,"iris_73":null,"iris_74":null,"iris_76":null,"iris_77":null,"iris_78":null,"iris_79":null,"iris_84":null,"iris_89":null,"iris_7":"YES","cluster_label":2},{"voter":"BTC","iris_24":null,"iris_25":null,"iris_26":null,"iris_28":"NO","iris_41":null,"iris_47":null,"iris_48":null,"iris_52":"YES","iris_73":"ABSTAIN","iris_74":"ABSTAIN","iris_76":"YES","iris_77":"ABSTAIN","iris_78":"ABSTAIN","iris_79":"ABSTAIN","iris_84":null,"iris_89":"ABSTAIN","iris_7":"YES","cluster_label":4},{"voter":"SKY","iris_24":null,"iris_25":null,"iris_26":null,"iris_28":"ABSTAIN","iris_41":null,"iris_47":"NO_WITH_VETO","iris_48":null,"iris_52":"NO","iris_73":"NO","iris_74":"NO","iris_76":"NO","iris_77":"YES","iris_78":"NO","iris_79":"YES","iris_84":null,"iris_89":"YES","iris_7":"YES","cluster_label":4},{"voter":"MrZhang","iris_24":null,"iris_25":null,"iris_26":null,"iris_28":null,"iris_41":null,"iris_47":null,"iris_48":null,"iris_52":null,"iris_73":null,"iris_74":null,"iris_76":null,"iris_77":null,"iris_78":null,"iris_79":null,"iris_84":null,"iris_89":null,"iris_7":"YES","cluster_label":2},{"voter":"QOSGroup","iris_24":null,"iris_25":null,"iris_26":"NO_WITH_VETO","iris_28":null,"iris_41":null,"iris_47":null,"iris_48":null,"iris_52":"ABSTAIN","iris_73":null,"iris_74":"YES","iris_76":"ABSTAIN","iris_77":null,"iris_78":null,"iris_79":"YES","iris_84":null,"iris_89":"YES","iris_7":"YES","cluster_label":4},{"voter":"PXN","iris_24":null,"iris_25":"NO","iris_26":"NO","iris_28":null,"iris_41":null,"iris_47":null,"iris_48":"YES","iris_52":"YES","iris_73":"ABSTAIN","iris_74":"NO","iris_76":"YES","iris_77":"YES","iris_78":"NO","iris_79":"ABSTAIN","iris_84":null,"iris_89":"ABSTAIN","iris_7":null,"cluster_label":4},{"voter":"FreshIriser","iris_24":null,"iris_25":null,"iris_26":"NO","iris_28":null,"iris_41":null,"iris_47":"NO","iris_48":null,"iris_52":"NO","iris_73":"ABSTAIN","iris_74":"ABSTAIN","iris_76":"YES","iris_77":"ABSTAIN","iris_78":"NO","iris_79":"YES","iris_84":null,"iris_89":"YES","iris_7":null,"cluster_label":4},{"voter":"SuperColle","iris_24":null,"iris_25":null,"iris_26":"NO","iris_28":null,"iris_41":null,"iris_47":null,"iris_48":null,"iris_52":"NO","iris_73":"NO","iris_74":"NO","iris_76":"NO","iris_77":"ABSTAIN","iris_78":"ABSTAIN","iris_79":"YES","iris_84":null,"iris_89":"ABSTAIN","iris_7":null,"cluster_label":4},{"voter":"umbrella","iris_24":null,"iris_25":null,"iris_26":"ABSTAIN","iris_28":null,"iris_41":null,"iris_47":null,"iris_48":null,"iris_52":null,"iris_73":null,"iris_74":null,"iris_76":null,"iris_77":null,"iris_78":null,"iris_79":null,"iris_84":null,"iris_89":null,"iris_7":null,"cluster_label":2},{"voter":"Heimdallr","iris_24":null,"iris_25":null,"iris_26":"NO","iris_28":null,"iris_41":null,"iris_47":null,"iris_48":null,"iris_52":"ABSTAIN","iris_73":"NO","iris_74":"NO","iris_76":"YES","iris_77":"YES","iris_78":"NO","iris_79":"YES","iris_84":null,"iris_89":"YES","iris_7":null,"cluster_label":4},{"voter":"Tanya","iris_24":null,"iris_25":null,"iris_26":"NO","iris_28":null,"iris_41":"NO","iris_47":"NO_WITH_VETO","iris_48":"YES","iris_52":"YES","iris_73":"ABSTAIN","iris_74":"ABSTAIN","iris_76":"YES","iris_77":"YES","iris_78":"NO","iris_79":"ABSTAIN","iris_84":null,"iris_89":"ABSTAIN","iris_7":null,"cluster_label":4},{"voter":"IRIRNO1","iris_24":null,"iris_25":null,"iris_26":"NO","iris_28":null,"iris_41":null,"iris_47":"NO","iris_48":null,"iris_52":"ABSTAIN","iris_73":"ABSTAIN","iris_74":"NO","iris_76":"ABSTAIN","iris_77":"YES","iris_78":"ABSTAIN","iris_79":"ABSTAIN","iris_84":null,"iris_89":"ABSTAIN","iris_7":null,"cluster_label":4},{"voter":"Stakernode","iris_24":null,"iris_25":null,"iris_26":"YES","iris_28":null,"iris_41":null,"iris_47":null,"iris_48":null,"iris_52":null,"iris_73":null,"iris_74":null,"iris_76":null,"iris_77":null,"iris_78":null,"iris_79":null,"iris_84":null,"iris_89":null,"iris_7":null,"cluster_label":2},{"voter":"blockpool","iris_24":null,"iris_25":null,"iris_26":"NO","iris_28":"NO","iris_41":null,"iris_47":null,"iris_48":null,"iris_52":"YES","iris_73":"NO","iris_74":"NO","iris_76":"ABSTAIN","iris_77":"NO","iris_78":"NO","iris_79":"ABSTAIN","iris_84":null,"iris_89":"ABSTAIN","iris_7":null,"cluster_label":4},{"voter":"Heaven","iris_24":null,"iris_25":null,"iris_26":"NO","iris_28":"NO","iris_41":null,"iris_47":"NO_WITH_VETO","iris_48":null,"iris_52":"NO","iris_73":"ABSTAIN","iris_74":"NO","iris_76":"NO","iris_77":"NO","iris_78":"NO","iris_79":"ABSTAIN","iris_84":null,"iris_89":"YES","iris_7":null,"cluster_label":4},{"voter":"BigWave","iris_24":null,"iris_25":null,"iris_26":null,"iris_28":"NO_WITH_VETO","iris_41":null,"iris_47":"NO","iris_48":null,"iris_52":"ABSTAIN","iris_73":"NO","iris_74":"ABSTAIN","iris_76":"YES","iris_77":"ABSTAIN","iris_78":"ABSTAIN","iris_79":"YES","iris_84":null,"iris_89":"YES","iris_7":null,"cluster_label":4},{"voter":"Ant","iris_24":null,"iris_25":null,"iris_26":null,"iris_28":"NO","iris_41":null,"iris_47":null,"iris_48":null,"iris_52":"YES","iris_73":"ABSTAIN","iris_74":"NO","iris_76":"NO","iris_77":"YES","iris_78":"NO","iris_79":"ABSTAIN","iris_84":null,"iris_89":"YES","iris_7":null,"cluster_label":4},{"voter":"AIG","iris_24":null,"iris_25":null,"iris_26":null,"iris_28":"NO","iris_41":null,"iris_47":null,"iris_48":null,"iris_52":"ABSTAIN","iris_73":"ABSTAIN","iris_74":"ABSTAIN","iris_76":"NO","iris_77":"YES","iris_78":"NO","iris_79":"YES","iris_84":null,"iris_89":"YES","iris_7":null,"cluster_label":4},{"voter":"BRUCE","iris_24":null,"iris_25":null,"iris_26":null,"iris_28":null,"iris_41":null,"iris_47":"NO","iris_48":null,"iris_52":"ABSTAIN","iris_73":null,"iris_74":null,"iris_76":null,"iris_77":null,"iris_78":null,"iris_79":null,"iris_84":null,"iris_89":"YES","iris_7":null,"cluster_label":4},{"voter":"Meganode","iris_24":null,"iris_25":null,"iris_26":null,"iris_28":null,"iris_41":null,"iris_47":null,"iris_48":"NO","iris_52":"ABSTAIN","iris_73":null,"iris_74":"YES","iris_76":null,"iris_77":null,"iris_78":null,"iris_79":null,"iris_84":null,"iris_89":null,"iris_7":null,"cluster_label":4},{"voter":"Masternode24de","iris_24":null,"iris_25":null,"iris_26":null,"iris_28":null,"iris_41":null,"iris_47":null,"iris_48":"NO","iris_52":"NO","iris_73":null,"iris_74":"YES","iris_76":"YES","iris_77":null,"iris_78":null,"iris_79":null,"iris_84":null,"iris_89":"YES","iris_7":null,"cluster_label":5},{"voter":"KonsorTech","iris_24":null,"iris_25":null,"iris_26":null,"iris_28":null,"iris_41":null,"iris_47":null,"iris_48":"YES","iris_52":"YES","iris_73":"NO","iris_74":"YES","iris_76":"YES","iris_77":"NO_WITH_VETO","iris_78":"ABSTAIN","iris_79":"YES","iris_84":"NO_WITH_VETO","iris_89":"YES","iris_7":null,"cluster_label":4},{"voter":"Anna","iris_24":null,"iris_25":null,"iris_26":null,"iris_28":null,"iris_41":null,"iris_47":null,"iris_48":null,"iris_52":"NO","iris_73":"NO","iris_74":"ABSTAIN","iris_76":"ABSTAIN","iris_77":"ABSTAIN","iris_78":"ABSTAIN","iris_79":"ABSTAIN","iris_84":null,"iris_89":"ABSTAIN","iris_7":null,"cluster_label":4},{"voter":"VITALITY","iris_24":null,"iris_25":null,"iris_26":null,"iris_28":null,"iris_41":null,"iris_47":null,"iris_48":null,"iris_52":"YES","iris_73":"ABSTAIN","iris_74":"ABSTAIN","iris_76":"NO","iris_77":"ABSTAIN","iris_78":"ABSTAIN","iris_79":"YES","iris_84":null,"iris_89":"ABSTAIN","iris_7":null,"cluster_label":4},{"voter":"HongkongNode","iris_24":null,"iris_25":null,"iris_26":null,"iris_28":null,"iris_41":null,"iris_47":null,"iris_48":null,"iris_52":"ABSTAIN","iris_73":"NO","iris_74":"NO","iris_76":"YES","iris_77":"NO","iris_78":"NO","iris_79":"YES","iris_84":null,"iris_89":"YES","iris_7":null,"cluster_label":4},{"voter":"Cestbon","iris_24":null,"iris_25":null,"iris_26":null,"iris_28":null,"iris_41":null,"iris_47":null,"iris_48":null,"iris_52":"YES","iris_73":"ABSTAIN","iris_74":"ABSTAIN","iris_76":"YES","iris_77":"NO","iris_78":"ABSTAIN","iris_79":"YES","iris_84":null,"iris_89":"ABSTAIN","iris_7":null,"cluster_label":4},{"voter":"Boy","iris_24":null,"iris_25":null,"iris_26":null,"iris_28":null,"iris_41":null,"iris_47":null,"iris_48":null,"iris_52":"ABSTAIN","iris_73":null,"iris_74":null,"iris_76":null,"iris_77":null,"iris_78":null,"iris_79":null,"iris_84":null,"iris_89":"YES","iris_7":null,"cluster_label":4},{"voter":"Any Labs","iris_24":null,"iris_25":null,"iris_26":null,"iris_28":null,"iris_41":null,"iris_47":null,"iris_48":null,"iris_52":"NO","iris_73":"ABSTAIN","iris_74":"NO","iris_76":"ABSTAIN","iris_77":"NO","iris_78":"NO","iris_79":"YES","iris_84":null,"iris_89":"ABSTAIN","iris_7":null,"cluster_label":4},{"voter":"Lavenderfive Staking","iris_24":null,"iris_25":null,"iris_26":null,"iris_28":null,"iris_41":null,"iris_47":null,"iris_48":null,"iris_52":"YES","iris_73":"ABSTAIN","iris_74":"NO","iris_76":"YES","iris_77":"NO","iris_78":"ABSTAIN","iris_79":"YES","iris_84":null,"iris_89":"YES","iris_7":null,"cluster_label":4},{"voter":"Leo","iris_24":null,"iris_25":null,"iris_26":null,"iris_28":null,"iris_41":null,"iris_47":null,"iris_48":null,"iris_52":"YES","iris_73":"ABSTAIN","iris_74":"NO","iris_76":"YES","iris_77":"YES","iris_78":"NO","iris_79":"ABSTAIN","iris_84":null,"iris_89":"YES","iris_7":null,"cluster_label":4},{"voter":"Terrarium ","iris_24":null,"iris_25":null,"iris_26":null,"iris_28":null,"iris_41":null,"iris_47":null,"iris_48":null,"iris_52":null,"iris_73":null,"iris_74":null,"iris_76":"YES","iris_77":"NO_WITH_VETO","iris_78":"NO","iris_79":"YES","iris_84":null,"iris_89":"YES","iris_7":null,"cluster_label":4},{"voter":"KJINCio","iris_24":null,"iris_25":null,"iris_26":null,"iris_28":null,"iris_41":null,"iris_47":null,"iris_48":null,"iris_52":null,"iris_73":null,"iris_74":null,"iris_76":null,"iris_77":null,"iris_78":null,"iris_79":null,"iris_84":null,"iris_89":"YES","iris_7":null,"cluster_label":2}]